序号,单词,注音,释义
1,a ,"ei,ə", art.一(个) 每一(个)
2,abandon ,ə'bændən, vt. 丢弃 放弃 抛弃 n. 放纵
3,ability ,ə'biliti, n. 能力 能耐 本领
4,able ,'eibl, adj. 能干的 有能力的 出色的
5,abnormal ,æb'nɔ:məl, adj. 反常的 不正常的 不规则的 变态的 n. 不正常的人
6,aboard ,ə'bɔ:d, adv. 在船(车)上 在火车上 在飞机上 prep. 上船 上飞机 上车
7,about ,'əbaut, prep. 关于 在...周围 adj. 准备 adv. 大约
8,above ,ə'bʌv, prep. 在...上面 超过 高于 adj. 上面的 adv. 在上面 超过 n. 上面的东西
9,abroad ,ə'brɔ:d, adv. (在)国外 海外(一般作表语) 到处 到国外 广为流传
10,absence ,'æbsəns, n. 缺席 不在场 缺乏
11,absent ,'æbsənt, adj. 缺席的 不在场的 缺乏的 vt. 使缺席 prep. 没有
12,absolute ,'æbsəlu:t, adj. 绝对的 纯粹的 完全的 无限制的 独立的 专制的 n. 绝对的事物
13,absolutely ,'æbsəlu:tli, adv. 独立地 完全地 绝对地
14,absorb ,əb'sɔ:b, vt. 吸收 吸纳 吸引...的注意 吞并 使专心
15,abstract ,'æbstrækt, adj. 抽象的 理论的 n. 摘要 抽象的东西 vt. 移除 摘要 偷 vi. 做摘要
16,abundant ,ə'bʌndənt, adj.丰富的 充裕的 大量的
17,abuse ,ə'bju:z, vt. 滥用 辱骂 虐待 n. 滥用 恶习
18,academic ,.ækə'demik, adj. 学院的 理论的 学术性的 n. 教学人员 学术人员
19,academy ,ə'kædəmi, n. 私立中学 专科院校 学院 学术 学会
20,accelerate ,æk'seləreit, vt. (使)加快 促进 加速 提前 跳级 vi. 加速
21,acceleration ,æk.selə'reiʃən, n. 加速 促进 加速度
22,accent ,'æksənt, n. 口音 腔调 重音 强调 vt. 重读 强调
23,accept ,ək'sept, vt. 接受 同意 承担(责任等) vi. 接受
24,acceptable ,ək'septəbl, adj. 可接受的 合意的 受欢迎的
25,acceptance ,ək'septəns, n. 接受（礼物、邀请、建议等） 同意 认可 验收 承认
26,access ,'ækses, n. 进入 接近(的机会) 使用之权 通道 入口 vt. (电脑)存取 进入
27,accessory ,æk'sesəri, n. 同谋 从犯 附件 adj. 附属的(副的、辅助的)
28,accident ,'æksidənt, n. 意外的 事故
29,accidental ,.æksi'dentl, a. 意外的 偶然的 附属的 非本质的 n. 偶然 不重要的东西 <音>变调的临时符号
30,accommodate ,ə'kɔmədeit, vt. 容纳 供应 供给 提供方便 使一致 和解 顾及 vi. 使自己适应
31,accommodation ,ə.kɔmə'deiʃən, n. 招待设备 预定铺位 住处 膳宿 适应 和解
32,accompany ,ə'kʌmpəni, vt. 陪伴 陪同 伴随 给...伴奏 vi. 伴奏
33,accomplish ,ə'kɔmpliʃ, vt. 达到(目的) 完成
34,accord ,ə'kɔ:d, vt. 使一致 调解 赠予 给予 n. 一致 调和 协议 自愿 vi. (与)一致
35,accordance ,ə'kɔ:dəns, n. 一致 和谐 授予 符合 同意
36,accordingly ,ə'kɔ:diŋli, adv. 因此 所以 于是 相应地 照着
37,account ,ə'kaunt, n. 记述 解释 根据 理由 帐目 报告 估计 利益 好处 vi. 报账 解释 导致 vt. 把...视为 归咎(于)
38,accumulate ,ə'kju:mjuleit, vt. 积累 累加 堆积 vi. 堆积 累积
39,accuracy ,'ækjurəsi, n. 准确(性) 准确度
40,accurate ,'ækjurit, adj. 准确的 正确无误的
41,accuse ,ə'kju:z, vt. 指责 责备 控告 归咎于
42,accustom ,ə'kʌstəm, vt. 使...习惯
43,accustomed ,ə'kʌstəmd, adj. 惯常的 习惯的
44,ache ,eik, vi. 痛 想念 渴望 n. 疼痛
45,achieve ,ə'tʃi:v, vt. 完成 实现 达到 vi. 达到目的
46,achievement ,ə'tʃi:vmənt, n. 完成 成就 成绩 达到
47,acid ,'æsid, n. 酸 酸味物质 adj .酸的 酸性的
48,acquaintance ,ə'kweintəns, n. 认识 了解 熟人
49,acquire ,ə'kwaiə, vt. 占有 取得 获得 学到
50,acre ,'eikə, n. 英亩(=6.07亩)
51,across ,ə'krɔs, prep. 横过 穿过 在...对面 adv. 横过 使...被理解(或接受)
52,act ,ækt, vi. 行动 表演 表现 充当 见效 vt. 表演 扮演 n. 行为 行动 法案 （戏剧、歌剧等的）一幕
53,action ,'ækʃən, n. 起诉 行动 作用 功能 情节 活动
54,active ,'æktiv, adj. 活跃的 积极的 主动的
55,activity ,æk'tiviti, n. 活动 活跃 活力 行动 vt. 表演 adj. 厉害
56,actor ,'æktə, n. 男演员 演剧的人
57,actress ,'æktris, n. 女演员
58,actual ,'æktjuəl, adj. 实际的 真实的 现行的
59,actually ,'æktʃuəli, adv. 实际上 事实上 居然 竟然（表示惊讶）
60,acute ,ə'kju:t, adj. 尖的 锐的 敏锐的 敏锐的 激烈的
61,ad ,æd, n. (缩)广告 abbr. ( advertisement [əd'və:tismənt] 的缩写 ) 广告
62,adapt ,ə'dæpt, vt. 使适应 改编 vi. 适应 适合
63,add ,æd, vt. 添加 附加 掺加 增加
64,addition ,ə'diʃən, n. 加 加法 附加物 增加
65,additional ,ə'diʃənl, adj. 附加的 追加的 另外的
66,address ,ə'dres, n. 地址 住址 致词 讲话 演说 谈吐 (处理问题的)技巧 vt. 发表演说 写地址 称呼 对付 ( 图书、文章等)讨论(某主题)
67,adequate ,'ædikwit, adj. 足够的 充足的 适当的 可以胜任的
68,adjective ,'ædʒiktiv, n.形容词 adj. 形容词的 不独立的
69,adjust ,ə'dʒʌst, vt. 调整 调节 校正 使...适于 vi. 适应
70,administration ,ədminis'treiʃən, n. 管理 行政 管理部门
71,admire ,əd'maiə, vt. 钦佩 羡慕 赞赏
72,admission ,əd'miʃən, n. 允许进入 承认 许可 入会费
73,admit ,əd'mit, vt. 承认 准许...进入 vi. 允许进入 允许 承认
74,adopt ,ə'dɔpt, vt. 收养 采用 采取 接受
75,adult ,"ə'dʌlt, 'ædʌlt", n. 成年人adj.成年的 成人的 成熟的
76,advance ,əd'vɑ:ns, n. 前进 进展 进步 预支 vt. 前进 增涨 预先 vi.前进 提高 提升 adj. 预先的 提前的
77,advanced ,əd'vɑ:nst, adj. 先进的 高级的
78,advantage ,əd'vɑ:ntidʒ, n. 优点 优势 有利条件 好处 vt. 有利于
79,adventure ,əd'ventʃə, n. 冒险 奇遇 惊险活动 vt. 冒险 尝试 vi. 大胆进行 冒险
80,adverb ,'ædvə:b, n. 副词 adj. 副词的
81,advertisement ,əd'və:tismənt, n. 广告 公告 登广告
82,advice ,əd'vais, n. 劝告 忠告 意见 建议
83,advisable ,əd'vaizəbl, n. 明智的 可取的
84,advise ,əd'vaiz, vt . 劝告 建议 通知 警告 vi. 劝告 与...商量
85,aeroplane ,.eərə.plein, n. 飞机
86,aero ,'ɛərəu, adj. 飞机的 航空的 飞行的
87,affair ,ə'fɛə, n. 事情 事件 事务 绯闻
88,affect ,ə'fekt, vt. 影响 感动 作用
89,affection ,ə'fekʃən, n.慈爱 爱 爱慕 影响 喜爱 感情
90,afford ,ə'fɔ:d, vt. 担负得起(后果 损失等) 提供 给予
91,afraid ,ə'freid, adj. 害怕的 担心的
92,Africa ,'æfrikə, n. 非洲
93,African ,'æfrikən, adj. 非洲的 非洲人的 n.非洲人
94,after ,'ɑ:ftə, adj .以后的 adv. 以后 后来 conj. 在...以后 prep. 在...以后 次于
95,afternoon ,'ɑ:ftə'nu:n, n. 下午 午后 int. 下午好
96,afterward ,'ɑ:ftəwəd, adv. 后来 以后
97,again ,ə'gein, adv. 又一次 而且 又 再 另一方面
98,against ,"ə'genst, ə'geinst", prep. 倚在 倚靠 逆 对着 反对 违背 防御 相比 相对
99,age ,eidʒ, n. 年龄 时代 时期 很长时间 vt. (使)变老 vi.变老 (使）变成熟
100,agency ,'eidʒənsi, n. 经办 代理 代理处 政府机构
101,agent ,'eidʒənt, n. 代理人 代理商 特工人员 药剂
102,aggressive ,ə'gresiv, adj. 侵略的 好斗的 攻击性的 有进取心的 强烈的 迅速生长的
103,ago ,ə'gəu, adv. 以前
104,agony ,'ægəni, n. 极度痛苦 挣扎
105,agree ,ə'gri:, vt. 同意 赞成 承认 vi .同意 持相同意见 一致 符合
106,agreement ,ə'gri:mənt, n. 协定 协议 同意 一致
107,agriculture ,'ægrikʌltʃə, n. 农业 农艺 农学
108,ahead ,ə'hed, adv. 在前 向前 提前 将来地 占优势
109,AI ,ai, abbr. 人工智能= ( Artificial Intelligence )
110,aid ,eid, n. 帮助 救护 助手 辅助物 v. 援助 帮助 救护 abbr.=Agency for International Development 国际开发署 [美]
111,aim ,eim, n. 目标 对准 枪法 vt. 瞄准 针对 vi. 瞄准 针对 致力 旨在 打算
112,air ,ɛə, n. 空气 空中 外观 旋律 气氛 态度 v. 晾干 使通风 广播
113,aircraft ,'eəkrɑ:ft, n. 飞机 飞行器
114,airline ,'eəlain, n. 航空公司 航线
115,airplane ,'eəplein, n. 飞机=aeroplane(英）
116,airport ,'eəpɔ:t, n. 机场 航空站
117,alarm ,ə'lɑ:m, n. 惊恐 惊慌 忧虑 警报 警告 报警器 vt .使...惊慌 警告 装报警器
118,alcohol ,'ælkəhɔl, n. 酒精 酒 醇 乙醇
119,alike ,ə'laik, adj. 同样的 相同的 相似的 adv. 一样 以同样的方式
120,alive ,ə'laiv, adj. 活着的 有活力 活跃的
121,all ,ɔ:l, adj. 全部的 所有的 adv. 全部 非常 全然 所有 prep. 全部 pron. 全部 所有 n. 全部
122,allow ,ə'lau, vi. (for)考虑到 使可能 vt. 允许 准许 承认 给予 断定
123,alloy ,'ælɔi, n. 合金 (金属的)成色 vt. 使...成合金 搀以劣质 减低成色 影响或贬损 vi. 有合金能力
124,almost ,'ɔ:lməust, adv. 几乎 差不多 adj. 几乎
125,alone ,ə'ləun, adj. 单独的 仅仅 独自一人 adv. 单独地 只有 独一无二地
126,along ,ə'lɔŋ, adv. 向前 (与某人)一道 prep. 沿着
127,aloud ,ə'laud, adv. 出声地 大声地
128,alphabet ,'ælfəbet, n. 字母表 字母系统 符号系统 基本原理(元素)
129,already ,ɔ:l'redi, adv. 早已 已经
130,also ,'ɔ:lsəu, adv. 亦 也 而且 还 同样地
131,alter ,'ɔ:ltə, vt. 改变 变更 改做
132,alternative ,ɔ:l'tə:nətiv, adj. 两者择一的 供选择的 非主流的 n. 替换物 取舍 抉择
133,although ,ɔ:l'ðəu, conj. 尽管 虽然
134,altitude ,'æltitju:d, n.高 高度 海拔 高处 高地
135,altogether ,.ɔ:ltə'geðə, adv.完全 总共 总而言之
136,aluminium ,.ælju'miniəm, n.铝
137,always ,'ɔ:lweiz, adv.总是 一直 永远
138,a.m ,,n.(缩)上午 午前
139,amaze ,ə'meiz, vt.使惊奇 使惊愕   添加微信brcola获取更多免费资料
140,ambition ,æm'biʃən, n.雄心，抱负，野心，精力 vt.有..野心 追求
141,ambulance ,'æmbjuləns, n.救护车 野战医院
142,America ,ə'merikə, n.美洲 美国
143,American ,ə'merikən, adj.美洲的 美国的 美式的 n.美国人 美式英语
144,among ,ə'mʌŋ, prep.在...之中
145,amongst ,ə'mʌŋst, prep在...之中 在...之间(=among)
146,amount ,ə'maunt, n.总数 数量 总额 和 vi.总计 等于
147,ampere ,'æmpeə, n.安培
148,amplify ,'æmpli.fai, vt.放大 增强 扩大 详述 使...增幅
149,amuse ,ə'mju:z, vt.逗乐 给...娱乐 消遣
150,analyse ,'ænəlaiz, vt.分析 分解 解析 检讨 细察
151,analysis ,ə'næləsis, n.分析 分解 解析
152,ancestor ,'ænsəstə, n.祖宗 祖先 原种
153,anchor ,'æŋkə, n.铁锚 vi.抛锚 停泊 用锚系住 担任（广播 电视新闻节目）的主持人
154,ancient ,'einʃənt, adj.古代的 古老的 n.古人 古货币
155,and ,"ənd, ænd", conj.和 又 并 则 逻辑与
156,angel ,'eindʒəl, n.天使 天使般的人 神差 (名)安琪儿
157,anger ,'æŋgə, n.怒 愤怒 vt.使发怒 激怒
158,angle ,'æŋgl, n.角 角度 角落 vt.斜移 转变角度 vi.钓鱼 谋取 转变角度 
159,Angle ,'æŋgl, n.盎格鲁人
160,angry ,'æŋgri, adj.愤怒的 生气的 伤口红肿的
161,animal ,'æniməl, n.动物 兽 兽性 与众不同的人 adj.动物的 野兽的 动物性的
162,ankle ,'æŋkəl, n.踝 踝关节
163,announce ,ə'nauns, vi.当电台的播音员 宣称 vt.宣布 宣告 发表 通知
164,announcer ,ə'naunsə, n.宣告者 播音员 广播员 告知者
165,annoy ,ə'nɔi, vt.使恼怒 使生气 打搅 骚扰 使...苦恼
166,annual ,'ænjuəl, adj.每年的 年度的 一年生的 n.年报 年刊 年鉴 一年生植物
167,another ,ə'nʌðə, adj.再一个的 别的 另一的 不同的 pron.另一个
168,answer ,'ɑ:ŋsɚ, n.答案 回答 反驳 回应 vi.回答 符合 vt.回答 响应 适应
169,ant ,ænt, n.蚂蚁
170,anticipate ,æn'tisipeit, vt.预料 预期 期望 抢...前 语言 提前使用 vi.预期
171,anxiety ,æŋ'zaiəti, n.焦虑 忧虑 渴望 担心
172,anxious ,'æŋkʃəs, adj.焦急的 忧虑的 渴望的
173,any ,'eni, adj.什么 一些 任何的adv.稍 一丁点 pron.任何
174,anybody ,"'eni.bɔdi, 'enibədi", n.重要人物 pron.任何人
175,anyhow ,'eni:.hau, adv.无论如何 不管怎样
176,anyone ,'eniwʌn, pron.任何人
177,anything ,'eni.θiŋ, pron.任何事物 一切
178,anyway ,'eniwei, adv.无论如何 不管怎样
179,anywhere ,'eniweə, adv.在什么地方 任何地方 n.任何(一个)地方
180,apart ,ə'pɑ:t, adv.相隔 分开 除去 分别地 有区别地 adj.分开的 分离的
181,apartment ,ə'pɑ:tmənt, n.一套公寓房间
182,apologize ,ə'pɔlədʒaiz, vi.道歉 谢罪 认错
183,apology ,ə'pɔlədʒi, n.道歉 认错 谢罪 勉强的替代物
184,apparatus ,.æpə'reitəs, n.装置 器具 器械 仪器 器官 机构 组织
185,apparent ,ə'pærənt, adj.表面上的 明显的
186,appeal ,ə'pi:l, n.呼吁 申述 恳求 上诉 吸引力 诉诸裁决 vi.求助 诉请 呼吁 申述 吸引
187,appear ,ə'piə, vi.出现 来到 抵达 似乎 显得 出版
188,appearance ,ə'piərəns, n.出现 出场 来到 外观
189,appetite ,'æpitait, n.食欲 胃口 欲望 嗜好
190,apple ,'æpəl, n.苹果 苹果树
191,appliance ,ə'plaiəns, n.用具 器具 器械 装置 应用
192,applicable ,'æplikəbəl, adj.能应用的 适当的 合适的
193,application ,.æpli'keiʃən, n.应用 请求 申请 专心 施用 应用软件程序
194,apply ,ə'plai, vt.应用 实施 使用 涂 使专心从事 vi.申请 有关联
195,appoint ,ə'pɔint, vt.任命 委任 约定 指定 预约 装饰 vi.行使任命权
196,appointment ,ə'pɔintmənt, n.任命 约定 约会 预约 委派 官职 设备
197,appreciate ,ə'pri:ʃieit, vt.欣赏 感激 赏识 领会 充分意识 感谢 vi.增值
198,approach ,ə'prəutʃ, n.接近 途径 方法 vt.向...靠近 靠近 接近 动手处理
199,appropriate ,ə'prəupri:ət, adj.适当的 恰当的 相称的 vt.拨出(款项) 占用
200,approval ,ə'pru:vəl, n.赞成 同意 批准 认可
201,approve ,ə'pru:v, vt.赞成 称许 批准 核准 证实 vi.赞同
202,approximate ,ə'prɔksimət, adj.近似的 大约的 vt.近似 接近 约等于
203,approximately ,ə'prɔksimətli, adv.近似地 大约
204,April ,'eiprəl, n.四月
205,Arabian ,ə'reibiən, adj.阿拉伯(人)的 n.阿拉伯人
206,arbitrary ,'ɑ:bi.trəri, adj.随心所欲的 专断的 任意的 专制的 武断的 霸道的
207,architecture ,'ɑ:kitektʃə, n.建筑学 建筑式样 建筑业 建筑物 结构 [总称] 建筑物 建筑风格
208,area ,'eəriə, n.面积 地区 区域 领域 方面
209,argue ,'ɑ:gju:, vt.争论 辩论 争吵 劝说 表明 vi.提出理由 争论 争辩 辩论
210,argument ,'ɑ:gjumənt, n.争论 辩论 理由 论点(据)
211,arise ,ə'raiz, vi.出现 由...引起 上升
212,arithmetic ,ə'riθmətik, n.算术 四则运算
213,arm ,ɑ:m, n.手臂 臂状物 武器 港湾 狭长地带 扶手 袖子 vt.装备 准备(炸弹) vi.武装自己
214,army ,'ɑ:mi, n.军队 陆军 大群
215,around ,ə'raund, adj.大约 在现存范围内 adv.大约 到处 在周围 prep.在...周围 在...附近 到处
216,arouse ,ə=rauz, vt.引起 唤起 唤醒 激发 激起 vi.唤醒
217,arrange ,ə'reindʒ, vt.筹备 整理 调解 安排 计划 改编(乐曲) vi.协商 计划
218,arrangement ,ə'reindʒmənt, n.整理 排列 安排 商议
219,arrest ,ə'rest, n.逮捕 监禁 vt.逮捕 拘留 阻止 妨碍 吸引
220,arrival ,ə'raivəl, n.到达 到来 到达者
221,arrive ,ə'raiv, vi.到达 来临 达到 成功
222,arrow ,'ærəu, n.箭 箭头 箭状物 vi.快且笔直的前进有如穿梭的箭
223,art ,ɑ:t, adj.美术(品)的 艺术(品)的 n.艺术 美术 技术 阴谋
224,article ,'ɑ:tikəl, n.文章 条款 物品 冠词 vt.定契约
225,artificial ,.ɑ:ti'fiʃəl, adj.人工的 人造的 虚伪的 武断的 娇揉造作的
226,artist ,'ɑ:tist, n.艺术家 美术家 艺人
227,artistic ,ɑ:'tistik, adj.艺术的 艺术家的
228,as ,æs, adv.同样地 像 prep.当做 conj.当...的时候 像...一样 因为
229,ash ,æʃ, n.灰 灰烬 灰末 骨灰
230,ashamed ,ə'ʃeimd, adj.惭愧(的) 羞耻(的) 感到惭愧 感到害臊 因为羞耻或勉强作某事
231,Asia ,'eiʃə, n.亚洲
232,Asian ,'eiʃən, adj.亚洲的 n.亚洲人
233,aside ,ə'said, n.旁白 顺便说的话 adv.在旁边 到旁边 在一边 另外 离开
234,ask ,ɑ:sk, vt.问 询问 要求 邀请 请求 开价 vi.询问 恳求
235,asleep ,ə'sli:p, adj.睡着的 睡熟的 已死的 不活跃的 麻木的 adv.处于或进入睡眠状态地 陷入麻木不仁状态地
236,aspect ,'æspekt, n.方面 样子 外表 外貌 外观 方位 方向
237,assemble ,ə'sembəl, vt.集合 召集 装配 vi.集合 聚集
238,assembly ,ə'sembli, n.集合 集会 装配
239,assess ,ə'ses, vt.对(财产等)估价 估定 评定
240,assign ,ə'sain, vt.指派 分配 指定 转让 n.受让人
241,assignment ,ə'sainmənt, n.分配 功课 任务 被指定的(课外)作业 委派
242,assist ,ə'sist, vt.援助 帮助 协助的器械 搀扶 vt.帮助 协助 vi.帮助 协助 出席
243,assistant ,ə'sistənt, n.助手 助理 助教 adj.副的
244,associate ,ə'səuʃieit, vt. 联合 联想 vi.交往 加入 陪同 n.伙伴 同事 合伙人 准学士学位获得者 adj.副的 有联系的 共事的
245,association ,ə.səusi'eiʃən, n.协会 团体 社团 联合 结合 交往 联想
246,assume ,ə'sju:m, vt.假定 设想 承担 呈现 (想当然的)认为
247,assure ,ə'ʃuə, vt.使确信 向...保证 保险 保证 确信 担保
248,astonish ,əs'tɔniʃ, vt.使惊讶 使吃惊
249,astronaut ,'æstrənɔ:t, n.宇宙航行员 宇航员
250,at ,æt, prep.在...里 在...时
251,athlete ,"'æθlit, 'æθli:t", n.运动员 田径运动员
252,Atlantic ,ət'læntik, adj.大西洋的 n.大西洋
253,atmosphere ,'ætməsfiə, n.大气 空气 气氛 格调 情趣 气压
254,atmospheric ,.ætməs'ferik, adj.大气的 大气层的 制造气氛的
255,atom ,'ætəm, n.原子 微粒 微量
256,atomic ,ə'tɔmik, adj.原子的 原子能的
257,attach ,ə'tætʃ, vt.缚 系 贴 附加 使依恋
258,attack ,ə'tæk, n.攻击 评击 vt.攻击 动手 疾病发作 vi.发动攻击 adj.有计划的攻击
259,attain ,ə'tein, vt.达到 获得 完成
260,attempt ,ə'tempt, vt.尝试 试图 n.企图
261,attend ,ə'tend, vt.出席 照顾 护理 照料 参加 注意 vi.专心 留意 待命
262,attention ,ə'tenʃən, n.注意(力) 留心 关心 立正
263,attentive ,ə'tentiv, adj.注意的 留意的 有礼貌的
264,attitude ,'ætitju:d, n.态度 看法 姿势
265,attract ,ə'trækt, vt.吸引 引起 诱惑 有吸引力
266,attraction ,ə'trækʃən, n.吸引 吸引力 有吸引力的人或事物 引力
267,attractive ,ə'træktiv, adj.有吸引力的 引起注意的
268,attribute ,"'ætribju:t, ə'tribju:t", vt.把...归因于 属于 n.属性 特征 标志 象征
269,audience ,'ɔ:diəns, n.听众 观众 读者 拥护者 倾听 正式会见
270,August ,'ɔ:gʌst, n.八月(大写时）adj.威严的 尊严的(小写时）
271,aunt ,ɑ:nt, n.伯母 婶母 姑母 姨
272,aural ,'ɔ:rəl, adj.耳的 听觉的
273,Australia ,ɔ'streiliə, n.澳大利亚
274,Australian ,ɔ'streiliən, adj.澳大利亚的 n.澳大利亚人
275,author ,'ɔ:θə, n.作者 作家 创造者 vt.创造 写作
276,authority ,ə'θɔriti, n.当局 官方 权力 权威 专家 权威人士 依据
277,auto ,'ɔ:təu, n.(口语)汽车autos=automobile 自动汽车 pref.自动的 自己的
278,automatic ,.ɔ:tə'mætik, adj.自动的 机械的 半自动化的 n.自动装置 半自动武器
279,automation ,.ɔ:tə'meiʃən, n.自动 自动化
280,automobile ,"'ɔ:təməbi:l, ɔ:tə'məubil", n.汽车 机动车 adj.汽车的
281,autumn ,'ɔ:təm, n.秋 秋季 秋天
282,auxiliary ,ɔ:g'ziljəri, n.帮助者 辅助物 助动词 adj.辅助的 附属的 附加的
283,available ,ə'veiləbəl, adj.可利用的 可得到的 有用的 有效的 通用的
284,avenue ,"'ævənju:, 'ævinju:", n.林荫道 道路 大街 途径手段
285,average ,'ævəridʒ, n.平均数 平均水平 adj.平均的 一般的 通常的 v.取平均值 达到平均水平
286,aviation ,".eivi'eiʃn, 'evi'eʃən", n.航空 航空学 飞机制造业
287,avoid ,ə'vɔid, vt.避免 躲开 逃避 撤消
288,await ,ə'weit, vt.等候 期待 准备...以待 储存 vi.等待
289,awake ,ə'weik, adj.醒着的 警惕的 vt.唤醒 唤起 激发 vi.醒来 恢复意识
290,award ,ə'wɔ:d, n.奖 奖品 判定 vi.授予 给予 vt.授予
291,aware ,ə'weə, adj.知道的 意识到的
292,away ,ə'wei, adv.离开 远离 出去 连续的 遥远地 ...去 adj.远离
293,awful ,'ɔ:fl, adj.令人不愉快的 可怕的 畏惧的 充满敬畏的 艰难的 adv.极其
294,awfully ,'ɔ:fuli, adv.令人畏惧的 很 可怕地 非常地 极端地
295,awkward ,'ɔ:kwəd, adj.笨拙的 尴尬的
296,ax ,æks, n.斧子 （吉他或者萨克斯风类的）乐器 vt.用斧砍 削减 abbr.=(axiom axis)
297,axis ,'æksis, n.轴 轴线 中心线 中枢
298,baby ,'beibi, adj.(形容用法)婴儿的 过小的 n.婴儿 孩子气的人 象婴儿的人 需特殊关心的事物 vt.溺爱 过度关心
299,back ,bæk, adj. 后面的 偏远的 过时的 积欠的 向后的 adv. 在后 回原处 回 向后地 n. 后背 背脊 后面 靠背 vt. 后退 支持 vi. 后退
300,background ,'bækgraund, n.背景 后景 经历 幕后 配音 vt.提供背景
301,backward ,'bækwəd, adj.向后的 倒的 adv.倒 向后
302,bacteria ,bæk'tiəriə, n.(复数)细菌
303,bad ,bæd, adj.坏的 恶的 严重的 令人不满意的 有害的 有病的 n.坏人 坏事
304,badly ,'bædli, adv.坏 差 严重地 恶劣地 极度地
305,badminton ,'bædmintən, n.羽毛球
306,bag ,bæg, n.袋 包 钱包 背包 猎获物 vt.鼓起 把...装入袋中 猎杀 占有 vi.鼓起 宽松地下垂或悬吊
307,baggage ,'bægidʒ, n.行李
308,bake ,beik, vt.烤 烘 焙 烧硬 vi.烘焙 烤 变得炎热 n.烘焙 烤
309,balance ,'bæləns, vt.使平衡 称 称重量 权衡 抵消 vi.建立平衡 均衡 n.天平 平衡 差额 平静 调和 制衡
310,ball ,bɔ:l, n.球 球状物 舞会 v.(把...捏)成球状
311,balloon ,bə'lu:n, n.气球 玩具气球 vt.使膨胀 vi.如气球般膨胀 激增 adj.气球状的
312,banana ,bə'nɑ:nə, n.香蕉 芭蕉属植物
313,band ,bænd, n.乐队 带 波段 箍 队 v.联合 结合
314,bang ,bæŋ, n.(突然)巨响 枪声 猛击 重击 刘海 vt.重击 大声敲 剪成刘海 vi.大声敲击 发出巨响 adv.正好地 准确地
315,bank ,bæŋk, n.银行 库 岩 堤 vt.堆积 vi.开户 把...存入银行
316,banner ,'bænə, n.旗 旗帜 横幅 大标题 adj.特别好的 杰出的 vt.用横幅装饰 以大标题报道
317,bar ,bɑ:, n.酒吧间 条 杆 栅 条 棒 横木 vt.禁止 阻挠
318,barber ,'bɑ:bə, n.理发师
319,bare ,bɛə, adj.赤裸的 显露的 极少的 仅仅的 vt.使赤裸 露出
320,bargain ,'bɑ:gən, n.交易 买卖 物美价廉的东西 vi.议价 成交 vt.议价交易
321,bark ,bɑ:k, n.吠叫声 狗叫 咆哮 厉声说话 树皮 小帆船 vi.吠 叫 吠叫 咆哮 急促地说
322,barn ,bɑ:n, n.谷仓 牲口棚
323,barrel ,'bærəl, n.桶 圆筒 枪管 炮管 笔管 一桶的量 大量 汽油桶 vi.快速移动 vt.把...装桶
324,barrier ,'bæriə, n.栅栏 屏障 障碍 障碍物 界线
325,base ,beis, n.基础 底层 基地 （支持、收入、力量等的）基础 vt.以...作基础 adj.卑鄙的 不道德的
326,basic ,'beisik, n.基本 实质性的东西 基础训练 [计] BASIC语言 基本高级语言 adj.基本的 基础的 含硅量少的
327,basically ,'beisikəli, adv.基本上 主要地
328,basin ,'beisən, n.盆 洗脸盆 盆地 流域 水池
329,basis ,'beisis, n.基础 根据 主要成分
330,basket ,'bɑ:skit, n.篮 篓 筐 <篮>篮球筐 得分
331,basketball ,'bɑ:skitbɔ:l, n.篮球 篮球运动
332,bat ,bæt, n.球拍 短棍 棒 击打 蝙蝠 v.用棒击打 [计算机] DOS文件名：批文件
333,bath ,bɑ:θ, n.浴 洗澡 洗澡水 浴缸 浴室 财政亏损 (复)游泳池 n.(Bath)巴斯(英国城市) v.洗澡
334,bathe ,beið, vt.给...洗澡 弄湿 沐浴 用水洗 沉浸
335,bathroom ,"'bɑ:θrum, -ru:m", n.浴室 盥洗室
336,battery ,'bætəri, n.电池 一套 一组 一系列 排炮
337,battle ,'bætl, n.战役 斗争 争论 vi.与...作战 与...斗争
338,bay ,bei, adj. 红棕色 n. 湾 海湾 山脉中的凹处 红棕色 隔间 配电间 犬吠 围困 月桂树 名望 vi. 嗥叫 vt. 吼叫着追赶或进攻 哀号 把...围困住
339,B.C. ,'bi: si:, (缩)公元前
340,be ,bi:, aux.v. &vi.是 在 做 有
341,beach ,bi:tʃ, n.海滩 湖滩 河滩 vt.拖(船)上岸
342,beam ,bi:m, n.梁 横梁 束 柱 光线 电波 容光焕发 vt.闪亮 为...上梁 vi.微笑 发光
343,bean ,bi:n, n.豆 蚕豆
344,bear ,beə(r), n.熊 粗鲁的人 vt.忍受 负荷 结果实 生子女
345,beard ,biəd, n.胡须 络腮胡子 vt.抓住胡须 公开反对
346,beast ,bi:st, n.兽 野兽 牲畜 凶残的人 令人厌憎的人
347,beat ,bi:t, n.打 敲打声 拍子 独家报道 一会儿 vt. &vi.打 敲 打败
348,beautiful ,'bju:tifəl, adj.美的 美丽的 漂亮的
349,beauty ,'bju:ti, n.美 美丽 美人 美的东西
350,because ,bi'kɔz, conj.由于 因为
351,become ,bi'kʌm, vt.变得 vi.存在 变成 成为 变得 经历改变或发展
352,bed ,bed, n.床 床位 圃 河床 底层 基座 vt.铺床 去睡觉 安置 发生性关系 vi.铺床 去睡觉 铺层 躺平
353,bee ,bi:, n.蜂 密蜂 忙碌的人
354,beef ,bi:f, n.牛肉 菜牛 v.抱怨 诉苦
355,beer ,biə, n.啤酒
356,before ,bi'fɔ:, adj. & adv.以前 在...之前 prep. & conj.在...以前 向...
357,beg ,beg, vt.乞讨 恳求 合理需要 vi.行乞 乞求 abbr.(begin)的缩写 开始
358,beggar ,'begə, n.乞丐 穷人 <非正式>人 家伙 vt.使贫穷 使不足 使不能
359,begin ,bi'gin, vi.开始 起初是 vt.开始 意欲作出某事
360,beginner ,bi'ginə, n.初学者 生手
361,beginning ,bi'giniŋ, n.开始 开端 起源 早期 adj.刚开始的 动词begin的现在分词
362,behalf ,bi'hɑ:f, n.利益 维护 支持
363,behave ,bi'heiv, vi.表现 举止 行为 举止端正 运转
364,behavior ,bi'heivjə, n.行为 举止 态度
365,behind ,bi'haind, adv.在后面 落后 迟地 adj.后面的 落后的 迟的 慢的 prep.在...后面 落后于 掩盖 基于 支持 n.屁股
366,being ,'bi:iŋ, n.存在 生物 生命 人 vi.存在 处于 举行 去或来 是 adj.现在的 目前的
367,belief ,bi'li:f, n.信任 相信 信念 信仰
368,believe ,bi'li:v, vt.相信 认为
369,bell ,bel, n.钟 铃 门铃 钟声 花冠 吼叫声 vt.敲钟 使象钟状地张开 vi.使呈钟状 张开
370,belong ,bi'lɔŋ, vi.属于 附属 适合于
371,beloved ,bi'lʌvid, adj.为...的爱的 心爱的 n.爱人
372,below ,bi'ləu, adv.在下面 向下 下级 prep.在...下面(以下) (级别、重要性)低于 adj.在...下面 n.下面的东西
373,belt ,belt, n.带(状物) 腰带 皮带 区 vi.飞奔 大声唱 vt.系上腰带 环绕 击打 大声唱
374,bench ,bentʃ, n.长凳 条凳 工作台 梯田 vt.坐在长凳上 放置长凳 在展览会上展览 vi.形成梯田
375,bend ,bend, vt.使弯曲 vi.弯曲 屈服 n.弯曲(物) 弯道
376,beneath ,bi'ni:θ, adv.在下方 prep.在...下方 在...之下
377,beneficial ,.beni'fiʃəl, adj.有利的 有益的
378,benefit ,'benifit, n.利益 恩惠 津贴 义卖 义演 vt.有益于 vi.得益
379,berry ,'beri, n.浆果(如草莓等)
380,beside ,bi'said, prep.在...旁边 与…相比
381,besides ,bi'saidz, adv.而且 也 此外 prep.除...之外 adj.别的
382,best ,best, adj.最好的 最大的 adv.最 最好地 n.最好的人(或物) vt.胜于
383,bet ,bet, n.打赌 赌注 最大的可能 vi.下注 vt.打赌
384,betray ,bi'trei, vt.误导 出卖 背叛 辜负 泄漏 vi.证明...错误
385,better ,'betə, adj.较好的 更好的 adv.更好地 v.使...更好 超越 n.更好的事物
386,between ,bi'twi:n, adv.在中间 prep.在...中间
387,beyond ,bi'jɔnd, adv.在更远处 另外 n.远处 来世 prep.在...的那边 超出 越过 另外
388,Bible ,'baibl, n.基督教《圣经》 有权威的书
389,bicycle ,'baisik(ə)l, n.自行车 脚踏车 v.骑自行车
390,big ,big, adj.大的 巨大的 重要的 adv.以郑重的方式 大数量 n.杰出的组织和个人
391,bike ,baik, n.自行车 vi.骑自行车
392,bill ,bil, n. 比尔(男名) 账单 钞票 招贴 票据 清单 议案 法案 广告 鸟嘴 喙 vt. 开帐单 用海报宣传 把...列成表
393,billion ,'biljən, num.(英)万亿 (美)十亿 n.大量 adj.大量的
394,bind ,baind, n.窘境 vt.捆绑 包扎 装钉 约束 约束
395,biology ,bai'ɔlədʒi, n.生物学 生态学
396,bird ,bə:d, n.鸟 家禽 陶土飞靶 伙伴 vi.观察或辨认鸟
397,birth ,bə:θ, n.分娩 出生 诞生 出身 血统 出现 起源
398,birthday ,'bə:θdei, n.生日 诞生的日期
399,biscuit ,'biskit, n.(英)饼干 (美)软饼 姜黄褐色
400,bit ,bit, n.一点 少量 一些 小片 钻头 马嚼子 辅币 位 比特(二进位制信息单位) vt.控制
401,bite ,bait, n.咬 一口 少量食物 咬伤的伤口 vt.咬 叮 螫 剌穿 vi.咬(饵) 使剧痛 紧抓
402,bitter ,'bitə, adj.苦的 痛苦的 剧烈的 严寒的 n.苦久 苦涩 苦的东西 vt.使...变苦 adv.激烈地 极其
403,bitterly ,'bitəli, adv.苦苦地 悲痛地 怨恨地 残酷地
404,black ,blæk, adj.黑的 暗的 穿黑衣服的 脏的 邪恶的 阴沉的 机密的 n.黑色东西 黑色 黑人 (棋类)黑子 v.(使)变黑 抹黑
405,blackboard ,'blækbɔ:d, n.黑板
406,blade ,bleid, n.刀刃 刀片 叶片 刀锋 
407,blame ,bleim, n.过失 责备 vt.责备 把...归咎于
408,blank ,blæŋk, adj. 空白的 茫然的 全部的 面无表情的 未完工的 n. 空白(处) 空隙 空虚 (有弹药而无弹头的)空弹 vi. 消失 走神 vt. 使模糊不清 删除 封闭 (比赛时连续得分)使对手得零分
409,blanket ,'blæŋkit, n.毛毯 羊毛毯 覆盖物 排字版 vt.用毯子裹 扑灭 挡风 覆盖 使包含 adj.包含所有的 适用于所有情形的
410,blast ,blɑ:st, n.爆炸 冲击波 气流 一阵 汽笛声 vi.爆破 突然发出声音 vt.喷射 炸掉
411,blaze ,bleiz, n.火焰 烈火 闪光 vi.燃烧 发光 vt.燃烧 宣布 在树皮上刻痕 领导 开拓
412,bleed ,bli:d, vi. 出血 流血 泌脂 ( 为事业 祖国 ) 负伤或牺性 ( 花草﹑ 树木等 ) 流出汁液 出大笔钱 vt. 放血 勒索钱财 大大削弱 使...流血 n. 印刷到纸边上去 漏出
413,blend ,blend, vt. &vi.混合 n.混合物
414,bless ,bles, vt.为...祝福 赐福 祈佑 称颂上帝 使神圣 赋予
415,blind ,blaind, adj.瞎的 盲目的 未察觉的 n.百叶窗 幌子 vt.使失明 隐藏 adv.盲目地
416,block ,blɔk, n.街区 木块 石块 阻塞(物) 障碍(物) vt.堵塞 拦阻
417,blood ,blʌd, n.血 血液 血统 仇恨 vt.流血
418,bloom ,blu:m, n.花 开花 开花期 钢块 兴旺 vt.使...开花 vi.开花 变得健康
419,blossom ,'blɔsəm, n.花 开花 全盛期 vi.开花 成长
420,blow ,bləu, vi.吹 吹动 吹响 打击 殴打 v.吹 风吹 擤（鼻子） 【口】浪费（机会）
421,blue ,blu:, adj.蓝色的 沮丧的 忧郁的 (女人)有学问的 n.蓝色 vt.使...变蓝 vi.变蓝
422,board ,bɔ:d, n. 板 木板 甲板 董事会 伙食 舞台 演员的职业 船舷 vt. 上(飞机、船、车等) 有偿提供食宿 用木板覆盖 vi.搭伙
423,boast ,bəust, n.吹牛 vi.吹牛 自夸 vt.吹牛 吹嘘
424,boat ,bəut, n.小船 艇 渔船 船型物体 vt.放于船上 vi.划船
425,body ,'bɔdi, n.身体 人 主体 尸体 正文 vt.赋予形体 体现
426,boil ,bɔil, n.皮下脓肿 沸腾 vi.沸腾 汽化 vt.煮沸
427,bold ,bəuld, adj.大胆的 冒失的 粗体的 醒目的 无礼的 陡峭的
428,bolt ,bəult, n. 螺栓 螺钉 插销 门闩 突发 剑弩 闪电 vt. 闩门 闩住 用螺栓固定在一起 狼吞虎咽 vi. 冲出去 急逃 adv. 背部挺直地坐或站
429,bomb ,bɔm, n.炸弹 高压罐 火山口喷出的熔岩 vt.轰炸 大败 长传 vi.失败
430,bond ,bɔnd, n.联结 联系 结合 公债 债券 粘结剂 粘合剂
431,bone ,bəun, n.骨 骨骼 核心 vt.除去骨头 往衣服里加撑条 磨光表面 vi.努力学习 adv.非常地 极其地
432,book ,buk, n.书 书籍 vt.预定 登记 vi.通过...预订
433,boot ,bu:t, n. 靴子 长统靴 (英)汽车行李箱 猛踢 锁扣 vt. 踢 穿靴子 锁车 vi. (计算机) 启动 在(通常为非法停放的汽车)车轮上装制动装置 利用 帮助
434,booth ,bu:θ, n.货摊 公用电话亭 小间
435,border ,'bɔ:də, n.边 边缘 边界 vt.作...之疆界 加边
436,bore ,bɔ:, vbl.忍受(动词bear 过去式) n.令人讨厌的人 枪膛 孔 井眼 枪管口径 涌潮 vt.使厌烦 钻 挖 vi.挖掘 开凿
437,born ,bɔ:n, 动词bear的过去分词 adj.天生的 出生的 与生俱来的
438,borrow ,'bɔrəu, vt.借 借用 借入
439,bosom ,'buzəm, n.胸 胸部 内心
440,boss ,bɔs, n.老板 上司 vt.指挥 控制
441,both ,bəuθ, adj.两者的 conj.不但…而且… pron.两者(都)
442,bother ,'bɔðə, vt.烦扰 迷惑 vi.烦扰 操心 n.麻烦 烦扰
443,bottle ,'bɔtl, n.瓶 酒瓶 一瓶 vt.装瓶 抑制
444,bottom ,'bɔtəm, n. 底 底部 根基 臀部 船身 水底 服装下面的部分 低洼地 底色 尽头 adj. 底部的 vt. 给...装底 建立基础 到达底部 vi. 到达底部 垫底 降到最低点
445,bough ,bau, n.大树枝
446,bounce ,bauns, n.跳 反跃 (活)弹力 vt.弹跳 向...透露注意 vi.反跳 弹起 跳起 重新恢复
447,bound ,baund, n.跳跃 界限 范围 adj.一定的 必定的 有义务的 受约束的 装订的 vt.跳跃前进 形成界限
448,boundary ,'baundri, n.分界线 边界
449,bow ,"bəu,bau", n.弓 蝴蝶结 鞠躬 船头 两手准备 vi.鞠躬 成弓形 弯腰 首次上演 屈服 听从 尊重 vt.重压 弯曲
450,bowl ,bəul, n.碗 钵 碗状物 物体的碗状部分 季后赛 圆形露天剧场 vi.打保龄球 快速移动 vt.投球 投球得分
451,box ,bɔks, n.箱 盒 包箱 专席 亭子 窘境 vt. 装...入盒中 限制住 调和 改变形状 用拳击… vi.参与拳击 拳击 打拳
452,boy ,bɔi, n.男孩 儿子 少年 家伙
453,brain ,brein, n.脑 脑髓 脑力 智力 vt.打...的脑袋
454,brake ,breik, n.蕨菜 闸 刹车 制动器 vt. & vi.制动 煞车 压榨
455,branch ,brɑ:ntʃ, n.分支 树枝 分部 分科 vt & vi.分支 分岔
456,brand ,brænd, n.燃烧的木条 剑 商品 商标 牌子 烙印 类型 vt.铭刻 打烙印 污蔑
457,brandy ,'brændi, n.白兰地酒 vt.以白兰地酒调制
458,brass ,brɑ:s, n.黄铜(制品) 黄铜器 铜管(乐器) adj.黄铜的
459,brave ,breiv, adj.勇敢的 华丽的 缤纷的 vt.勇敢地面对(危险等) 抵抗 n.勇敢的人
460,Brazil ,brə'zil, n.巴西
461,Brazilian ,brə'ziljən, n.巴西人 adj.巴西的
462,bread ,bred, n.面包 食物 粮食 生计 vt.撒面包屑
463,breadth ,bredθ, n.宽度 幅度 幅面
464,break ,breik, n.休息 中断 破裂 vt.打破 损坏 弄破 弄坏 破坏
465,breakfast ,'brekfəst, n.早饭 早餐 vt.吃早餐 vi.提供早餐
466,breast ,brest, n.乳房 胸脯 胸膛 vt.面对 以胸对着
467,breath ,breθ, n.气息 呼吸 气味 微风 迹象 精神 一种说话的声音
468,breathe ,bri:ð, vi.呼吸 vt.呼吸 轻声说 流露感情 注入
469,breed ,bri:d, n.品种 族类 vt.使繁殖 养育 繁殖 引起 vi.繁殖
470,breeze ,bri:z, n.微风 和风 轻而易举的事 vi.飘然而行 轻松地得胜或进步
471,brick ,brik, n.砖 砖块 砖状物 积木 可靠的朋友 vt.(up)用砖砌补 用砖堵住
472,bridge ,bridʒ, n.桥 桥梁 桥牌 鼻梁 vt.渡过 架桥
473,brief ,bri:f, n.摘要 简报 adj.简短的 简洁的 短暂的 vt.作简报 简单讨论
474,bright ,brait, adj.明亮的 阳光的 生动的 聪明的 adv.亮 n.亮色
475,brighten ,'braitn, vt.使发光 使快活 使变亮 使生辉 vi.发光 发亮
476,brilliant ,'briljənt, adj.光辉的 卓越的 灿烂的 有才气的 杰出的 n.宝石
477,brim ,brim, n.边 边缘 帽沿 v.(装)满 (使)溢出
478,bring ,briŋ, vt.带来 引出 促使 劝诱 vi.产生
479,brisk ,brisk, adj.活泼的 活跃的 快的 清新的 敏锐的 凛冽的
480,bristle ,'brisl, n.短而硬的毛 鬃毛
481,Britain ,'britən, n.不列颠 英国
482,British ,'britiʃ, adj.不列颠的 英国的 英联邦的 n.英国人 英国英语
483,brittle ,'britl, adj.脆的 易损坏的 易碎的
484,broad ,brɔ:d, adj.宽广的 阔的 广泛的 清楚无误的 明显的 粗俗的 adv.完全地 n.(复）河流的延伸
485,broadcast ,'brɔ:dkɑ:st, n.广播 广播节目 播音 adj.广播的 vt. & vi.广播 adv.经广播 四散地
486,broken ,'brəukən, adj.被打碎的 骨折的 坏掉的 坏掉的 v.打破 弄坏(break的过去分词)
487,bronze ,brɔnz, adj.青铜色的 n.青铜 青铜制品 青铜色 铜牌(第三名) vt.使成青铜色
488,brood ,bru:d, n.窝 同窝幼鸟 vt.孵(蛋) 沉思
489,brook ,bruk, n.小河 溪流 vt.(常用于否定句或疑问句)容忍 忍受
490,broom ,bru:m, n.扫帚 灌木 vt.扫
491,brother ,'brʌðə, n.兄弟 同事 同胞 教友
492,brow ,brau, n.额 眉 眉毛
493,brown ,braun, (姓)布朗 adj.褐色的 棕色的 n.褐色 棕色
494,bruise ,bru:z, n.青肿 伤痕 擦伤 瘀青 挫伤 vi.受伤 擦伤 vt.使挫伤
495,brush ,brʌʃ, n.刷子 毛刷 画笔 轻擦 小冲突 灌木丛 vt.用刷子清洗 画 拭去 打发 vi.轻擦 拂拭
496,brute ,bru:t, n.禽兽 畜生 畜生 残忍的人 adj.残忍的 无理性的 粗暴的
497,bubble ,'bʌbl, n.泡 泡沫 气泡 幻想 骗局 欢乐 vi.冒泡 沸腾 起泡 出现 洋溢 vt.使冒泡
498,bucket ,'bʌkit, n.水桶 吊桶 铲斗 vt.装在桶里 vi.急急忙忙
499,buckle ,'bʌkl, n.皮带扣 vt. & vi.扣住 弯曲 专心做事 屈服 adj.带扣 弯曲的
500,bud ,bʌd, n.芽 萌芽 蓓蕾 vi.发芽 萌芽 vt.使发芽
501,build ,bild, vt. & vi.建筑 建立 创立 建造 创建 开发 逐渐增强 n.体格 身材
502,building ,'bildiŋ, n.建筑物 大楼 建筑
503,bulb ,bʌlb, n.电灯泡 球状物
504,bulk ,bʌlk, n.物体 容积 大批 大部分 大多数 大块 大批 容积 体积 vi.变大 增加 vt.膨胀 出现 adj.大量的
505,bull ,bul, adj.大型的 公牛的 雄性的 n. 公牛 雄的象 买空着 像牛的东西 斗牛犬 教宗训谕 法令 vi. 猛冲 vt.暴力 强制
506,bullet ,'bulit, n.枪弹 子弹 弹丸
507,bunch ,bʌntʃ, n.束 球 串 一群 一组 凸起 大量 vi.凸起 使成一束(或一群等) vt.使成一束
508,bundle ,'bʌndl, n.捆 包 束 包袱 一批 一大笔钱 vt.捆 匆匆送走 附赠 vi.匆忙
509,burden ,'bə:dn, n.担子 负担 重担 装载量 v.使负重 装载 烦扰
510,bureau ,'bjuərəu, n.局 司 处 社 所 办公处
511,burn ,bə:n, vt. & vi.烧 燃烧 烧着 烧毁 灼伤 n.烧伤 灼伤
512,burst ,bə:st, n.破裂 阵 爆发 vt. & vi.爆裂 突发
513,bury ,'beri, vt.埋葬 葬 埋藏
514,bus ,bʌs, n.公共汽车
515,bush ,buʃ, n.灌木 灌木丛 矮树 荒野 狐狸尾巴 vt. 用灌木保护或支撑 加衬套于 vi.成灌木形 丛生 adj.长得低矮的 二流的
516,business ,'biznis, n.商业 生意 事务
517,busy ,'bizi, adj.忙的 繁忙的 杂乱的 vt.使忙于 vi.忙
518,but ,bʌt, adv.仅仅 只 conj.但是 可是 prep.除...以外 pron.只有
519,butcher ,'butʃə, n.屠夫 屠杀者 刽子手 肉商 小贩 vt.屠宰 滥杀 将某事弄得一团糟
520,butter ,'bʌtə, n.黄油 阿谀奉承 vt.涂黄油
521,butterfly ,'bʌtəflai, n.蝴蝶 蝶状物 蝶泳 vt.(烹饪时把鱼肉等)切开摊平
522,button ,'bʌtn, n.扣子 按钮 像纽扣的东西 未成熟的蘑菇 按钮 vt.扣紧 用纽扣装饰 钉纽扣 闭嘴 vi.扣上
523,buy ,bai, n.合理的价格 购买 vt.买 购买 换得 收买 接受 vi.购买
524,by ,bai, prep.在...旁 被 由 经由 在...之前 根据 adv.靠近 经过 放在一旁地 adj.在旁边的 附带的 n.次要的事件
525,cabbage ,'kæbidʒ, n.洋白菜 卷心菜 vt.偷窃
526,cabin ,'kæbin, n.小木屋 船舱 机舱 vt.抑制 vi.住在小屋
527,cabinet ,'kæbinit, n.橱 柜 内阁 adj.私人的
528,cable ,'keibl, n.缆 索 电缆 海底电报 vt.打海底电报 把...拧成缆 用缆捆住 vi.打海底电报
529,cafe ,kə'fei, n.咖啡馆 小餐厅
530,cafeteria ,.kæfi'tiəriə, n.自助食堂 adj.有多种选择的
531,cage ,keidʒ, n.笼 鸟笼 囚笼 监狱 笼状结构 vt.关入笼中
532,cake ,keik, n.饼 糕 蛋糕 块状物 小菜一碟(容易做成的事) vt.涂厚厚的一层 覆盖 填满 vi.结成块
533,calculate ,'kælkjuleit, vt.计算 估计 考虑 推测 计划 vi.计算 预测 依赖
534,calculation ,.kælkju'leiʃən, n.计算 计算结果
535,calculator ,'kælkju.leitə, n.计算器 计算者
536,calendar ,'kælində, n.日历 月历 日程表 历书 历法 vt.进入日历
537,call ,kɔ:l, n.呼叫 访问 打电话 请求 把…看作 vt.把...叫做 叫 喊 呼叫 访问 打电话 vi.(短暂的)拜访 呼叫
538,calm ,kɑ:m, n.平稳 风平浪静 adj.静的 平静的 冷静的 vt. & vi.平静下来 镇静
539,camel ,'kæməl, n.骆驼 浮船箱 浅黄棕色
540,camera ,'kæmərə, n.照相机 摄影机 罗马教廷的财政部
541,camp ,kæmp, n.野营 营地 兵营 露营 帐棚 训练营 做作 vt. & vi.露营 扎营 做作 adj.做作的
542,campaign ,kæm'pein, n.战役 运动 活动 vt.参加竞赛 vi.(从事、组织)活动
543,campus ,'kæmpəs, n.校园 学校场地
544,can ,kæn, aux.v.能 会 可能 n.罐头 听头 容器 vt.罐装 vt.炒某人鱿鱼
545,Canada ,'kænədə, n.加拿大
546,Canadian ,kə'neidjən, adj.加拿大的 加拿大人的 n.加拿大人
547,canal ,kə'næl, n.运河 沟渠 管 气管 食管 vt.建运河 疏导
548,cancel ,'kænsl, n.取消 撤消 vt.取消 撤消 删去 约分 vi.抵消
549,cancer ,'kænsə, n.癌 癌症 肿瘤 巨蟹座
550,candidate ,'kændidit, n.候选人 投考者 求职者
551,candle ,'kændl, n.蜡烛 烛形物 烛光
552,candy ,'kændi, n.糖果 砂糖结晶 vt.用糖煮 使结晶为砂糖 vi.结晶为砂糖
553,cannon ,'kænən, n.大炮 火炮 榴弹炮 v.开炮
554,canoe ,kə'nu:, n.独木舟 皮艇 划子 轻舟 v.乘独木舟
555,canon ,'kænən, n. 教会法规 标准、准则 正典 正式名单 教堂里的教士 佳能 (财富500强公司之一 总部所在地日本 主要经营办公设备)
556,canteen ,kæn'ti:n, n.小卖部 临时餐室 食堂
557,canvas ,'kænvəs, n.粗帆布 一块油画布 (帆布)画布 油画
558,cap ,kæp, n.帽子 便帽 帽状物 盖子 顶 vt.给戴帽 覆盖顶端 超过 形成化学键于 抑制 vi.形成化学键
559,capable ,'keipəbl, adj.有能力的 有才能的 足以胜任的 有...倾向的
560,capacity ,kə'pæsiti, n.容量 能力 能量 容积 资格 职位 adj.(达到最大容量)满的
561,capital ,'kæpitl, n.资本 资金 首都 大写字母 adj.大写的 资本的 首要的
562,captain ,'kæptin, n.陆军上尉 队长 船长 首领 vt.率领 指挥
563,captive ,'kæptiv, n.俘虏 被监禁的人 迷恋者 adj.被俘的 被迷住的
564,capture ,'kæptʃə, n.抓取 战利品 捕获之物 vt.捕获 俘获 夺得 抓取 获得 迷住
565,car ,kɑ:, n.汽车 小汽车 轿车 车厢 吊舱
566,carbon ,'kɑ:bən, n.碳 灯芯 复写纸
567,card ,kɑ:d, n.卡 卡片 名片 纸牌 打牌 节目单 vt.附上或提供卡片 印卡 在卡片上列出 检查资格
568,care ,kɛə, n.小心 照料 忧虑 慎思 焦虑因素 vi.关心 介意 照顾 喜爱 vt.介意 希望 abbr.=Cooperative for American Remittances to Europe 汇款到欧洲合作社
569,career ,kə'riə, n.生涯 职业 事业 经历 vi.猛冲 飞跑 vt.在...中急行
570,careful ,'kɛəfəl, adj.小心的 仔细的 细致的
571,careless ,'kɛəlis, adj.粗心的 漫不经心的 疏忽的 n.不关心的 粗心的 [反]attentive
572,cargo ,'kɑ:gəu, n.船货 货物
573,carpenter ,'kɑ:pintə, n.木工 木匠 v.做木工活
574,carpet ,'kɑ:pit, n.地毯 毡毯 毛毯 vt.铺以地毯 铺盖
575,carriage ,'kæridʒ, n.客车厢 四轮马车
576,carrier ,'kæriə, n.运输工具 运载工具 运送者 行李架 客运公司 航空母舰 带菌者 电信公司
577,carrot ,'kærət, n.胡罗卜 报酬 好处
578,carry ,'kæri, n. 搬运 射程 投射 联运 vt. 负载 承担 携带 运载 运输 传送 传播 表达 带有 容纳 怀孕 延续 推动 赢得 记录 vi. 负载 被传达 容许被运输 被通过
579,cart ,kɑ:t, n.(二轮或四轮)运货马车 手推车 vt.用马车装载 用手提(笨重物品) 强行带走
580,carve ,kɑ:v, vt.刻 雕刻 切开 vi.雕刻 切割
581,case ,keis, n.情况 事实 实情 病例 箱(子) 盒(子) 套 案例 vt.装箱 踩点
582,cash ,kæʃ, n.现金 现款 vt.兑现 付现款 adj.现金的
583,cassette ,kə'set, n.盒式录音带 盒子 匣子 盒式录音机
584,cast ,kɑ:st, n.演员阵容 投掷 vt.投 扔 抛 浇铸
585,castle ,'kɑ:sl, n.城堡 巨大建筑物 vt.置于城堡中 (棋)移动王车易位 vi.(棋)移动王车易位
586,casual ,'kæʒjuəl, adj.偶然的 随便的 非正式 漫不经心的
587,cat ,kæt, n.猫 猫科 猫皮 邪恶的女人 吊锚机 单帆小船 vt.吊锚 vi.寻找性交伴侣 (CAT)电子计算机横断层扫描
588,catalog ,'kætəlɔ:g, n. 目录 目录册 大学概况手册 商品型录 vt. 做目录 分类说明 名入列表 vi. 研究(手册或目录) (商品)在型录中明码标价
589,catch ,kætʃ, n.捕捉 陷阱 捕获物 接(球等) 扣栓物 隐患 vt. 捉住 赶上 领会 了解 感染 被钩住 击中 察觉 vi. 抓住 燃着
590,cathedral ,kə'θi:drəl, n.总教堂 大教堂
591,cattle ,'kætl, n.牛 牲口 家畜 畜牲(复数)
592,cause ,kɔ:z, n.原因 理由 事业 vt.引起 使发生
593,cave ,keiv, n.山洞 洞穴 窑洞 vt.挖空 塌落 屈服 vi.塌落
594,cease ,si:s, vi. &vi. &n.停止 终了 停息
595,ceiling ,'si:liŋ, n.天花板 顶蓬 上限
596,celebrate ,'selibreit, vt.庆祝 歌颂 赞美 vi.庆祝 祝贺 颂扬
597,cell ,sel, n.细胞 小房间 电池 小组 单人牢房 (蜂房的)巢室 手机
598,cellar ,'selə, n.地窑 地下室 vt.把...藏入地窑(或酒窑)
599,cement ,si'ment, n.水泥 胶泥 纽带 接合剂 牙骨质 补牙物 基石 vt.粘结 接合 用水泥涂 vi.接合起来
600,cent ,sent, n.分 分币 百(分之)
601,center ,'sentə, n.中心 中间 主角 中锋 重点 vi.居中 聚焦于... vt.使集中 放在中央
602,centigrade ,'sentigreid, adj.百分度的 摄氏的
603,centimetre ,'senti.mi:tə, n.公分 厘米=centimeter(美）
604,central ,'sentrəl, adj.中心的 主要的 基本的 折中的 中枢的 n.电话交流 中央办公室 中心
605,centre ,'sentə, n.中心 中枢 聚集点 vt.集中 置于中央 关注于 vi.居中
606,century ,'sentʃuri, n.世纪 一百年 成百的东西
607,ceremony ,'seriməni, n.典礼 仪式 礼节 礼仪
608,certain ,'sə:tn, adj.确实的 肯定的 必然的 特定的 pron.某几个 某些
609,certainly ,'sə:tənli, adv.一定 必定 当然
610,certainty ,'sə:tnti, n.必然 肯定 确定 确实的事情
611,certificate ,sə'tifikit, n.证(明)书 证件 执照 vt.批准 认可 发证书给...
612,chain ,tʃein, n.链 链条 项圈 连锁 束缚 vt.用铁练锁住 束缚 囚禁
613,chair ,tʃɛə, n.椅子 主席 席位 讲座 要职 vt.上任 使担任(某事务)的主席 主持
614,chairman ,'tʃɛəmən, n.主席 议长 会长
615,chalk ,tʃɔ:k, n.白垩 粉笔 v.用粉笔写 记录
616,challenge ,'tʃælindʒ, n.挑战 要求 需要 v.向...挑战
617,chamber ,'tʃeimbə, n.会议室 房间 会所 室 腔 vt.装入室中(枪膛) adj.室内演奏的
618,champion ,'tʃæmpjən, n.冠军 得胜者 拥护者 勇士 vt.保卫 拥护
619,chance ,tʃɑ:ns, n.机会 意外 运气 风险 可能性 vi.偶然发生 vt.偶然发生 冒险
620,change ,tʃeindʒ, n.改变 变化 零钱 vt. & vi.改变
621,channel ,'tʃænl, n.海峡 渠道 通道 频道 方法 vt.引导 开导 形成河道 输送
622,chapter ,'tʃæptə, n.章 回 篇 牧师的例行会议 地方分会
623,character ,'kæriktə, n.性格 个性 品质 特性 角色 字符 人物 名誉 地位 adj. [剧](角色)代表某一特性的
624,characteristic ,.kæriktə'ristik, adj.特有的 典型的 n.特性 特征 特色
625,charge ,tʃɑ:dʒ, vt. & vi.索价 控告 加罪于 要价 赊帐 充电 管理 n.电荷 指控 费用 照顾 责任
626,charity ,'tʃæriti, n.施舍 慈善事业 慈善 慈善机关(团体) 仁慈 宽厚
627,charming ,'tʃɑ:miŋ, adj迷人的 可爱的
628,chart ,tʃɑ:t, n.图 图表 海图 vt.制成图表
629,chase ,tʃeis, n.追逐 追赶 追求 狩猎 争取 vt.追捕 狩猎
630,cheap ,tʃi:p, adj.廉价的 便宜的 劣质的 品质低的 虚伪的 adv.便宜地
631,cheat ,tʃi:t, n.骗子 欺骗行为 vt.骗取 哄 作弊 vi.行骗 作弊
632,check ,tʃek, vt.检查 制止 阻止 核对 (国际象棋)将军 n.检查 支票 账单 制止 阻止物 检验标准 (国际象棋)将军
633,cheek ,tʃi:k, n.面颊 脸蛋 vt.粗鲁地向...讲
634,cheer ,tʃiə, n.愉快 激励 欢呼 vt.欢呼 加油 鼓舞 快活起来 vi.使振奋 欢呼
635,cheerful ,'tʃiəfəl, adj.快乐的 愉快的
636,cheese ,tʃi:z, n.乳酪 干酪 要求照相的人说的口形词 vt.停止
637,chemical ,'kemikəl, adj.化学的 n.化学制品
638,chemist ,'kemist, n.化学家 药剂师
639,chemistry ,'kemistri, n.化学 化学性质 相互作用
640,cheque ,tʃek, n.支票
641,cherry ,'tʃeri, n.樱桃 樱桃树 樱桃色
642,chess ,tʃes, n.棋 国际象棋
643,chest ,tʃest, n.胸腔 胸膛 (大)箱子 金库 资金 一箱 密封室：衣橱
644,chew ,tʃu:, vt.咀嚼 嚼碎 损坏 vi.咀嚼 n.咀嚼 咀嚼物
645,chicken ,'tʃikin, n.小鸡 小鸟 鸡肉 胆小 懦夫 adj.懦弱的 胆小的
646,chief ,tʃi:f, adj.主要的 首席的 n.首领
647,child ,tʃaild, n.小孩 儿童 儿子 产物
648,childhood ,'tʃaildhud, n.童年 幼年 早期
649,childish ,'tʃaildiʃ, adj.孩子气的 幼稚的 简单的 年老糊涂的
650,chill ,tʃil, vt. 使变冷 使...寒心 冷冻 使...惊恐 使泄气 vi. 变冷 发抖 凝固 感到寒冷 n. 寒冷 寒意 失意 恐惧 adj. 寒冷的 冷漠的 感冒的 扫兴的
651,chimney ,'tʃimni, n.烟囱 烟筒 玻璃罩
652,chin ,tʃin, n.颏 下巴 vt.做单杠 vi.作引体向上 聊天
653,China ,'tʃainə, n.中国
654,china ,'tʃainə, n.瓷器 瓷料
655,Chinese ,'tʃai'ni:z, adj.中国的 n.中国人 汉语
656,chocolate ,'tʃɔkəlit, n.巧克力 巧克力糖 巧克力饮品 adj.巧克力的 有巧克力糖衣的 巧克力色的
657,choice ,tʃɔis, n.选择 挑选 抉择 adj.上等的 精选的
658,choke ,tʃəuk, vt.(掐住或阻塞气管)使(某人)停止呼吸 塞满 vi.窒息 阻塞 n.窒息 阻风门开关 阻塞
659,choose ,tʃu:z, vt.选择 挑选 情愿 vi.选择
660,chop ,tʃɔp, vt.砍(价) 劈 切(细) 剁碎 vi.砍 n.厚肉片 排骨 砍
661,Christian ,'kristʃən, n.基督教徒 信徒 adj.基督教(徒)的 信奉基督教的 仁慈的
662,Christmas ,'krisməs, n.圣诞节
663,church ,tʃə:tʃ, n.教堂 礼拜堂 礼拜仪式 基督教徒 教会 adj.教堂的 vt.把...带到教堂接受某种宗教仪式
664,cigarette ,.sigə'ret, n.香烟 纸烟 卷烟
665,cinema ,'sinimə, n.电影院 电影 影片
666,circle ,'sə:kl, n.圆 圆周 圈子 社交圈 循环 vt. & vi.包围 盘旋 环绕
667,circuit ,'sə:kit, n.电路 环行 一圈 巡行 巡回vt. & vi.巡回
668,circular ,'sə:kjulə, adj.圆的 循环的 n.传单 通报
669,circulate ,'sə:kjuleit, vt.使循环 使流通 vi.流通 循环 传播
670,circumference ,sə'kʌmfərəns, n.圆周 周长 周围 圆周线 胸围
671,circumstance ,'sə:kəmstəns, n.情况 条件 境遇 环境 (复数)境况 事件 详情
672,citizen ,'sitizn, n.公民 市民 居民
673,city ,'siti, n.城市 都市
674,civil ,'sivil, adj.国内的 公民的 文职的 文明的 有礼貌的 民用的
675,civilization ,.sivilai'zeiʃən, n.文明 文化 开化
676,civilize ,'sivilaiz, vt.使文明 教育
677,claim ,kleim, vt.要求 请求 声称 主张 断言 索取 n.要求 要求权 主张 断言 声称 要求物
678,clap ,klæp, vi.拍手 砰的一声 突然离开 vt.拍 轻拍 轻敲 鼓掌 击掌 急速放置 n.拍手 拍手声 一阵强风
679,clarify ,'klærifai, vt.澄清 阐明 使...明晰
680,clasp ,klɑ:sp, n.扣子 钩子 别针 紧握 v.扣紧 紧握 密切合作
681,class ,klɑ:s, n.班 班级 (等)阶级 种类 vt.分类
682,classical ,'klæsikəl, adj.古典的 经典的 典雅的
683,classification ,.klæsifi'keiʃən, n.分类 分级 分类法
684,classify ,'klæsifai, vt.把...分类 分类 归类
685,classmate ,'klɑ:smeit, n.同班同学
686,classroom ,'klɑ:srum, n.教室 课堂
687,claw ,klɔ:, n.爪 钳 脚爪 螯 爪状物 vt. & vi.抓 撕
688,clay ,klei, n.粘土 泥土 肉体
689,clean ,kli:n, adj.清洁的 干净的 纯洁的 正当的 完全的 精准的 空的 adv.完全地 n.清洁 vt. & vi.打扫 清扫
690,clear ,kliə, adj. 清晰的 清楚的 明确的 澄清的 头脑清醒的 vt. 清除 清除障碍 澄清 使明亮 明确 vi. 变清晰 消失 放晴 adv. 清楚地 一直 n. 间隙 空地 开旷的地方
691,clearly ,'kliəli, adv.明白地 清晰地 adj.清楚的
692,clerk ,klɑ:k, n.店员 办事员 职员
693,clever ,'klevə, adj.聪明的 机敏的
694,cliff ,klif, n.悬崖 峭壁
695,climate ,'klaimit, n.气候 风土 地带 风气 气氛
696,climb ,klaim, vt. & vi.攀登 爬 上升 n.攀登(处)
697,cloak ,kləuk, n.斗篷 覆盖(物) 宽大外衣 掩护 v.遮掩 隐匿
698,clock ,klɔk, n.钟 时钟 计时器 仪表
699,close ,"kləus,kləuz", vt.关闭 结束 靠近 vi. 关 停业 搏斗 n. 完结 结论 adj. 靠近的 亲近的 几乎 密切的 势均力敌的adv. 紧挨着 紧紧地
700,closely ,'kləusli, adv.紧密地 接近地 严密地
701,cloth ,klɔθ, n.布 衣料 桌布
702,clothe ,kləuð, vt.给...穿衣服 穿上 覆上 授以 赋予 表达
703,clothes ,kləuðz, n.衣服 服装 被褥
704,clothing ,'kləuðiŋ, n.(总称)衣服 被褥
705,cloud ,klaud, n.云 云状物 云状的烟 阴影 vt.使…模糊 以云遮敝 笼罩 使…混淆 毁坏 vi.脸色显得阴沉
706,cloudy ,'klaudi, adj.多云的 云一般的
707,club ,klʌb, n.俱乐部 夜总会 击棍 扑克牌中的梅花 vt.用棍棒打 集合 vi.集合 分担花费 泡夜总会
708,clue ,klu:, n.线索 暗示 提示 vt.提示
709,clumsy ,'klʌmzi, adj.笨拙的 笨重的 愚笨的 不得体的
710,coach ,kəutʃ, n.长途公共汽车 大巴 教练 (火车)客车车厢 四轮马车 经济舱 vt. & vi.训练 指导
711,coal ,kəul, n.煤 煤块 木炭 运煤工 vt.烧成炭 供应煤 vi.装煤 加煤
712,coarse ,kɔ:s, adj.粗的 粗糙的 非精制的 粗俗的
713,coast ,kəust, n.海岸 海滨(地区) 滑坡 vt.沿海岸而行 vi.下滑
714,coat ,kəut, n.外套 上衣 表皮 动物皮毛 一层 vt.外面覆盖 盖上毛衣
715,cock ,kɔk, n.公鸡 雄禽 旋塞 (男子间友好的互称用语)老兄 阴茎 vt.立起 竖起 vi.昂首阔步地走
716,code ,kəud, n.码 密码 法规 准则 法典 代码 vt.把...编码 制成法典
717,coffee ,'kɔfi, n.咖啡 咖啡茶
718,coil ,kɔil, n.(一)卷 线圈 骚动 【电】线圈 绕组 vt. & vi.盘绕 卷
719,coin ,kɔin, n.硬币 金钱 货币 铸造(硬币) vt.制造钱币 创造 adj.与硬币有关的
720,cold ,kəuld, adj.冷的 冷淡的 漠然的 客观的 n.冷 感冒 低温 adv.唐突地 无回旋余地地 即兴地
721,collapse ,kə'læps, vi.倒坍 崩溃 瓦解 折叠 vt.倒塌 缩减 n.崩溃 倒塌 暴跌
722,collar ,'kɔlə, n.衣领 项圈 vt.抓住 为...戴上项圈
723,colleague ,'kɔli:g, n.同事 同僚
724,collect ,"'kɔlekt,kə'lekt", vt.收集 推论 接走 vi.收款 聚集 积累 adj. & adv.对方付费(的)
725,collection ,kə'lekʃən, n.搜集 收集 收藏品 小组 集合
726,collective ,kə'lektiv, adj.集体的 共同的 集合性的 n.集体
727,college ,'kɔlidʒ, n.学院 学校 社团 枢机主教团 大学
728,collision ,kə'liʒən, n.碰撞 冲突
729,colonel ,'kə:nl, n.陆军上校 中校
730,colony ,'kɔləni, n.侨民 殖民地 侨居地 聚居(地)
731,color ,'kʌlə, n.颜色 彩色 颜料 气色 风格 vt.把...涂颜色 粉饰 vi.脸红
732,column ,'kɔləm, n.柱 支柱 圆柱 柱形物 专栏 [计算机]列
733,comb ,kəum, n.梳子 梳状物 鸡冠 蜂巢 vt.梳理 清理 搜查 用梳子 vi.搜寻
734,combination ,.kɔmbi'neiʃən, n.结合 联合 化合 联合体
735,combine ,kəm'bain, vt.使结合 兼有 融合 联结 收割 混合谷物 vi.结合 联合 n.集团 联合收割机
736,come ,kʌm, vi.来 来到 达到 出现 发生 进入 vt.接近 扮演
737,comfort ,'kʌmfət, n.舒适 安慰 安慰者 vt.安慰
738,comfortable ,'kʌmfətəbl, adj.舒适的 安慰的 充裕的
739,command ,kə'mɑ:nd, vt.命令 指挥 控制 支配 n.命令 指挥 控制 [计算机]DOS命令：引用辅助命令处理器
740,commander ,kə'mɑ:ndə, n.司令官 指挥员
741,comment ,'kɔment, n.评论 意见 注释 闲话 v.注释 评论
742,commerce ,'kɔmə:s, n.商业 贸易 社交
743,commercial ,kə'mə:ʃəl, adj.商业的 商品化的 n.商业广告
744,commission ,kə'miʃən, n.委任(状) 任官令 委员会 佣金 犯罪行为 vt.委任 委托 使服役
745,commit ,kə'mit, vt.犯(错误) 干(坏事) 委托(托付) 作...事 承诺 [计算机]委托
746,committee ,kə'miti, n.委员会 全体委员
747,common ,'kɔmən, adj.普通的 共同的 平常的 n.平民 普通 公地 公园
748,commonly ,'kɔmənli, adv.普通地 一般地 通常地
749,communicate ,kə'mju:nikeit, vi.通讯 传达 传播 vi.交流 沟通 联通
750,communication ,kə.mju:ni'keiʃən, n.通讯 传达 交通 信息 [计算机]通信
751,communism ,'kɔmjunizəm, n.共产主义
752,Communism ,'kɔmjunizəm, n.共产主义学说 共产主义制度
753,communist ,'kɔmjunist, n.共产党员 共产主义者 adj.共产主义的
754,community ,kə'mju:niti, n.社区 团体 社会 公社 群落(生)
755,companion ,kəm'pænjən, n.同伴 同事 共事者 伴侣 成对物品之一 (船的)甲板间扶梯(或扶梯的顶篷) vt. & vi.陪伴
756,company ,'kʌmpəni, n.公司 商号 同伴 客人 一群 连队 vt.陪伴 vi.联合
757,comparative ,kəm'pærətiv, adj.比较的 相对的 n.对手
758,compare ,kəm'pɛə, vt. & vi.比较 对照 比作 比喻 n.比较 对照
759,comparison ,kəm'pærisn, n.比较 对照 比似
760,compass ,'kʌmpəs, n.罗盘 指南针 圆规 vt.图谋 包围 达成
761,compel ,kəm'pel, vt.强迫 迫使屈服
762,compete ,kəm'pi:t, vi.比赛 竞争 对抗
763,competent ,'kɔmpitənt, adj.有能力的 胜任的 足够的 应该做的
764,competition ,.kɔmpi'tiʃən, n.竞争 比赛
765,compile ,kəm'pail, vt.编辑 编制 编译 编纂 搜集
766,complain ,kəm'plein, vi.抱怨 拆苦 悲叹 控告 控诉
767,complaint ,kəm'pleint, n.抱怨 怨言 控告
768,complete ,kəm'pli:t, adj.完整的 完成的 彻底的 vt.完成 使圆满 使完美
769,completely ,kəm'pli:tli, adv.十分 完全地 全然
770,complex ,'kɔmpleks, adj.结合的 复杂的 n.复合体
771,complicate ,'kɔmplikeit, vt.使复杂 使陷入 使错综 使起纠纷
772,complicated ,'kɔmplikeitid, adj.复杂的 难懂的
773,component ,kəm'pəunənt, n.组成部分 分 组件 元件 成份 adj.组成的 构成的
774,compose ,kəm'pəuz, vt.组成 构成 创作 写作 作曲 使镇静 vi.创作
775,composition ,.kɔmpə'ziʃən, n.构成 作品 写作 作文 著作 组织 合成物 成份
776,compound ,"'kɔmpaund,kɔm'paund", n. 化合物 混合物 复合词 adj. 复(混)合的 合成的 vt. 混合 调合 妥协 vi. 混合 妥协
777,comprehension ,.kɔmpri'henʃən, n.理解 理解力 领悟
778,comprehensive ,.kɔmpri'hensiv, adj.广泛的 理解的 综合的
779,compress ,"'kɔmpres,kəm'pres", vt.压紧 压缩 [计算机] 压缩
780,comprise ,kəm'praiz, vt.包含 包括 构成
781,compromise ,'kɔmprəmaiz, n.妥协 让步 和解 折衷 折衷案 vt.妥协处理 危害 vi.妥协 让步
782,compute ,kəm'pju:t, vt.计算 估计 估算
783,computer ,kəm'pju:tə, n.计算机 电脑
784,comrade ,'kɑ:mræd, n.同志 亲密的同伴
785,conceal ,kən'si:l, vt.把...隐藏起来 掩盖
786,concentrate ,'kɔnsentreit, vt. & vi.集中 专心 聚集 浓缩 n.浓缩 精选
787,concentration ,.kɔnsen'treiʃən, n.集中 专心 专注 浓缩 浓度
788,concept ,'kɔnsept, n.概念 观念 设想
789,concern ,kən'sə:n, n.关心(人或事) 忧虑 挂念 关系 公司 企业 vt.涉及 影响 关心
790,concerning ,kən'sə:niŋ, prep.关于
791,concert ,'kɔnsət, n.音乐会 演奏会 一致 和谐 vt.制定计划 通过协商达成一致 vi.合作
792,conclude ,kən'klu:d, vt.推断出 使结束 缔结 断定 得出结论 vi.结束 作出决定
793,conclusion ,kən'klu:ʒən, n.结论 推论 结尾
794,concrete ,'kɔnkri:t, n.水泥 混凝土 具体物 adj.具体的 实在的 水泥的 vt. & vi.凝结 结合
795,condemn ,kən'dem, vt.谴责 指责 判刑 官方宣称(某事物)有缺陷或不宜使用
796,condense ,kən'dens, vt.压缩 使缩短 浓缩 摘要
797,condition ,kən'diʃən, n.状况 状态 环境 条件 v.以...为条件 决定 支配 训练
798,conduct ,kən'dʌkt, n.举止 行为 品行 指导 vi.引导 指挥 管理 vt.导电 传热
799,conductor ,kən'dʌktə, n.售票员 (乐队)指挥 导体
800,conference ,'kɔnfərəns, n.会议 讨论会
801,confess ,kən'fes, vt.供认 承认 坦白 告白 忏悔
802,confidence ,'kɔnfidəns, n.信任 信赖 信心 把握 adj.骗得信任的
803,confident ,'kɔnfidənt, adj.确信的 自信的  添加微信brcola获取更多免费资料
804,confine ,kən'fain, vt.限制 禁闭 n.边界 约束 范围 限制
805,confirm ,kən'fə:m, vt.证实 肯定 批准 确定
806,conflict ,'kɔnflikt, n.争论 冲突 斗争 战斗 矛盾 vi.争执 撞斗 冲突 [计算机] 冲突
807,confuse ,kən'fju:z, vt.使混乱 混淆 狼狈 困惑
808,confusion ,kən'fju:ʒən, n.混乱 骚乱 混淆 不确定状态
809,congratulate ,kən'grætju.leit, vt.祝贺 向...道喜
810,congratulation ,kən.grætju'leiʃən, n.祝贺 祝贺词
811,congress ,'kɔŋgres, n.大会 国会 议会 集会
812,conjunction ,kən'dʒʌŋkʃən, n.接合 连接 连接词 关联 (事件等的)同时发生
813,connect ,kə'nekt, vt.连接 连结 联通 联系 使有联系
814,connection ,kə'nekʃən, n.连接 联系 关系 亲戚 连贯性
815,conquer ,.kɔŋkə, vt.征服 战胜 克服 破除 vi.得胜
816,conquest ,'kɔŋkwest, n.攻取 征服 克服
817,conscience ,'kɔnʃəns, n.良心 道德心 责任心 顾忌
818,conscious ,'kɔnʃəs, adj.意识到的 神志清醒的 意识到的 自觉的 有意的 n.意识
819,consciousness ,'kɔnʃəsnis, n.意识 觉悟 知觉 自觉
820,consent ,kən'sent, n.同意 赞成 许可 vi.同意 承诺
821,consequence ,'kɔnsikwəns, n.结果 后果
822,consequently ,'kɔnsikwəntli, adv.因此 因而 所以
823,conservation ,.kɔnsə:'veiʃən, n.保存 保护 守恒 防止流失 守恒 保护自然资源
824,conservative ,kən'sə:vətiv, adj.保守的 守旧的 n.保守的人 保守派(党)
825,consider ,kən'sidə, vt.认为 考虑 思考 关心
826,considerable ,kən'sidərəbl, adj.相当大的 重要的 可观的
827,considerate ,kən'sidərit, adj.考虑周到的 体谅的
828,consideration ,kənsidə'reiʃən, n.考虑 思考 体贴 考虑因素 敬重 意见
829,consist ,kən'sist, vi.由...组成 存在 一致 在于 n.组成
830,consistent ,kən'sistənt, adj.坚持的 一贯的 始终如一的 一致的
831,constant ,'kɔnstənt, adj.经常的 永恒的 不变的n.常数 恒量
832,constitution ,.kɔnsti'tju:ʃən, n.章程 体质 构造 组织 宪法 体格
833,construct ,"'kɔnstrʌkt,kən'strʌkt", vt.建造 建设 构筑 绘制 想出 n.构想 建造物
834,construction ,kən'strʌkʃən, n.建造 建设 建筑 建筑物 结构 构造
835,consult ,kən'sʌlt, vt.向...请教 查阅 商讨
836,consume ,kən'sju:m, vt.消耗 消费 消灭 毁灭 吃、喝、挥霍 vi.耗尽生命 被烧毁
837,consumption ,kən'sʌmpʃən, n.消耗量 消耗 消费
838,contact ,'kɔntækt, vt.使接触 与...联系 n.接触 联系 联系人 adj.接触的
839,contain ,kən'tein, vt.包含 容纳 等于 克制 抑制 vi.自制
840,container ,kən'teinə, n.容器 集装箱
841,contemporary ,kən'tempərəri, adj.当代的 同时代的 同时的 现代的 n.同时代的人
842,contempt ,kən'tempt, n.轻蔑 藐视 受辱
843,content ,"'kɔntent,kən'tent", n.内容 目录 容量 adj.满足的 满意的 vt.使...满足 使...安心
844,contest ,"'kɔntest,kən'test", vt.争夺 争取 辩驳 竞赛 vi.奋斗 n.竞赛 比赛
845,continent ,'kɔntinənt, n.大陆 陆地 洲 (the Continent)欧洲大陆
846,continual ,kən'tinjuəl, adj.不断的 连续的 频繁的
847,continue ,kən'tinju:, vt. & vi.继续 连续 维持 延伸
848,continuous ,kən'tinjuəs, adj.连续不断的 连续的 继续的 连绵不断的 持续的
849,contract ,"'kɔntrækt,kən'trækt", n.契约 合同书 合同 婚约 v.缩短 缩小 vt.订约
850,contradiction ,.kɔntrə'dikʃən, n.矛盾 不一致 否认 反驳
851,contrary ,'kɔntrəri, adj.相反的 截然不同的 n.相反 反面 adv.相反(地)
852,contrast ,"'kɔntræst,kən'træst", n.对比 对照 悬殊 差别 v.对比 成对照 [计算机] 反差
853,contribute ,kən'tribju:t, vt.捐献 捐助 投稿 vi.投稿 贡献 是原因之一
854,control ,kən'trəul, vt.控制 克制 掌管 支配 n.克制 控制 管制 操作装置
855,convenience ,kən'vi:njəns, n.便利 方便 便利设施 厕所 适宜 方便的时间 舒适
856,convenient ,kən'vi:njənt, adj.便利的 近便的 方便的
857,convention ,kən'venʃən, n.习俗 惯例 公约 大会 协定 [计算机] 约定
858,conventional ,kən'venʃənl, adj.普通的 习惯的 传统的 惯例的 常规的
859,conversation ,.kɔnvə'seiʃən, n.会话 谈话 非正式会谈
860,conversely ,kən'və:sli, adv.相反地
861,conversion ,kən'və:ʃən, n.转变 转化 改变 改变信仰 换位
862,convert ,"'kɔnvə:t,kən'və:t", vt.使转变 使改变 倒置 n.皈依者 改宗者
863,convey ,kən'vei, vt.传送 运送 传播 转移 [计算机] 输送
864,convince ,kən'vins, vt.使确信 使信服 说服 使...相信
865,cook ,kuk, vt.烹调 煮 编造 虚构 烧(菜) vi.烧菜 发生 做好 n.厨师 烧菜
866,cool ,ku:l, adj.凉的 冷静的 冷色系的 adv.冷静地 n.凉快 vt. & vi.(使)变凉 (使)冷静
867,cooperate ,kəu'ɔpəreit, vi.合作 协作 配合
868,coordinate ,"kəu'ɔ:dneit,kəu'ɔ:dnit", vt.使协调 调节 整合 使一致 [计算机] 坐标 n. 同等的人物 (色调 图案 样式等)配套服装 adj. 同等的 等位的 (大学)男女分院制的
869,cope ,kəup, vi.对付 应付 对抗 n.长袍 斗篷状物 vt.笼罩
870,copper ,'kɔpə, n.铜 铜币 铜制器 有紫铜色翅膀的小蝴蝶 警官 vt.镀铜
871,copy ,'kɔpi, n.抄件 副本 模仿 一册 稿件 vt.抄写 抄袭 复制 复印 vi.复制 抄写 n. [计算机] DOS命令：复制组合文件 拷贝
872,cord ,kɔ:d, n.细绳 粗线 索 束缚 vt.用绳索绑
873,cordial ,'kɔ:djəl, adj.真诚的 诚恳的 热忱的 兴奋的 n.兴奋剂 补品
874,core ,kɔ:, n.果实的心 核心 要点 vt.挖去果核
875,corn ,kɔ:n, n.谷物 谷粒 陈词滥调 鸡眼 (英)小麦 vt.使成颗粒状 用盐水腌制 用谷物喂 vi.变成颗粒
876,corner ,'kɔ:nə, .n 角 角落 转角 窘境 犄角 边远地区 偏僻住所 [计算机] 角点 vt. 使...走投无路 使...陷入绝境 垄断 转弯adj.位于角落
877,corporation ,.kɔ:pə'reiʃən, n.公司 法人 集团 企业 社团
878,correct ,kə'rekt, adj.正确的 vt. & vi.改正 纠正
879,correction ,kə'rekʃən, n.改正 纠正 修改 改正的地方
880,correspond ,.kɔris'pɔnd, vi.相符合 相当 通信
881,correspondent ,.kɔri'spɔndənt, n.通信者 通讯记者 通讯员 adj.与...一致的 相应的
882,corresponding ,.kɔri'spɔndiŋ, adj.相应的 符合的 一致的 相同的 相当的
883,corridor ,'kɔridɔ:, n.走廊 回廊 通路
884,cost ,kɔst, n.价格 代价 成本 费用 vt.花费 使付出 vi.值 付出 [计算机] 费用
885,costly ,'kɔstli, adj.昂贵的 价值高的 代价高的
886,cottage ,'kɔtidʒ, n.村舍 小屋
887,cotton ,'kɔtn, n.棉 棉花 棉线 棉布 vi.向…讨好 明白 领悟
888,cough ,kɔf, vt. & vi.咳 咳嗽 n.咳嗽
889,could ,kud, aux.v.(can的过去式)
890,council ,'kaunsil, n.理事会 委员会 商议
891,count ,kaunt, vt.计算 视为 依赖 vi.数 计数 n.计数
892,counter ,'kauntə, n.柜台 计数器 计算者 [计算机] 计数器 adj.相反的 adv.与…相反地 vt.反对 反击 vi.反对 反击
893,country ,'kʌntri, n.国家 国土 农村 adj.国家(的) 农村(的)
894,countryside ,'kʌntri'said, n.乡下 农村
895,county ,'kaunti, n.英国的郡 美国的县
896,couple ,'kʌpl, n.夫妇 (一)对 几个 数个 v.加倍 成双 连结
897,courage ,'kʌridʒ, n.勇气 胆量 胆识
898,course ,kɔ:s, n.课程 讲座 过程 路线 一道菜
899,court ,kɔ:t, n.法院 法庭 庭院 奉承 球场 v.献殷勤 追求 招致危险
900,cousin ,'kʌzn, n.堂(或表)兄弟(姐妹)
901,cover ,'kʌvə, vt.盖 覆盖 包括 涉及 包含n.盖子 封面 表面
902,cow ,kau, n.母牛 奶牛 母兽
903,coward ,'kauəd, n.懦夫 胆怯者 adj.胆小的
904,crack ,kræk, n.裂缝 裂纹 声变 vi.爆裂 破裂 声变 打开
905,craft ,krɑ:ft, n.工艺 手艺 行业 航空器
906,crane ,krein, n.起重机 摄影升降机 鹤 v.引颈 伸长(脖子) vt.伸长(脖子等)
907,crash ,kræʃ, vi.碰撞 坠落 猛使...破碎 迫降 n.碰撞 猛撞 轰隆声 崩溃 破产 垮台
908,crawl ,krɔ:l, vi.爬 爬行 n.爬行 匍匐而行
909,crazy ,'kreizi, adj.疯狂的 荒唐的
910,cream ,kri:m, n.奶油 乳酪 乳脂 奶油色 面霜 精华
911,create ,kri'eit, vt.创造 引起 产生
912,creative ,kri'eitiv, adj.创造性的 创作的
913,creature ,'kri:tʃə, n.生物 动物 家畜 人
914,credit ,'kredit, n.信用贷款 信用 荣誉 学分 v.归功于 赞颂 信任
915,creep ,kri:p, vi.爬行 缓慢地行进 蔓延 n.爬 徐行 蠕动
916,crew ,kru:, n.全体船员 全体乘务员 vi.一起工作
917,cricket ,'krikit, n.板球 蟋蟀 vi.打板球
918,crime ,kraim, n.罪 罪行 犯罪 羞耻
919,criminal ,'kriminəl, n.犯人 罪犯 刑事犯 adj.犯罪的 刑事的 无耻的
920,cripple ,'kripl, n.跛子 残废的人 v.使...跛 使...成残废 削弱
921,crisis ,'kraisis, n.危机 存亡之际
922,critic ,'kritik, n.批评家 评论家 爱挑剔的人
923,critical ,'kritikəl, adj.决定性的 批评的 危险的 挑剔的 临界的
924,criticism ,'kriti.sizəm, n.批评 批判 评论
925,criticize ,'kritisaiz, vt.批评 评论 非难 吹毛求疵 vi.批评
926,crop ,krɔp, n.农作物 庄稼 收成 一熟 一群 平头 vt.割掉 修剪 剪短 收割 使谷物生长 vi.啃青草 种植谷物
927,cross ,krɔs, vt.穿过 划叉剔除 画横线于 vi.穿越 prep.穿过 n.十字架 十字架形物件 交叉 交叉路 adj.生气的 交叉的
928,crow ,krəu, n.鸦 乌鸦 啼叫 欢叫 vi.啼 啼叫 报晓 欢叫 vt.洋洋夸口 自鸣得意
929,crowd ,kraud, n.群 大众 一伙人 一堆 vi.拥挤 挤满 挤进 vt.挤满 将...塞进 催促
930,crown ,kraun, n.王冠 冕 王权 顶点 花冠 vt.使...成王 加冕 居...之顶 为牙齿镶上假齿冠 vi.火迅速烧到树的顶端
931,crude ,kru:d, adj.简陋的 天然的 未加工的 粗鲁的 n.原油
932,cruel ,'kru:əl, adj.残忍的 残酷的 引起痛苦的
933,crush ,krʌʃ, vt.压碎 碾碎 镇压 拥挤的人群 迷恋 关键时刻 果汁 榨汁酿酒 vt.压破 征服 挤入 镇压 vi.被压碎 挤
934,crust ,krʌst, n.面包皮 硬外皮 外壳 坚硬的外壳 vt.盖以硬皮 vi.结硬皮
935,cry ,krai, vi.哭 哭泣 叫喊 强烈要求 vt.大声叫喊 宣传 哭得... n.叫 哭 喊 口号 叫卖声 普遍意见
936,crystal ,'kristl, n.水晶 结晶体 晶粒adj.清澈透明的 晶体的
937,cube ,kju:b, n.立方体 立方 vt.求...的立方 adj.立方的
938,cubic ,'kju:bik, adj.立方体的 立方的
939,cucumber ,'kju:kəmbə, n.黄瓜
940,cultivate ,'kʌltiveit, vt.耕 种植 培养 栽培 结交(朋友) 促进增长 教养
941,culture ,'kʌltʃə, n.文化 文明 教养 种植 vt.培养
942,cunning ,'kʌniŋ, adj.狡猾的 狡诈的 有眼光的 精巧的 可爱的 n.狡诈 灵巧
943,cup ,kʌp, n.杯子 (一)杯 奖杯 v.(使)成杯形 vt.使成杯形
944,cupboard ,'kʌbəd, n.碗柜 碗碟橱 食橱
945,cure ,kjuə, vt.医治 消除 vt. &vi.治疗 治愈 改正 n.治疗 治愈 治疗法
946,curiosity ,.kjuəri'ɔsiti, n.好奇 好奇心 珍品
947,curious ,'kjuəriəs, adj.好奇的 奇特的 稀奇古怪的
948,curl ,kə:l, n.卷毛 螺旋 vi.卷曲 弄卷 弯曲
949,current ,'kʌrənt, adj.当前的 现在的 最近的 通用的 流通的 n.(水、气、电)流 趋势
950,curse ,kə:s, n.诅咒 咒骂 天谴 祸端 行经 vt.咒骂 诅咒 引起灾祸 vi.诅咒
951,curtain ,'kə:tn, n.帘 窗帘 幕(布) 遮蔽物 vt.用窗帘装饰 遮蔽
952,curve ,kə:v, n.曲线 弯 弯曲 曲球 vt.弄弯 使...弯曲 vi.弯曲
953,cushion ,'kuʃən, n.垫子 坐垫 橡皮软垫 缓冲 vt.加垫褥 放在垫子上 保护 减缓 为...装垫子
954,custom ,'kʌstəm, n.习惯 风俗 海关
955,customer ,'kʌstəmə, n.顾客 主顾 家伙
956,cut ,kʌt, vt. 切 割 剪 减少 停止 修剪 vi. 切割 快速移动 [计算机] 剪掉 n. 切口 割伤 降低 份额 删节 割下的一块肉
957,cycle ,'saikl, n自行车 循环 周期 长期 圈 套曲 vt.环行 骑自行车 vi.使环行
958,daily ,'deili, adj.每日的 按天计算的 日常的 adv.每日 天天 n.日报 (复)工作样片 
959,dairy ,'dɛəri, n.牛奶场 乳制品 乳品店 adj.牛奶的
960,dam ,dæm, n.水坝 水堤 障碍物 vt.筑坝 抑制(情感）等
961,damage ,'dæmidʒ, vt.损害 毁坏 n.(pl.)赔偿 损坏 毁坏 损害
962,damp ,dæmp, adj.潮湿的 有湿气的 n.毒气 湿气 丧气 vt.呛 抑制 使潮湿 vi.衰减
963,dance ,dɑ:ns, vi.跳舞 摇晃 雀跃 vt.使跳跃 使某人以跳舞的方式进入 n.舞 跳舞 舞蹈 舞会 舞步
964,danger ,'deindʒə, n.危险 危险事物
965,dangerous ,'deindʒərəs, adj.危险的 不安全的 引起危险的
966,dare ,dɛə, vt. & vi. & aux.v.敢 竟敢 敢于 勇于面对 n.敢 挑战
967,daring ,'dɛəriŋ, adj.大胆的 勇敢的 n.冒险精神
968,dark ,dɑ:k, adj.暗的 黑色的 n.黑暗 暗处
969,darling ,'dɑ:liŋ, n.亲爱的人 可爱的人 可爱的物 宠儿 adj.可爱的 亲爱的
970,dash ,dæʃ, vt.使猛撞 猛掷 泼溅 冲撞 匆忙 溅 vi.猛冲 猛撞 n.猛冲 冲撞 破折号 少量 短跑 冲劲
971,data ,'deitə, n.(datum的复数)数据 资料
972,date ,deit, n.日期 约会 枣椰子 vt.约会 定...日期 vi.追溯到 n. [计算机] DOS命令：显示或设置系统日期
973,daughter ,'dɔ:tə, n.女儿 adj.与女儿有关的 女性直系后代的
974,dawn ,dɔ:n, n.黎明 破晓 开端 vi.破晓 逐渐明白
975,day ,dei, n.(一)天 白昼 白天
976,daylight ,'deilait, n.白昼 日光 黎明
977,dead ,ded, adj.死的 无生命的 萧条的 精疲力竭的 用完的 无趣的 adv.完全地 突然地 直接地 n.死者 死
978,deadly ,'dedli, adj.致命的 致死的 死一般的 adv.非常地 如死一般地
979,deaf ,def, adj.聋的 不愿听的
980,deal ,di:l, n.买卖 待遇 交易 协定 份量 vt.(dealt dealt [delt])处理 应付 分配 给予
981,dear ,diə, adj.严重的 珍贵的 亲爱的 昂贵的 衷心的 adv.高价地 热爱地 n.亲爱的人 可爱的人 int.啊 哎呀
982,death ,deθ, n.死 死亡 灭亡 死神
983,debate ,di'beit, n. &vi.争论 辩论 商讨 vt.争论 思考
984,debt ,det, n.债 债务 欠债 负债状态 义务 罪 过失
985,decade ,'dekeid, n.十年 十年期
986,decay ,di'kei, vi.腐烂 衰败 n.腐烂 衰退
987,deceit ,di'si:t, n.欺骗 欺诈 诡计 不诚实
988,deceive ,di'si:v, vt.欺骗 蒙蔽 行骗 vi.行骗
989,December ,di'sembə, n.十二月
990,decent ,'di:snt, adj.正派的 体面的 有分寸的 得体的 相当好的
991,decide ,di'said, vt. & vi.决定 决心 解决 作出抉择
992,decision ,di'siʒən, n.决定 决心 果断 决策
993,deck ,dek, n.甲板 舱面 层面 桥面 楼层 vt.装饰
994,declare ,di'klɛə, vt. & vi.断言 声明 表明 宣布 申报
995,decorate ,'dekəreit, vt.装饰 装璜 修饰 授予某人奖章或其他奖状
996,decrease ,"'di:kri:s,di:'kri:s", vi. &n.减少 减少
997,deduce ,di'dju:s, vt.演绎 推论 推断 溯源
998,deed ,di:d, n.行为 事迹 功绩 (尤指房产)契约 证书 vt.通过行为转化
999,deep ,di:p, adj.深的 有...深的 深奥的 纵深的adv.深深地 晚地 n.深处
1000,deepen ,'di:pən, vt.加深 使...加深 使...强烈 vi.深化 加深 变浓
1001,deer ,diə, n.鹿
1002,defeat ,di'fi:t, vt.战胜 击败 挫败 n.败北 失败
1003,defect ,di'fekt, n.缺点 缺陷 欠缺 vi.背叛
1004,defence ,di'fens, n.防御 防务 辩护 答辩
1005,defend ,di'fend, vt. & vi.防护 辩护 防卫 保卫 防守
1006,define ,di'fain, vt.给...下定义 限定 解释
1007,definite ,'definit, adj.明确的 肯定的 一定的
1008,definitely ,'definitli, adv.一定地 明确地 确切地
1009,definition ,.defi'niʃən, n.定义 释义 定界 阐释 清晰度
1010,degree ,di'gri:, n.程度 度 度数 学位
1011,delay ,di'lei, vt.推迟 耽搁 延误 vi.耽搁 n.耽搁 迟滞
1012,delete ,di'li:t, vt.删除 擦掉
1013,delegation ,.deli'geiʃən, n.代表团 委派
1014,delicate ,'delikit, adj.纤细的 易碎的 精美的 微妙的 美味的 脆弱的 敏锐的 n.精美的东西
1015,delicious ,di'liʃəs, adj.美味的 可口的 怡人的
1016,delight ,di'lait, n.快乐 快乐 vt.使高兴 vi.给与乐趣
1017,deliver ,di'livə, vt.投递 递送 送交 发表 表达 释放 交付 接生 履行 vi.达成
1018,delivery ,di'livəri, n.投递 交付 分娩
1019,demand ,di'mɑ:nd, vt.要求 需要 询问 n.要求 需求
1020,democracy ,di'mɔkrəsi, n.民主 民主制 民主国家
1021,democratic ,.demə'krætik, adj.民主的 民主政体的 大众的 平等的
1022,demonstrate ,'demənstreit, vt.说明 论证 证明 表露 示范 演示 vi.示威
1023,dense ,dens, adj.密集的 浓厚的 愚钝的 不易看透的
1024,density ,'densiti, n.密集 稠密 密度 透明度
1025,deny ,di'nai, vt.否定 拒绝相信 拒绝 反对 克制
1026,depart ,di'pɑ:t, vi.离开 起程 出发 死亡 脱轨 vt.离开
1027,department ,di'pɑ:tmənt, n.部 司 局 处 系 部门 省
1028,departure ,di'pɑ:tʃə, n.离开 出发 起程 分歧
1029,depend ,di'pend, vi.依靠 依赖 相信 指望
1030,dependent ,di'pendənt, adj.依靠的 依赖的 附属的 悬垂的 n.受经济援助者
1031,deposit ,di'pɔzit, vt.使沉淀 存放 堆积 vi.沉淀 n.存款 定金 堆积物
1032,depress ,di'pres, vt.使沮丧 按下 降低 [计算机] 降低
1033,depth ,depθ, n.深度 深厚 深处 强度 诚挚
1034,derive ,di'raiv, vt.取得 得自 起源 引申于 vi.起源
1035,descend ,di'send, vt. & vi.降 传 降临 下来 下降 下倾
1036,describe ,di'skraib, vt.形容 描写 描绘 描述 画(尤指几何图形)
1037,description ,di'skripʃən, n.描写 描述 说明书 作图 形容 种类
1038,desert ,"'dezət,di'zə:t", n.沙漠 荒地 应得(的惩罚或奖励) vt.离弃 擅离 遗弃 vi.擅离职守 adj.沙漠的 荒凉的
1039,deserve ,di'zə:v, vt.应受 值得 vi.应该得到
1040,design ,di'zain, vt.设计 想像 计划 vi.计划 设计 n.设计 图样
1041,desirable ,di'zaiərəbl, adj.值得相望的 可取的 值得有的 令人满意的 有吸引力的 n.有吸引力的人
1042,desire ,di'zaiə, vt.要求 向往 请求 渴望 n.愿望 欲望 情欲
1043,desk ,desk, n.书桌 办公桌
1044,despair ,di'spɛə, n.绝望 失望 vi.绝望 失望
1045,desperate ,'despərit, adj.拼死的 绝望的 不顾一切的 极想得到的
1046,despise ,di'spaiz, vt.鄙视 蔑视
1047,despite ,di'spait, prep.不管 尽管 不顾 v.憎恨 轻视
1048,destination ,.desti'neiʃən, n.目的地 终点 目标 景点
1049,destroy ,dis'trɔi, vt. & vi.破坏 消灭 打破 [计算机] 撤消
1050,destruction ,di'strʌkʃən, n.破坏 毁灭 消灭 破坏者
1051,detail ,'di:teil, n.细节 详情 部分 分派 枝节 零件 vt.详述 选派 用小元素装饰 vi.画细节
1052,detect ,di'tekt, vt.察觉 发觉 侦察 发现 探测信息 vi.当侦探
1053,detection ,di'tekʃən, n.察觉 发觉 侦察 探测
1054,determination ,di.tə:mi'neiʃən, n.决心 (正式)决定 确定 规定 测定 定位
1055,determine ,di'tə:min, vt.决定 查明 决心 [计算机] 确定
1056,develop ,di'veləp, vt.发展 形成 开发 冲洗照片 vi.进步
1057,development ,di'veləpmənt, n.发展 开发 生长 显影 开发区
1058,device ,di'vais, n.器械 装置 设备 设计 策略
1059,devil ,'devl, n.魔鬼 恶魔 坏人 难对付的东西 困难 小尘暴 vt.加料 惹恼
1060,devise ,di'vaiz, vt.设计 发明 遗赠 n.遗赠(的财产)
1061,devote ,di'vəut, vt.将...奉献 致力于 投入于 献身
1062,dew ,dju:, n.露 露水
1063,diagram ,'daiəgræm, n.图解 图表 简图 vt.用图解法表示
1064,dial ,'daiəl, n.钟面 拨号盘 刻度盘 针面 转盘 vt.拨 用仪表测量 操作仪表 vi.拨号 用仪表测量 [计算机] 拨号
1065,dialect ,'daiəlekt, n.方言 土语 地方话
1066,dialog ,'daiəlɔg, n.对话 对白 (美)=dialogue
1067,diameter ,dai'æmitə, n.直径
1068,diamond ,'daiəmənd, n.金钢石 钻石 菱形 像钻石的物质 纸牌的方块 棒球内场 vt.用钻石装饰 adj.60或75周年纪念的
1069,diary ,'daiəri, n.日记 日记簿
1070,dictate ,"'dikteit,dik'teit", vt. & vi.口授 命令 听写 n.命令 指挥 指令
1071,dictation ,dik'teiʃən, n.口授笔录 听写
1072,dictionary ,'dikʃəneri, n.词典 字典 辞典
1073,die ,dai, vi.死 死亡 灭亡 n.金属模子 印模 骰子
1074,differ ,'difə, vi.不同(意见) 相异 不一致
1075,difference ,'difərəns, n.差别 差 分歧 vt.引起区别
1076,different ,'difərənt, adj.差异的 各种的 不同的 与众不同的
1077,difficult ,'difikəlt, adj.困难的 难对付的 (人)难取悦的 难相处的
1078,difficulty ,'difikəlti, n.困难 争议 反对 麻烦 难事 困境
1079,dig ,dig, vt.掘 挖 翻土 采掘
1080,digest ,dai'dʒest, vt.消化 领会 理解 vi.消化 n.文摘 摘要
1081,digital ,'didʒitəl, adj.数字的 计数的 手指的 数码的 电子的
1082,diligent ,'dilidʒənt, adj.勤勉的 勤奋的 用功的
1083,dim ,dim, adj.昏暗的 暗淡的 朦胧的 模糊的 笨的 vt.使暗淡 使失去光泽 vi.变暗 n.车头灯的短焦距光
1084,dimension ,di'menʃən, n.尺寸 尺度 面积 次元 容积 维度 范围 方面 vt.标尺寸 形成...尺寸
1085,dinner ,'dinə, n.正餐 主餐 宴会 晚宴
1086,dip ,dip, vt.浸 蘸 给...洗药浴 vi.浸一浸 下降 向下倾斜 翻阅 提取(款项) n.游 下降 减少 低洼处 调味酱 药浴液
1087,direct ,di'rekt, adj.直接的 直率的 笔直的 坦白的 vt.指挥 命令 负责 vi.指导 指出
1088,direction ,di'rekʃən, n.方向 方位 指导 用法说明 趋势
1089,directly ,di'rektli, adv.直接地 立即 完全
1090,director ,"di'rektə, dai'rektə", n.指导者 理事 董事 经理 主管 导演
1091,dirt ,də:t, n.尘 土 污物 污垢 泥土 污秽的言行 卑鄙的人 堕落 矿渣
1092,dirty ,'də:ti, adj.脏的 下流的 肮脏的 色情的 卑鄙的 adv.卑鄙地 vt.使...变脏 vi.弄脏
1093,disable ,dis'eibl, vt.使无能 使伤残 使...失去能力
1094,disadvantage ,.disəd'væntidʒ, n.不利 不利地位 不利条件 损害 损失
1095,disagree ,.disə'gri:, vi.有分歧 不一致 不适应 不适宜
1096,disappear ,.disə'piə, vi.不见 失踪 消失 灭绝 vt.引起消失
1097,disappoint ,.disə'pɔint, vt. & vi.使失望 使受挫折
1098,disaster ,di'zɑ:stə, n.灾难 灾祸 天灾
1099,disk ,disk, n.圆盘 唱片 磁盘 光盘 花盘 盘形物 [计算机] 磁盘 vt.用圆盘耙耙地
1100,discard ,"'diskɑ:d,dis'kɑ:d", vt.丢弃 抛弃 遗弃 vi.丢牌 n.丢牌 废牌
1101,discharge ,dis'tʃɑ:dʒ, vt. vi.释放 排出 放出 解雇 解除 放电 清偿债务 n.释放 卸货 放电 一股 一阵 开火 发射 准许离开
1102,discipline ,'disiplin, n.纪律 训练 惩罚 学科 vt.训练 惩罚
1103,disclose ,dis'kləuz, vt.揭开 揭发 透露
1104,discourage ,dis'kʌridʒ, vt.使泄气 使灰心 阻碍
1105,discover ,dis'kʌvə, vt. & vi.发现 暴露 显示
1106,discovery ,dis'kʌvəri, n.发现 被发现的事物
1107,discuss ,di'skʌs, vt.讨论 谈论 论述
1108,discussion ,di'skʌʃən, n.讨论 谈论 辩论 论述
1109,disease ,di'zi:z, n.病 疾病 病害 弊端
1110,disguise ,dis'gaiz, vi.隐瞒 掩埋 vt.假装 假扮 掩饰 n.假装 假面目 伪装物
1111,disgust ,dis'gʌst, n.厌恶 憎恶 嫌恶 vt. & vi.令人厌恶
1112,dish ,diʃ, n.碟 盘子 菜肴 凹形 vt.装盘 提出 揭露 挖空 vi.闲谈
1113,dishonour ,dis'ɔnə, n.不光彩 丢脸的人 耻辱 拒付 vt.使丢脸 侮辱 拒付 =dishonor
1114,dislike ,dis'laik, vt. &n.不喜爱 厌恶 反感
1115,dismiss ,dis'mis, vt.不再考虑 解雇 解散 开除 逃避 (法律)驳回
1116,disorder ,dis'ɔ:də, n.混乱 杂乱 骚乱 vt.扰乱
1117,display ,di'splei, vt.陈列 展览 显示 炫耀 vt.显示 表现 夸示
1118,disposal ,di'spəuzəl, n.丢掉 处理 销毁 菜碾碎器
1119,dispose ,di'spəuz, vi.去掉 丢掉 销毁 vt.倾向于 处置
1120,displease ,dis'pli:z, vt.使不愉快 使生气
1121,dispute ,di'spju:t, vi.争论 争执 vt.争论 质疑 争夺 抵抗 n.争论 争吵
1122,dissatisfy ,dis'sætisfai, vi.使不满 使不平
1123,dissolve ,di'zɔlv, vt.使溶解 解散 消除 解决(问题) 使沮丧 vi.消散 溶解 解散 液化 变得模糊 n.叠化画面
1124,distance ,'distəns, n. 距离 间距 远处 (人际关系的) 疏远 vt. 使疏远 把 (对手) 甩在后面 与...保持距离 adj. ( 通过电子手段 ) 远程 ( 教育 )
1125,distant ,'distənt, adj.在远处的 疏远的 疏远的 远房的 陌生的 远行的
1126,distinct ,di'stiŋkt, adj.与其他不同的 不同的 明显的 (from)独特的 清楚的
1127,distinction ,di'stiŋkʃən, n.差别 不同 区分 对比 杰出
1128,distinguish ,di'stiŋgwiʃ, vt.区别 辨别 认别 特别关注vi.区别
1129,distress ,di'stres, n.忧虑 悲伤 不幸 苦恼 贫困 忧郁 恶化 扣押财物 vt.使...苦恼 仿造 adj.亏本出售的
1130,distribute ,di'stribjut, vt. & vi.分发 分送 分布 分配
1131,distribution ,.distri'bju:ʃən, n.分发 分配 分布 散布
1132,district ,'distrikt, n.区 地区 区域 行政区 vt.划分区域 划分地区
1133,disturb ,dis'tə:b, vt. & vi.打扰 扰乱 弄乱 妨碍 使...不安
1134,ditch ,ditʃ, n.沟 沟渠 渠道 vt.坠入沟中 摆脱 飞机(在海上)迫降 vi.挖一条沟渠 飞机紧急降落
1135,dive ,daiv, vi.跳水 潜水 俯冲 vt.跳水 俯冲 vi.把...伸入
1136,diverse ,dai'və:s, adj.不一样的 相异的 不同的 多种多样的
1137,divide ,di'vaid, vt.分 分配 分开(组) vi.除 分开
1138,division ,di'viʒən, n.分 分配 除法 划分 分开 部门 师(军队)
1139,divorce ,di'vɔ:s, n.离婚 离异 vi.离婚 与...办离婚
1140,do ,du:, aux.v.vt. & vi.做 干 办
1141,dock ,dɔk, n.船坞 码头 (造)修船厂 尾巴的骨肉部分 被告席 vt.进港 (减)剪短 对接 vi.进港 对接
1142,doctor ,'dɔktə, n.医生 医师 博士 vt.医治 篡改 对...做手脚 vi.用药
1143,document ,"'dɔkjumənt,'dɔkjument", n.公文 文件 证件 [计算机] 文档 vt.记载 用文件等证明
1144,dog ,dɔg, n.狗 犬 犬科动物 卑鄙的人 vt.尾随 跟踪
1145,dollar ,'dɔlə, n.美元(货币单位)
1146,domestic ,də'mestik, adj.本国的 国内的 家庭的 驯养的 n.家仆 佣人
1147,donkey ,'dɔŋki, n.驴 笨蛋
1148,door ,dɔ:, n.门 通道 一家
1149,dorm ,dɔ:m, n.(集体)宿舍
1150,dormitory ,'dɔ:mitri, n.集体寝室 宿舍
1151,dose ,dəus, n.剂量 用量 一剂 vt.配
1152,dot ,dɔt, n.点 圆点 少量 小东西 vt.作小点记号 点缀 vi.作小点记号 [计算机] 点
1153,double ,'dʌbl, adj.两倍的 复制品 替身 双重角色的演员 反转 双的 双人房 adj.两倍的 双重的 骗人的 加量的 adv.两倍地 双人地 翻来覆去地 对折地 vt.使加倍 对折 握紧 做替身 vi.加倍 转身 兼任 替代演出
1154,doubt ,daut, n.怀疑 疑虑 不信任 vt.怀疑 不信任 vi.不确定
1155,doubtful ,'dautfəl, adj.难以预测的 怀疑的 疑心的 不确定的
1156,doubtless ,'dautlis, adv.无疑地 很可能 确定地 adj.无疑的 确定的
1157,down ,daun, adv. 向下 在下面 下跌 在南方 adj. 向下的 降低的 情绪低落 停止运行 n. 绒毛 汗毛 轻视 prep.沿着...而下
1158,downstairs ,.daun'stɛəz, adv.在楼下 向楼下 adj.楼下的 n.楼下
1159,downward ,'daunwəd, adj.向下的 adv.向下地
1160,dozen ,'dʌzn, n.一打 十二个 adj.一打的 十二个的
1161,draft ,dræft, n.草稿 草图 汇票 徵兵 vt.起草 征兵 选秀 adj.酝酿中的
1162,drag ,dræg, vt.拖 拉 拖曳 拖累 拖拉(动) vi.拖拉(动) 缓慢地行走 n.用来拖拉的东西 拖 拖累
1163,dragon ,'drægən, n.龙 凶暴的人 严厉的人
1164,drain ,drein, vt.排去 放水 耗尽 排出 排干 喝光 vi.变干 排出 排水 n.下水道 排水沟 消耗 耗竭
1165,drama ,'drɑ:mə, n.一出戏剧 剧本 戏剧 戏剧性情节 刺激
1166,dramatic ,drə'mætik, adj.引人注目的 戏剧的 给人深刻印象的 n.(pl.)戏剧作品 戏曲
1167,dramatization ,.dræməti'zeiʃən, n.编剧 改编成戏剧
1168,draw ,drɔ:, vt.(drew drawn) 拉 拖 挨近 提取 画 绘制 划 拨出 n.平局 抽签 拉 拽 吸引人的事物
1169,drawer ,'drɔ:ə, n.抽屉
1170,drawing ,'drɔ:iŋ, n.图画 素描 绘图 绘图技巧
1171,dread ,dred, n.畏惧 恐怖 可怕的人 可怕的事 vt.惧怕 恐惧 adj.可怕的 可怖的
1172,dream ,dri:m, n.梦 梦想 vt. & vi.做梦 想象
1173,dress ,dres, n.女服 童装 服装 vt. & vi.穿著 adj.正式的(衣服)
1174,drift ,drift, vi.漂流 漂泊 吹积 n.漂流 漂移 漂流物 观望 吹积物 趋势 vt.使漂流 把...吹积
1175,drill ,dril, n.钻头 钻孔机 钻子 播种机 操练 vi.钻孔 vt.训练 钻孔
1176,drink ,driŋk, vt. & vi.饮 喝 喝酒 n.饮料
1177,drip ,drip, vi.滴下 漏水 n.水滴 滴 点滴 乏味的人
1178,drive ,draiv, vt. & vi.驾驶 驱 驱使 驾进力 打入 n.驾车 快车道 推进力 驱使 路 街 [计算机] 驱动器
1179,driver ,'draivə, n.驾驶员 司机
1180,drop ,drɔp, vt.使落下 降低 减少 vi.落下 减少 减弱 n.滴 微量 落下
1181,drought ,draut, n.旱灾 干旱
1182,drown ,draun, vi.淹死 溺死 vt.淹死 沉浸于
1183,drug ,drʌg, n.药 药物 药材 毒品 vt.下药 使...服麻醉药 vi.吸毒
1184,drum ,drʌm, n.鼓 鼓声 鼓状物 圆桶 冰丘 vi.击鼓 作鼓声 引起兴趣 vt.召集入伍 逐出 (经过努力)推动... 连续击打
1185,drunk ,drʌŋk, adj.醉的 陶醉的 vbl.喝 喝酒
1186,dry ,drai, adj.干的 干燥的 干旱的 不行于色的 枯燥无味的 无酒的 口渴的 vt.把...弄干 vi.(使)变干
1187,duck ,dʌk, n. 鸭 雌鸭 鸭肉 板球零分 vt. 把…按入水中 低头弯身(以免被打中或看见) 躲避 vi. 迅速行进 飞快行走(以免被看见) 推委责任
1188,due ,dju:, adj.预期的 应给的 到期的 应有的 预定的 n.应得物
1189,dull ,dʌl, adj.枯燥的 不鲜明的 呆滞的 迟钝的 无趣的 钝的 暗的 vt.使变钝 vi.变钝
1190,dumb ,dʌm, adj.哑的 无言的 沉默的 愚蠢的vt.使人沉默
1191,dump ,dʌmp, vt.倾卸 倾倒 倾销 丢弃 抛售 导出 vi.骤降 扔垃圾 n.垃圾场 堆放处
1192,durable ,'djuərəbl, adj.耐久的 耐用的 n.(复)耐用品
1193,duration ,dju'reiʃən, n.持续 持久 持续时间 期间
1194,during ,'djuəriŋ, prep.在...期间
1195,dusk ,dʌsk, n.薄暮 黄昏 幽暗 vi.(天)变黑 变暗 vt.把…变黑变暗 adj.颜色暗沉的 昏暗的
1196,dust ,dʌst, n.尘土 灰尘 无价值之物 屈辱状态 vt.拂去灰尘 撒上粉状物体 大胜 vi.擦拭灰尘
1197,duty ,'dju:ti, n.职责 责任 义务 税 adj.值班的 作为一种义务的
1198,dwelling ,'dweliŋ, n.住处 寓所
1199,dye ,dai, vt.染 vi.染色 n.染料 染色
1200,dying ,'daiiŋ, adj.垂死的 临终的 n.死 死亡
1201,dynamic ,dai'næmik, adj.有活力的 动态的 (有)动力的 (有)力的 n.动力 力学
1202,each ,i:tʃ, pron.各 各自 adj.每个 每 每一 adv.每个 int.每个 个人 个自
1203,eager ,'i:gə, adj.渴望的 热切的
1204,eagle ,'i:gl, n.鹰 vt.(高尔夫)鹰击
1205,ear ,iə, n.耳朵 听力 听觉 倾听 麦穗 vi.长出麦穗
1206,early ,'ə:li, adv.早 adj.早的 早期的
1207,earn ,ə:n, vt.赚得 挣得 获得 赚得 赢得 生利
1208,earnest ,'ə:nist, adj.认真的 诚恳的 重要的 n.真诚 重要的东西 定金 保证
1209,earth ,ə:θ, n.地球 陆地 地面 泥土 世间 大地 地球人 vt.赶入洞中 提取土壤 vi.躲入洞穴
1210,earthquake ,'ə:θkweik, n.地震 大震荡
1211,ease ,i:z, n.容易 舒适 安乐 n.安逸 悠闲 vt.缓和 使...安乐 使...安心 v.减轻 放松
1212,easily ,'i:zili, adv.容易地 舒适的 无疑地
1213,east ,i:st, n.东 东部 adv.在东方 向东方 adj.东方的
1214,eastern ,'i:stən, adj.东部的 东方的 朝东的
1215,easy ,'i:zi, adj.容易的 安逸的 不费力的 adv.慢慢地 当心地
1216,eat ,i:t, vt.吃 喝 消耗 vi.吃饭 侵蚀 n.食物
1217,echo ,'ekəu, n. 回声 回音 回波 反响 共鸣 vi. 重复 发回声 回响 仿效 vi. 回响 回荡 n. [计算机] DOS命令：禁止(或允许)批处理命令行显示屏幕上
1218,economic ,.i:kə'nɔmik, adj.经济的 经济学的 有利可图的 n. [-s]经济学(状况等)
1219,economical ,.i:kə'nɔmikəl, adj.节约的 节俭的 经济的 合算的 经济学的
1220,economy ,i'kɔnəmi, n.经济 节约 节省 adj.经济型的
1221,edge ,edʒ, n.边缘 边 刀口 vt.给...加上边 缓慢横过 使逐渐丧失 vi.徐徐前进
1222,edition ,i'diʃən, n.版 版本 版次
1223,editor ,'editə, n.编辑 编者 校订者
1224,educate ,'edjukeit, vt.教育 培养 训练
1225,education ,.edjukeiʃn, n.教育 培养 训导 教育学
1226,effect ,i'fekt, n.结果 效果 效力 影响 要旨 vt.招致 引起 实现 达到 n.(pl.)财产 动产
1227,effective ,i'fektiv, adj.有效的 有影响的
1228,efficiency ,i'fiʃənsi, n.效率 功效 效能
1229,efficient ,i'fiʃənt, adj.效率高的 有能力的 胜任的
1230,effort ,'efət, n.努力 努力的成果
1231,egg ,eg, n.蛋 鸡蛋 卵 (俚语)人
1232,eight ,eit, num.八 八个 第八
1233,eighteen ,'ei'ti:n, num.十八 十八个
1234,eighth ,eitθ, num.第八 n.八分之一
1235,eighty ,'eiti, num.八十 八十个
1236,either ,'i:ðə, pron.(两者)任何一个 adj.任一 两方的 adv.也 conj.或 也
1237,elaborate ,i'læbəreit, adj.复杂的 精心制作的 精细的 详尽的 精心的 v.详细地说明 用心地作 推敲
1238,elastic ,i'læstik, n.橡皮圈 有松紧的东西 松紧带 adj.有弹性的 灵活的 可变的
1239,elbow ,'elbəu, n.肘 肘部 弯管 急弯 扶手 v.用手肘推开 推挤
1240,elder ,'eldə, adj.年龄较大的 年长的 n.长者 长辈
1241,elect ,i'lekt, vt.选举 推选 选择 n.当选人 被选的人 上帝的选民 adj.被选的 选出的
1242,election ,i'lekʃən, n.选举 选择权 当选
1243,electric ,i'lektrik, adj.电的 电动的 令人激动的 鲜亮的 n.供电
1244,electrical ,i'lektrikəl, adj.电的 电气科学的 与电有关的
1245,electricity ,.ilek'trisiti, n.电 电学 电流
1246,electron ,i'lektrɔn, n.电子 
1247,electronic,ɪˌlekˈtrɒnɪk, a.电子的
1248,electronics ,ilek'trɔniks, n.电子学 电子器件
1249,element ,'elimənt, n.成分 要素 元素 基本原理 (复数)恶劣天气
1250,elementary ,.elə'mentəri, adj.基本的 初级的 元素的
1251,elephant ,'elifənt, n.象 庞大笨拙难处理的事物
1252,elevator ,'eliveitə, n.电梯 升降机 飞机升降舵 斗式皮带输送机
1253,eleven ,i'levn, num.十一 十一个
1254,eleventh ,i'levnθ, num.第十一(个)
1255,eliminate ,i'limineit, vt.消灭 消除 排除 除去 剔除 忽略
1256,elimination ,i.limi'neiʃən, n.消灭 排除 除去 消除
1257,else ,els, adv.其它 另外 否则 adj.别的 其他的
1258,elsewhere ,'els'wɛə, ad.在别处 向别处
1259,embarrass ,im'bærəs, vt.使窘迫 使为难 阻碍 vi.变得困窘
1260,embrace ,im'breis, vt.拥抱 包括 包围 信奉 包含 n.拥抱
1261,emerge ,i'mə:dʒ, vi.出现 涌现 冒出 (由某种状态)脱出 (事实)显现出来
1262,emergency ,i'mə:dʒənsi, n.紧急情况 突然事件
1263,emit ,i'mit, vt.散发 发射 发表 发出 放射 吐露
1264,emotion ,i'məuʃən, n.情感 感情 情绪 激动
1265,emotional ,i'məuʃənl, adj.感情的 情绪的
1266,emperor ,'empərə, n.皇帝
1267,emphasis ,'emfəsis, n.强调 重点 重要性
1268,emphasize ,emfəsaiz , vt.强调 着重
1269,empire ,'empaiə, n.帝国
1270,employ ,im'plɔi, vi.雇用 使用 使忙于
1271,employee ,.emplɔi'i:, n.受雇者 雇员 雇工
1272,employer ,im'plɔiə, n.雇佣者 雇主
1273,employment ,im'plɔimənt, n.工业 雇用 使用 职业
1274,empty ,'empti, a.空的 空洞的
1275,enable ,i'neibl, vt.使能够 使可能 [计算机] 使能
1276,enclose ,in'kləuz, vt.围住 圈起 附上 放入封套 [计算机] 括入
1277,encounter ,in'kauntə, vt. & vi.遭遇 遇到 偶然碰到 n.遭遇 意外的相见
1278,encourage ,in'kʌridʒ, vt.鼓励 支持 助长 激励 支持
1279,end ,end, n.末端 目标 结束 终点 vt. & vi.结束 终结 adj.最终的
1280,ending ,'endiŋ, n.结尾 结局 死亡
1281,endless ,'endlis, adj.无止境的 没完没了的
1282,endure ,in'djuə, vt.忍受 容忍 vi.持久 持续
1283,enemy ,'enimi, n.敌人 仇敌 敌兵 敌对势力 有害物
1284,energy ,'enədʒi, n.活力 精力 能力 能 能量
1285,enforce ,in'fɔ:s, vt.实施 执行 强制 强迫 加强
1286,engage ,in'geidʒ, vt.使从事于 聘用 答应 预定 使忙碌 订婚
1287,engine ,'endʒin, n.发动机 引擎 机车 火车头 vt.装引擎
1288,engineer ,.endʒi'niə, n.工程师 技师 机械师 vt.操纵 设计 建造
1289,engineering ,.endʒi'niəriŋ, n.工程 工程学
1290,England ,'inglənd, n.英格兰 英国
1291,English ,'iŋgliʃ, n.英语 adj.英国人的 英国的 英语的 vt.译成英语 把...(外来语言)加到英语中 Englishman ['iŋgliʃmən] n.英国男子
1292,enjoy ,in'dʒɔi, vt. & vi.享受 欣赏 喜爱
1293,enlarge ,in'lɑ:dʒ, vt.扩大 扩展 增大 放大
1294,enormous ,i'nɔ:məs, adj.巨大的 庞大的
1295,enough ,i'nʌf, adj.足够的 adv.足够地 完全地 pron.足够 受够
1296,ensure ,in'ʃuə, vt.保证 保护 赋予
1297,enter ,'entə, vt. 走进 进入 参加 报名 开始 加入 报价 提出 vi. 进入 参加 开始 上台 进入角色 [计算机] 送入
1298,entertain ,.entə'tein, vt. & vi.使欢乐 招待 怀抱
1299,enthusiasm ,in'θju:ziæzəm, n.热情 热心 热忱 热衷的事物
1300,enthusiastic ,in.θju:zi'æstik, adj.热情的 热心的
1301,entire ,in'taiə, adj.全部的 整个的 完整的 同性质的 纯正的 全面的
1302,entitle ,in'taitl, vt.给...权利(或资格) 取名为 使有权利
1303,entrance ,"'entrəns,in'trɑ:ns", n.入口 门口 进入 登场 vt.使神志恍惚
1304,entry ,'entri, n.入口处 登记 进入 入口 项目
1305,envelope ,'enviləup, n.信封 封套 封皮 壳层
1306,environment ,in'vaiərənmənt, n.环境 外界 围绕
1307,envy ,'envi, vt. & vi. & n.妒忌 嫉妒 羡慕
1308,equal ,'i:kwəl, adj.相等的 平等的 胜任的 n.对手 匹敌 同辈 vt.等于 比得上 [计算机] 相等
1309,equality ,i:'kwɔliti, n.等同 平等 相等
1310,equation ,i'kweiʃən, n.方程(式) 等式 均衡 相等
1311,equip ,i'kwip, vt.装备 配备 设 穿…
1312,equipment ,i'kwipmənt, n.装备 设备 配备
1313,equivalent ,i'kwivələnt, adj.相等的 等量的 n.相等物
1314,era ,'iərə, n.时代 年代 纪元
1315,erect ,i'rekt, vt.建造 建立 使竖立 adj.直立的 竖立的 笔直的
1316,error ,'erə, n.错误 谬误 差错
1317,esp. ,is'peʃəl, adj.(=especial)特别的 特殊的 尤其 adv.(=especially)特别 特殊
1318,escape ,is'keip, vt. & vi.逃跑 逃脱 避开 逸出 n.逃跑 逃亡 避难设备 adj.逃避的
1319,especially ,is'peʃəli, adv.特别 尤其 格外
1320,essay ,"'esei,e'sei", n.短文 散文 论文 小品文 尝试 vt.尝试
1321,essential ,i'senʃəl, adj.必要的 重要的 本质的 n.要素 要点
1322,establish ,i'stæbliʃ, vt.建立 设立 确立 创办
1323,establishment ,is'tæbliʃmənt, n.建立 设立 确立 设施 机构 权威
1324,estimate ,'estimeit, vt.估计 估价 评价 n.估计 估价
1325,etc. ,et'setərə, n.附加的人 附加物 以及其它 等等 = etcetera
1326,Europe ,'juərəp, n.欧洲
1327,European ,.juərə'pi(:)ən, adj.欧洲的 n.欧洲人
1328,evaluate ,i'væljueit, vt.评估 评价 估...的价
1329,evaporate ,i'væpəreit, vt.使蒸发 vi.蒸发 失去水分 消失
1330,eve ,i:v, n.前夜 前夕 前一刻 [Eve] 夏娃
1331,even ,'i:vən, adv.甚至 甚至更 还 恰好 正当 adj.平坦的 偶数的 相等的 均匀的 v.使平坦 相等
1332,evening ,'i:vniŋ, n.傍晚 黄昏 晚上
1333,event ,i'vent, n.事件 大事 事变 项目 活动
1334,eventually ,i'ventjuəli, adv.终于 最后
1335,ever ,'evə, adv.在任何时候 曾经 永远 究竟
1336,every ,'evri, adj.每一的 每隔...的
1337,everybody ,'evribɔdi, pron.每人 人人 各人
1338,everyday ,'evri'dei, adj.每天的 日常的 平常的
1339,everyone ,'evriwʌn, pron.每人 人人 n.每个人
1340,everything ,'evriθiŋ, pron.每件事 事事 一切
1341,everywhere ,'evriwɛə, adv.到处 处处 无论何处
1342,evidence ,'evidəns, n.根据 证据 证人 vt. & vi.证实 证明
1343,evident ,'evidənt, adj.明显的 明白的
1344,evil ,'i:vl, n.邪恶 罪恶 祸害 adj.邪恶的 坏的
1345,evolution ,.i:və'lu:ʃən, n.进化 演化 发展
1346,evolve ,i'vɔlv, vt. & vi.使进化 使发展 展开
1347,exact ,ig'zækt, adj.确切的 精确的 vt.强求 要求 索取
1348,exactly ,ig'zæktli, adv.确切地 恰恰正是
1349,exaggerate ,ig'zædʒəreit, vt. & vi.夸大 夸张
1350,exam ,ig'zæm, n.考试 检查 细查=examination 考试
1351,examination ,ig.zæmi'neiʃən, n.考试 检查 细查 审讯
1352,examine ,ig'zæmin, vt.检查 仔细观察 调查 考试 vi.调查 [计算机] 检测
1353,example ,ig'zɑ:mpl, n.例子 实例 模范 榜样 vt.把...作为例子
1354,exceed ,ik'si:d, vt.超过 胜过 超出 超出界限 vi.领先
1355,exceedingly ,ik'si:diŋli, adv.极端地 非常 很
1356,excellent ,'eksələnt, adj.优秀的 杰出的
1357,except ,ik'sept, prep. & conj.除了...之外 若不是 除非 vt.除 除外
1358,exception ,ik'sepʃən, n.例外 除外
1359,excess ,ik'ses, n.超越 过量 过度 adj.过量的 额外的
1360,excessive ,ik'sesiv, adj.过多的 过分的 极度的
1361,exchange ,iks'tʃeindʒ, vt. & vi.交换 交流 交易 兑换 n.交换 交换物 汇兑 交易所
1362,excite ,ik'sait, vt.使激动 引起 刺激 激励
1363,exciting ,ik'saitiŋ, adj.令人兴奋的
1364,exclaim ,iks'kleim, vi.呼喊 惊叫 大声叫
1365,exclude ,iks'klu:d, vt.把...排除在外 拒绝 [计算机] 排除
1366,exclusively ,iks'klu:sivli, adv.专门地 排他地(独占地 专门地 仅仅 只)
1367,excursion ,iks'kə:ʃən, n.远足 短途旅行
1368,excuse ,iks'kju:z, vt.原谅 免除 辩解 准许离开 同意赦免 n.借口 理由 低劣的样品 假条
1369,execute ,'eksikju:t, vt.将...处死 实施 执行 完成 [计算机] 执行 
1370,executive ,ig'zekjutiv, adj.执行的 行政的 决策的 经营的 [计算机] 执行指令 n.执行者 主管 行政部门
1371,exercise ,'eksəsaiz, n.锻炼 训练 练习 作业 运动 vi.练习 锻炼 vt.运用
1372,exert ,ig'zə:t, vt.尽(力) 运用 施加(压力 影响等)
1373,exhaust ,ig'zɔ:st, vt.使筋疲力尽 用尽 排空 vi.耗尽 n.排气 排气装置
1374,exhibit ,ig'zibit, vt.显示(感情或品质) 陈列 展览 展现 提出证据 vi.展览 n.展览品 展览 物证
1375,exhibition ,.eksi'biʃən, n.展览 陈列 展示 展览会
1376,exist ,ig'zist, vi.存在 生存 生活
1377,existence ,ig'zistəns, n.存在 实在 生存
1378,exit ,'eksit, n.出口 退场 离去 vi.退出 死亡 vt.离开
1379,expand ,iks'pænd, vt.扩大 增加 详述 扩展 使膨胀 vi.扩展 增加 详述
1380,expansion ,iks'pænʃən, n.扩大 扩充 扩张 膨胀
1381,expect ,iks'pekt, vt.预料 预期 等待 盼望
1382,expectation ,.ekspek'teiʃən, n.期待 期望 预期
1383,expense ,iks'pens, n.花费 消费 费用 代价
1384,expensive ,iks'pensiv, adj.昂贵的 花钱多的 豪华的
1385,experience ,iks'piəriəns, n.经验 感受 经历 vt.经历 体验
1386,experiment ,iks'perimənt, n.实验 试验 尝试 vi.做实验 尝试
1387,experimental ,iks.peri'mentl, adj实验(性)的 试验(性)的
1388,expert ,'ekspə:t, n.专家 能手 adj.熟练的 内行的 vi.当专家
1389,explain ,iks'plein, vt. & vi.解释 说明 为...辩解
1390,explanation ,.eksplə'neiʃən, n.解释 说明 辩解
1391,explode ,iks'pləud, vt.使爆炸 驳倒 vi.爆炸 爆发(感情) 激增 [计算机] 爆炸
1392,exploit ,"'eksplɔit,iks'plɔit", vt. & vi.剥削 利用 开拓 开发 n.功绩 勋绩
1393,explore ,iks'plɔ:, vt. & vi.探险 探索 探测 探究 [计算机] 探讨
1394,explosion ,iks'pləuʒən, n.爆炸 爆发 炸裂 激增
1395,explosive ,iks'pləusiv, n.炸药 adj.爆炸(性)的
1396,export ,"'ekspɔ:t,eks'pɔ:t", vt.输出 出口 运走 n.出口 输出品 vi.传播 输出 adj.出口的
1397,expose ,ik'spəuz, vt.使暴露 揭露 揭穿 使遭受(危险或不快)
1398,exposure ,iks'pəuʒə, n.暴露 揭露 显露 曝光 面临(困难)
1399,express ,iks'pres, vt.表达 表示 挤压出 快递 n.快车 快递 专使 adj.急速的 明确的 直接的 adv.用快递 特意地
1400,expression ,iks'preʃən, n.词句 措辞 表达 表示 表现 表情
1401,extend ,iks'tend, vt.延长 延伸 伸展 扩大 扩充 扩展 致
1402,extension ,iks'tenʃən,n.延长部分 伸展 扩充 范围 分机号码
1403,extensive ,iks'tensiv, adj.广阔的 广泛的
1404,extent ,iks'tent, n.广度 范围 程度 宽度 长度 大小 [律] <英>扣押 <美>临时所有权令
1405,exterior ,eks'tiəriə, adj.外部的 外在的 表面的 对外的 [计算机] 外部的 n.外部 表面 外型
1406,external ,eks'tə:nl, adj.外部的 外面的 外用的 客观的 表面的 n.外部
1407,extra ,'ekstrə, adj.额外的 ad.特别地 n.额外的事物 另外收费的
1408,extraordinary ,iks'trɔ:dnri, adj.非同寻常的 特别的 非凡的 特派的
1409,extreme ,iks'tri:m, adj.极度的 极端的 尽头的 严重的 末端的 n.极端 极限
1410,extremely ,iks'tri:mli, adv.极端 极其 非常
1411,eye ,ai, n.眼睛 眼力 鉴赏力 v.看 注视
1412,eyesight ,'aisait, n.视力 目力
1413,facility ,fə'siliti, n.设备 容易 便利 灵巧 容易 熟练
1414,fact ,fækt, n.事实 实际 实情
1415,factor ,'fæktə, n.因素 因子 系数 vt.把…因素包括进去 vi.作为因素
1416,factory ,'fæktəri, n.工厂 制造厂
1417,faculty ,'fækəlti, n.才能 能力 (大学的)系 科 全体教员
1418,fade ,feid, vi.褪色 逐渐消失 凋谢 vt.使褪色 n.淡入 淡出 adj.平凡的 乏味的
1419,Fahrenheit ,"'færənhait, 'fɑ:r-", n.华氏温度计 adj.华氏的
1420,fail ,feil, vi.失败 失灵 不能 衰退 不及格 vt.辜负 缺少 未能做 n.不及格
1421,failure ,'feiljə, n.失败 失败的人或事
1422,faint ,feint, adj.微弱的 虚弱的 无力的 模糊的 v.昏倒 n.昏厥 昏倒
1423,fair ,fɛə, adj.公平的 晴朗的 美丽的 相当的 (皮肤 毛发等)浅色的 白皙的 n. 展览会 市集 定期集市 adv. 公平地 直接地
1424,fairly ,'fɛəli, adv.相当 公平地 公正地 合法地 适当地
1425,faith ,feiθ, n.信任 信心 信仰
1426,faithful ,'feiθfəl, adj.忠诚的 如实的
1427,fall ,fɔ:l, vi.落下 跌倒 倒下 陷落 来临 n.秋天 落下 瀑布
1428,false ,fɔ:ls, adj.不真实的 伪造的 人造的 假的 错误的 虚伪的 adv.不真诚地 虚伪地
1429,fame ,feim, n.名声 名望 vt.使有名望
1430,familiar ,fə'miljə, adj.熟悉的 熟知的 不拘礼节的 冒昧的 n.熟人 熟悉某种事物的人
1431,family ,'fæmili, n.家 家庭 家族 adj.家庭的
1432,famine ,'fæmin, n.饥荒 严重的缺乏
1433,famous ,'feiməs, adj.著名的 出名的 一流的
1434,fan ,fæn, n.(运动等)狂热爱好者 风扇 扇形物 vt.风选 煽 吹 煽动 向扇子一样展开 vi.像扇子一样行动 鱼贯而出
1435,fancy ,'fænsi, n. 想象力 设想 幻想 爱好 喜好 adj. 想像的 时髦的 华丽装饰的 奢侈的 技巧的vt.想象 自认为 喜好
1436,far ,fɑ:, adj.远的 adv.远 遥远 n.远处
1437,fare ,fɛə, n.车费 船费 票价 费用 食物 vi.进展 进食
1438,farewell ,'fɛə'wel, int.再会 别了 n.告别 adj.告别的
1439,farm ,fɑ:m, n.农场 农庄 农田 饲养场 vt.收费 务农 vi.务农
1440,farmer ,'fɑ:mə, n.农民 农夫 农场主
1441,farther ,'fɑ:ðə, adv.更远地 进一步地 adj.更远的 进一步的
1442,fashion ,'fæʃən, n.样子 方式 风尚 流行 时装vt.形成 适合
1443,fashionable ,'fæʃənəbl, adj.流行的 时髦的
1444,fast ,fɑ:st, adj. 快速的 偏快的 固定的 关紧的 忠诚的 聪明的 耐久的 野性的 adv. 快 很快地 固定地 彻底地 鲁莽的 超前的 vi. 绝食 斋戒 n. 禁食(期) 系泊用具 
1445,fasten ,'fæsn, vt.扎牢 扣住 拴紧 使固定 系 强加于 vi.固定 系紧 抓紧
1446,fatal ,'feitl, adj.致命的 毁灭性的 决定性的 命运的
1447,fate ,feit, n.命运 天数 天意 vt.注定
1448,father ,'fɑ:ðə, n.父亲 神父 创始人 鼻祖 vt.作为父亲生育子女 vi.像父亲般照顾
1449,father-in-law ,'fɑ:ðərinlɔ:, n.岳父 公公
1450,fatigue ,fə'ti:g, n.疲劳 劳累 累活 adj.疲劳的 vt.使...疲劳 使...心智衰弱 vi.疲劳
1451,fault ,fɔ:lt, n.缺点 过失 故障 vt. & vi.挑剔 指责 发现错误 断裂
1452,faulty ,'fɔ:lti, adj.有错误的 有缺点的
1453,favour ,'feivə, n.好感 赞同 恩惠 好意 喜爱 偏爱 特权 vt.给予 关心 偏爱 支持 利于 长得像 =favor
1454,favourable ,'feivərəbl, adj.有利的 有用的 良好的 赞成的
1455,favourite ,'feivərit, adj.特别受喜爱的 特别喜爱的 n.特别喜爱的人(或物)
1456,fear ,fiə, n.害怕 担心 敬畏 不安的原因 vt.害怕 敬畏
1457,fearful ,'fiəfəl, adj.害怕的 可怕的 担心的
1458,feasible ,'fi:zəbl, adj.可行的 可能的
1459,feast ,fi:st, n.盛宴 宴会 酒席 筵席 节日 节会 vt. & vi.款宴 享乐 请客
1460,feather ,'feðə, n.羽毛 翎毛 羽状物 心情 种类 服饰 vt.用羽毛装饰 vi.长出羽毛
1461,feature ,fi:tʃə, n.特征 特色 面貌 vt.以...为特色 vi.起重要作用
1462,February ,'februəri, n.二月
1463,federal ,'fedərəl, adj.联邦(制)的 联邦政府的 联盟的 同盟的 n.联邦主义者 同盟盟友
1464,fee ,fi:, n.费 酬金 赏金 封地
1465,feeble ,fi:bl, adj.虚弱的 微弱的 无力的
1466,feed ,fi:d, vt.喂(养) 饲养 靠...为生 vi.吃饲料 进食 n.饲养 饲料 一餐
1467,feedback ,'fi:dbæk, n.回授 反馈 反应 成果
1468,feel ,fi:l, vi.有知觉 似乎 同情 vt.触 摸 感觉 觉得 n.感觉 触觉 直觉 氛围
1469,feeling ,'fi:liŋ, n.感情 感觉 知觉 意识 气氛 adj.有感情的 富于同情心的 含情脉脉的
1470,fellow ,'feləu, n.人 家伙 伙伴 朋友 同类 校董 研究生 adj.同类的 同事的 同伴的
1471,female ,'fi:meil, n.雌性的动植物 女子 adj.雌的 女(性)的 凹的
1472,fence ,fens, n.栅栏 围墙 击剑术 买卖赃物的人 v.用篱笆围住 练习剑术 防护 买卖赃物
1473,fertile ,'fə:tail, adj.肥沃的 多产的 能繁殖的、
1474,fertilize ,'fə:tilaiz, v.施肥 使丰饶
1475,fertilizer ,'fə:tilaizə, n.肥料
1476,festival ,'festəvəl, n.节日 音乐节 庆祝及祭祀 欢宴 adj.节日的 喜庆的
1477,fetch ,fetʃ, vt.拿来 请来 接去 航行到达 vi.取回 兜圈子 n.取得
1478,fever ,'fi:və, n.发热 发烧 狂热 vt.激怒 vi.发烧
1479,few ,fju:, adj.很少的 少数的 pron.少数 n.少量
1480,fibre ,'faibə, n.纤维 纤维质 纤维组织 织地
1481,fiction ,'fikʃən, n.小说 虚构 杜撰
1482,field ,fi:ld, n.田野 田地 原野 牧场 场地 领域 运动场 adj.田间的 野外的 vi.担任场外队员 vt.把(谷物等)暴晒于场上 上场
1483,fierce ,fiəs, adj.凶猛的 猛烈的 残暴的 强烈的 狂热的
1484,fifteen ,'fif'ti:n, num.十五 十五个 pron.十五(个 只...) adj.十五的 十五个的
1485,fifth ,fifθ, num.第五 n.五分之一
1486,fifty ,'fifti, num.五十 五十个
1487,fight ,fait, vi.打架(仗) 斗争 战斗 斗志 vt.对抗 打架 vi.斗争 奋斗
1488,figure ,'figə, n.数字 外形 人物 图形 形状 外形 体型 v.演算 认为 领会到
1489,file ,fail, n.档案 公文箱 锉刀 [计算机] 文件 vt.把...归档 列队行进 申请
1490,fill ,fil, vt.装满 盛满 占满 填充 弥漫 担任 n.足量
1491,film ,film, n.影片 胶卷 薄层 薄膜 vt.把...拍成电影 给...覆上一薄层 vi.从事电影拍摄
1492,filter ,'filtə, vt. & vi.过滤 渗透 n.滤纸 筛选 滤波器 过滤器 滤色镜 [计算机] 过滤
1493,final ,'fainl, adj.最后的 决定性的 n.决赛 期末考试
1494,finally ,'fainəli, adv.最后 最终 不可更改的
1495,finance ,fai'næns, n.财政 金融 财源 vt.给...提供资金 负担经费
1496,financial ,fai'nænʃəl, adj.财政的 金融的
1497,find ,faind, vt. & vi.找到 发觉 找出 感觉到 认为 n.发现物
1498,finding ,'faindiŋ, n. 发现 发现物 调查(或研究)的结果 [律] 裁判 裁决 (复数）findings：(珠宝商等使用的)零碎的工具或材料 find的现在分词
1499,fine ,fain, a. 美好的 优质的 精致的 晴朗的 健康的 纤细的 恭维的 辞藻华丽的 adv. 恰好地 合适地 n. 罚款 罚金 结尾 vt. 罚款 vi. 净化 细化
1500,finger ,'fiŋgə, n.手指 指针 指状物 vt.用手指触碰(演奏) (用手)指 vi.触摸 用手指演奏乐器
1501,finish ,'finiʃ, vt.完成 结束 获...第几名 vi.终结 完成 n.结束 完成 最后加工 结局 完美
1502,fire ,'faiə, n.火 火灾 射击 vi.点燃 解职 开枪 开火
1503,fireman ,'faiəmən, n.消防队员 司炉工
1504,firm ,fə:m, n. 商行 商号 公司 vt. (使)变得坚实 定案 vi. 变硬 恢复 adj. 坚定的 坚固的 结实的 adv. 稳固地 坚定地
1505,first ,fə:st, num. 第一 adv. 最初 首先 第一 优先 adj. 第一的 最早的 一流的 n. (序数词)第一 第一个人或事物 (大学学位的) 最优等 (汽车 自行车等的) 最低挡
1506,fish ,fiʃ, n.鱼 鱼肉 vi.钓鱼 捕鱼
1507,fisherman ,'fiʃəmən, n.渔民 渔夫 打鱼人 渔船
1508,fist ,fist, n.拳(头) 抓住 vt.紧握 用拳头打
1509,fit ,fit, vt.适合 安装 vi.适合 n.适宜 发作 adj.适宜的 健壮的
1510,five ,faiv, num.五 五个 第五
1511,fix ,fiks, vt. & vi.使固定 决定 修理 准备 n.困境 (船只、飞机等的)定方位 贿赂
1512,flag ,flæg, n.旗 旗帜 旗标 信号旗 旗舰旗 vt.打旗号 vi.无力地下垂 减退
1513,flame ,fleim, n. 火焰 火舌 鲜红色 光辉 恋人 怀念 辱骂信息 热情 vi. 焚烧 爆发 面红 发辱骂信息 vt. 用烟火发信号 用火对待 发辱骂信息
1514,flare ,flɛə, vi.闪耀 闪光 vt.使闪亮 n.闪光 闪耀 [天] 耀斑
1515,flash ,flæʃ, n. 闪光 闪现 闪烁物 花哨 一瞬间 电脑动画技术 vi. 闪 闪现 闪烁 vt. 传送 用光联络 流露出 adj. 花哨的 炫耀的 昙花一现的
1516,flat ,flæt, adj.平的 扁平的 平坦的 单调的 adv.平直地 干脆地 n.一套房间 单元住宅 [英] 公寓 vt.变平 vi.降调
1517,flavour ,'fleivə, n.味 味道 风味 香味 vt给...加味
1518,fleet ,fli:t, n.舰队 船队 团队 机群 vt. & vi.飞过 掠过 adj.跑得快的
1519,flesh ,fleʃ, n.肉 肌肉 肉体 人性 vt.用肉喂 赋予血肉 使长肉 vi.变胖
1520,flexible ,'fleksəbl, adj.易弯曲的 灵活的 柔韧的 可变通的
1521,flight ,flait, n.航班 飞行 逃跑 航程 (鸟等)群 奇思妙想 一段楼梯 vi.滑行 vt.冲
1522,float ,fləut, vi. 漂浮 游荡 飘 vt. 使漂浮 提出 开办新公司 洽谈 n. 漂流物 装有轮子的展台或平板车 企业的日常零钱
1523,flock ,flɔk, n.羊群 群 大量 信众 软填料 短绒 棉絮 毛屑 vt.塞填充料 vi.成群而行 聚集
1524,flood ,flʌd, n.洪水 水灾 vt. & vi.灌溉 淹没 泛滥
1525,floor ,flɔ:, n.地板 楼层 底部 地面 议员 底线 vt.铺地板 击倒 油门踩到底
1526,flour ,flauə, n.面粉 粉 粉状物质 vt. & vi.研成粉末
1527,flourish ,'flʌriʃ, vi.繁荣 茂盛 兴旺 活跃 手舞足蹈 vt.挥舞 n.挥舞 华丽词藻 茂盛 兴旺 炫耀
1528,flow ,fləu, vi.流动 飘垂 涨潮 顺利进行 来 vt.使流动 淹没 n.流 水流 循环 顺畅 涨潮
1529,flower ,'flauə, n.花 花卉 开花 华丽 盛年 精英 自然发展的结果 vi.成熟。开花 vt.使开花 用花装饰
1530,flu ,flu:, n.流行性感冒
1531,fluent ,'flu:ənt, adj.流利的 流畅的
1532,fluid ,'flu:id, n.流体 液体 adj.流畅优美的 流体的 流动的 不稳定的
1533,flush ,flʌʃ, vi.奔流 (脸)发红 冲刷 旺盛成长 vt.用水冲洗 惊起(一群鸟) 抄...老窝 使兴奋 adj.丰足的 齐平的 满盈的 adv.正直地 羞涩地 n.流溢 面红 旺盛 冲水(尤指冲马桶) 突然萌发 (纸牌)同花顺 清一色 [计算机] 冲洗
1534,fly ,flai, n.蝇 苍蝇 两翼昆虫 飞行 升高 vt. & vi.飞行 飞翔 逃走 飞逝 猛然移动
1535,focus ,'fəukəs, vi.聚焦 注视 集中 聚集 使集中 n.焦点 焦距
1536,fog ,fɔg, n.雾 烟雾 尘雾 朦胧 喷雾 迷惑 vt. & vi.以雾笼罩 使模糊 迷惑
1537,fold ,fəuld, vt.折叠 合拢 包 交叉 拥抱 vi.翻倍 彻底失败 倒闭 n.褶 折层 折痕 羊栏 羊群
1538,folk ,fəuk, n.人们 家属 亲属 adj.民间的
1539,follow ,'fɔləu, vt.跟随 沿行 遵循 听得懂 结果是 vi.跟着做 之后是 n.跟随
1540,following ,'fɔləuiŋ, adj.接着的 下列的 其次的 prep.在(某事)以后 n.下列各项 部下 党羽
1541,fond ,fɔnd, adj.喜爱的 溺爱的 愚蠢的 渴望的 n.基础
1542,food ,fu:d, n.食物 食品 养料
1543,fool ,fu:l, n.蠢人 傻子 受骗者 vt.欺骗 愚弄 vi.干傻事 开玩笑 adj.愚蠢的
1544,foolish ,'fu:liʃ, adj.愚蠢的 鲁莽的 荒谬的 可笑的
1545,foot ,fut, n.脚 最下部 英尺 山脚 最底部 一步长 音步 进程 vi.跳舞 步行 vt.表演舞步 付账 踩踏 结算
1546,football ,'futbɔ:l, n.足球比赛 足球 橄榄球
1547,footstep ,'futstep, n.脚步 脚步声 足迹
1548,for ,fɔ:, prep.为 给 因为 关于 代表 支持 往 conj.因为
1549,forbid ,fə'bid, vt.禁止 不许 阻止 妨碍
1550,forbid ,fə'bidn, adj.被禁止的
1551,force ,fɔ:s, vt.强迫 施暴 强夺 加压力 [计算机] 强制 n.力 力量 武力 暴力 影响力
1552,forecast ,'fɔ:kɑ:st, n.预测 预报 vt. & vi.预示 预测
1553,forehead ,'fɔ:hed, n.额头 前部
1554,foreign ,'fɔrin, adj.外国的 外来的 外交的 不相关的
1555,foreigner ,'fɔ:rinə, n.外国人
1556,foremost ,'fɔ:məust, adj.最初的 第一流的 adv.在最前面
1557,forest ,'fɔrist, n.森林 森林地带 园林 林火 vt.用树林覆盖 植树
1558,forever ,fə'revə, adv.永远 总是 老是 n.漫长时间
1559,forget ,fə'get, vt. & vi.忘记 遗忘 忽略
1560,forgive ,fə'giv, vt. & vi.原谅 饶恕 宽恕
1561,fork ,fɔ:k, n.餐叉 叉 叉状物 vt. & vi.叉起 耙 成叉状
1562,form ,fɔ:m, n.形式 形状 表格 vt.形成 组成 建立
1563,formal ,'fɔ:məl, adj.正式的 礼仪上的 形式的 拘谨的 n.正式(活动)
1564,formation ,fɔ:'meiʃən, n.形成 构成 形成物 编队
1565,former ,'fɔ:mə, adj.在前的 以前的 前任的 n.前者 形成的原因
1566,formula ,'fɔ:mjulə, n.公式 式 配方 规则 代乳品 adj.(赛车的)级的 方程式的
1567,forth ,fɔ:θ, adv.向前 向外 往外 露出
1568,fortnight ,'fɔ:tnait, n.两星期 十四天
1569,fortunate ,'fɔ:tʃənit, adj.幸运的 侥幸的
1570,fortunately ,'fɔitʃənitli, adv.幸运地 幸亏
1571,fortune ,'fɔ:tʃən, n.命运 运气 财产
1572,forty ,'fɔ:ti, num. & adj.四十 第四十 pron.四十(个 只...)
1573,forward ,'fɔ:wəd, adv.向前 今后 往后 adj.向前的 早的 迅速的 前锋 v.转交 促进 运送
1574,found ,faund, vt.创立 创办 建立 打地基 铸造 vbl.寻找(find的过去分词) adj.装备完善的 n.食宿
1575,foundation ,faun'deiʃən, n.基础 根据 建立 地基 基金
1576,fountain ,'fauntin, n.泉水 喷泉 源泉 储水容器 vt. & vi.使像喷泉一样流
1577,four ,fɔ:, num.四 四个 第四 fourteen num.十四 第十四
1578,fourth ,fɔ:θ, num.第四 四分之一 n.四分之一
1579,fox ,fɔks, n.狐狸 狡猾的人 v.奸狡地行动
1580,fraction ,'frækʃən, n.小部分 片断 分数 破片
1581,fragment ,'frægmənt, n.碎片 破片 碎块 vt. & vi.变成碎片 [计算机] 碎片
1582,frame ,freim, n.框架 框子 构架
1583,framework ,ˈfreɪmwɜ:k,n.框架 构架 结构 骨架 v.构成 把...框起来 陷害 adj.木结构的
1584,France ,frɑ:ns, n.法国 法兰西
1585,frank ,fræŋk, adj.坦白的 直率的 无误的 vt.免费邮寄 使自由出入 n.免费邮寄
1586,free ,fri:, adj.自由的 空闲的 大方的 免费的 vt.释放 解放 adv.自由地 免费地
1587,freedom ,'fri:dəm, n.自由 自主
1588,freely ,'fri:li, adv.自由地 免费地 直率地 大量地
1589,freeze ,fri:z, vi.冻 结冻 冷动 僵硬 [计算机] 冻结 vt.使结冰
1590,freight ,freit, n.货运 货物 运费 船货 vt.装货 运送 使充满(某种心情或口气)
1591,French ,frentʃ, adj.法国(人)的 法语的 n.法国人 法语 vt.剁肉 蔬菜切成长条
1592,frequency ,'fri:kwənsi, n.屡次 次数 频率 频繁
1593,frequent ,'fri:kwənt, adj.时常发生的 经常的 频繁的 vt.常到 常去
1594,frequently ,'fri:kwəntli, adv.时常 常常 经常地 频繁地
1595,fresh ,freʃ, adj.新的 新鲜的 无经验的 淡(水)的 精神饱满的 纯洁无瑕的 生动的 adv.最近地 n.涌流
1596,friction ,'frikʃən, n.摩擦 摩擦力 分歧
1597,Friday ,'fraidi, n.星期五
1598,fridge ,fridʒ, n.电冰箱
1599,friend ,frend, n.朋友 友人 赞助者 支持者 vt.做朋友 对人友好
1600,friendly ,'frendli, adj.友好的 友谊的 adv.友好地 n.友好者
1601,friendship ,'frendʃip, n.友谊 友好
1602,frighten ,'fraitən, vt.使惊恐 吓唬 惊恐
1603,frog ,frɔg, n.蛙 马的蹄叉 刀剑的挂环
1604,from ,frɔm, prep.从...来 离开
1605,front ,frʌnt, adj.前面的 n.前部 前面 开头 前线 vt.面对 朝向 对付 vi.面朝 做掩护
1606,frontier ,'frʌntjə, n.边境 边界 边疆 新领域 尖端 边缘
1607,frost ,frɔst, n.冰冻 严寒 霜 冷漠 vt. & vi.覆着霜 冻结 结霜
1608,frown ,fraun, vt. & vi.皱眉 蹙额 不同意 n.皱眉 不悦
1609,fruit ,fru:t, n.水果 果实 成果 vt. & vi.结果实
1610,fruitful ,'fru:tfəl, adj.多产的 肥沃的 富有成效的
1611,fry ,frai, vt.油煎 油炸 油炒 炸焦 vi.油炸 烧焦 n.(美)法式炸薯条
1612,fuel ,'fjuəl, n.燃料 木炭 vt.给...加燃料 vi.加燃料
1613,fulfil ,ful.fil, vt.履行 满足 完成 实践 使应验
1614,full ,ful, adj. 满的 完全的 充满的 丰富的 adv. 完全地 整整 vt. 使...充满 通过缩水、捶打或熨烫增加(布料的)重量和厚度 vi. 增厚 n. 全部 十分 极点 鼎盛
1615,fun ,fʌn, n.乐趣 娱乐 玩笑 有趣的人或事物 vi.开玩笑 adj.充满乐趣的 令人愉悦的
1616,function ,'fʌŋkʃən, n.功能 职务 函数 重大聚会 vi.运行 起作用
1617,fund ,fʌnd, n.资金 基金 存款 储备 vt.为...提供资金
1618,fundamental ,.fʌndə'mentl, adj.基础的 基本的 根本的 重要的 n.基本原理 基础
1619,funeral ,'fju:nərəl, n.葬礼 丧礼 丧葬 adj.葬礼(的)
1620,funny ,'fʌni, adj.古怪的 滑稽的 有趣的 莫名其妙的 n.笑话 (the funny)滑稽戏
1621,fur ,fə:, n.软毛 毛皮 裘皮 毛皮服饰 毛皮制品 vt.用毛皮制作 用毛皮盖于 vi.用毛皮制的
1622,furious ,'fjuəriəs, adj.狂怒的 狂暴的 猛烈的
1623,furnace ,'fə:nis, n.炉子 熔炉 鼓风炉 闷热地带 严峻考验
1624,furnish ,'fə:niʃ, vt.供应 提供 装备 布置
1625,furniture ,'fə:nitʃə, n.家具 装置 设备
1626,further ,'fə:ðə, adv.更远地 此外 进一步地 adj.更远的 v.促进 推动 vt.促进
1627,furthermore ,'fə:ðə'mɔ:, adv.而且 此外
1628,future ,'fju:tʃə, n.将来 未来 前途 前程 期货 adj.将来的
1629,gain ,gein, vt.获得 得到 增进 增加 vi.增加 得到 (钟 表等)走得快 n.增进 增益 获得 利润
1630,gallery ,'gæləri, n.长廊 游廊 画廊 美术馆 顶层楼座 狭长的房间
1631,gallon ,'gælən, n.加仑(容量单位)
1632,game ,geim, n.游戏 比赛 猎物 行业 非法手段 策略 野味 戏弄 vi.赌博 vt.欺骗 adj.乐意做的 勇敢的 跛的
1633,gang ,gæŋ, n.一帮 一伙 队 群 帮 vt. & vi.结一组 联合在一起
1634,gap ,gæp, n. 缺口 间隔 差距 (意见、个性等的)差异 缝隙 漏洞 vt. 制造缺口 嘉普 ( 财富500强公司之一 总部所在地美国 主要经营服装零售)
1635,garage ,'gærɑ:ʒ, n.车库 加油站 汽车修理厂vt.把...放入车库
1636,garbage ,'gɑ:bidʒ, n.垃圾 污物 废料 废物 食物残渣
1637,garden ,'gɑ:dn, n. 花园 菜园 果园 菜园 草地 公园 vi. 栽培花木 从事园艺工作 vt. 造园 以花园装饰 adj. 花园的 园艺的 绿化的 平凡的
1638,gardener ,'gɑ:dnə, n.园丁 花匠 园艺家
1639,gas ,gæs, n.煤气 气体 汽油 空话 能量 vt.使吸入毒气 死 给...加汽油 vi.空谈 加汽油
1640,gaseous ,'gæsiəs, adj.气体的 气态的
1641,gasoline ,'gæsəli:n, n.(美)汽油
1642,gasp ,gɑ:sp, vi.气喘 喘息 v.喘气 喘息 渴望
1643,gate ,geit, n.大门 入口 篱笆门 vt.<英>惩罚(禁止学生离校) 解雇 n.<古>道路 <方>方式 suf.常表示政治丑闻
1644,gather ,'gæðə, vi.聚集 集合 渐增 vt.收集 使聚集 推断 鼓起 n.集合 聚集
1645,gauge ,geidʒ, vt.量 测量 估计 判断 n.测量标准 轨距 口径 直径 测量仪器
1646,gay ,gei, adj.快乐的 欢快的 鲜明的 色彩鲜艳的 同性恋的 n.同性恋
1647,gaze ,geiz, vi.凝视 盯 注视 n.凝视
1648,general ,'dʒenərəl, adj.总的 一般的 普遍的 全体的 n.将军 一般 大体
1649,generally ,'dʒenərəli, adv.一般地 通常地
1650,generate ,'dʒenəreit, vt.发生 产生 引起 生殖 [计算机] 产生
1651,generation ,.dʒenə'reiʃən, n.一代 一代人 产生
1652,generator ,'dʒenəreitə, n.发电机 发生器 发生者
1653,generous ,'dʒenərəs, adj.慷慨的 宽厚的 宽宏大量的 丰盛的 味浓的
1654,genius ,'dʒi:njəs, n.天才 天赋 天资 高智力
1655,gentle ,'dʒentl, adj. 和蔼的 轻柔的 显赫的 温和的 文雅的 有教养的 n. 贵族 vt. 使显赫 使温顺 抚摸 使缓和 vi. 变温顺
1656,gentleman ,'dʒentlmən, n.绅士 先生 有教养的人
1657,gently ,'dʒentli, ad.有礼貌地 柔和地 轻轻地 温柔地
1658,genuine ,'dʒenjuin, adj.真的 真正的 真实的 诚恳的
1659,geography ,dʒi'ɔgrəfi, n.地理 地理学
1660,geometry ,dʒi'ɔmitri, n.几何 几何学
1661,germ ,dʒə:m, n.微生物 细菌 幼芽
1662,German ,'dʒə:mən, adj.德国(人)的 德语的 日耳曼的 n.德国人 德语 日耳曼人
1663,Germany ,'dʒə:məni, n.德意志 德国
1664,gesture ,'dʒestʃə, n.姿势 手势 姿态 vt. & vi.作手势表达
1665,get ,get, vi. 变得 成为 到达 致富 能够 离开 vt. 得到 准备 抓住 克服 激怒 使得 记忆 沟通 n. 生育 后代 救球
1666,ghost ,gəust, n.鬼 灵魂 幽灵 鬼魂 一丝 vt. & vi.像(鬼一样)地行进
1667,giant ,'dʒaiənt, n.巨人 伟人 巨大的东西 adj.巨大的
1668,gift ,gift, n.礼物 赠品 天赋 赋予 vt.赠送 赋予
1669,girl ,gə:l, n.女孩子 姑娘 女儿
1670,give ,giv, vt.做 作 送给 vi.让步 塌下 折断 弯曲
1671,glad ,glæd, adj.高兴的 乐意的 v.<古>使高兴 n.剑兰
1672,glance ,glɑ:ns, vi.看一下 瞥闪 瞥见 反光 浏览 vt.瞥见 反光 n.一瞥 闪光 一滑
1673,glare ,glɛə, vi.瞪眼 发眩光 n.瞪眼 闪耀光 刺眼
1674,glass ,glɑ:s, n. 玻璃 玻璃杯 玻璃器皿 窗户 (复)眼镜 透镜 vt. 用玻璃把…盖(或罩、围)住 给...装上玻璃 使成玻璃状 反映 反射 审视 vi. 成为玻璃状 用光学仪器眺望
1675,glide ,glaid, vi.滑动 滑翔 溜走 消逝 n.滑行 滑动 滑过 流水
1676,glimpse ,glimps, vt. &vi.瞥见 一瞥 闪烁 n.一瞥 一看 一闪
1677,glitter ,'glitə, vi.闪闪发光 灿烂 闪烁 辉耀 n.闪光 灿烂 闪烁 辉耀
1678,globe ,gləub, n.地球 世界 地界仪 球体
1679,gloomy ,'glu:mi, adj.黑暗的 阴暗的 令人沮丧的 抑沉的 忧闷的
1680,glorious ,'glɔ:riəs, adj.光荣的 壮丽的 辉煌的
1681,glory ,'glɔ:ri, n.光荣 荣誉 壮丽 赞颂 荣誉的事 vi.为...而骄傲自豪 interj.用于表示惊叹
1682,glove ,glʌv, n.手套 vt.给...戴手套
1683,glow ,gləu, n.白热光 赤热 光辉 热情 vi.发白热光 发红光 红光焕发
1684,glue ,glu:, n.胶 胶水 粘性之物 vt.胶合 粘 紧附于...
1685,go ,gəu, vi.去 走 变为 进行 放 通往 消失 vt.走过 称重 [计算机] 执行
1686,goal ,gəul, n.球门 得分 目的 终点
1687,goat ,gəut, n.山羊 好色之徒 替罪羔羊
1688,God ,gɔd, n.神 神像 上帝 偶像 vt.像对神一样崇拜
1689,gold ,gəuld, n.金 金子 金币 金黄色 金牌 钱财 adj.金制的 金色的
1690,golden ,'gəuldən, adj.金(黄)色的 极好的
1691,golf ,gɔlf, n.高尔夫球 v.打高尔夫球 vi.(打)高尔夫球
1692,good ,gud, adj.好的 优良的 上等的 有本事的 n.善行 好处 [pl.] 商品
1693,goodbye ,.gud'bai, int.再见 再会 n.说再见
1694,goodness ,'gudnis, n.优良 德性 仁慈 善良 美德 精华 int.天哪
1695,goods ,gudz, n.货物 商品
1696,goose ,gu:s, n.鹅 雌鹅 鹅肉 vt.推动
1697,govern ,'gʌvən, vt.统治 治理 支配 管理 规定 vi.统治 执行
1698,government ,'gʌvənmənt, n.政府 政体 统治 治理 政治
1699,governor ,'gʌvənə, n.州长 主管人员 统治者 管理者 理事
1700,gown ,gaun, n.长袍 长外衣
1701,grace ,greis, n.优美 文雅 雅致 魅力 恩惠 慈悲 vt.使荣耀 装饰
1702,graceful ,'greisfəl, adj.优美的 优雅的
1703,gracious ,'greiʃəs, adj.有礼貌的 仁慈的 亲切的 高尚的
1704,grade ,greid, vt. & vi.给...分等级 记成绩 n.等级 年级 阶段
1705,gradual ,'grædjuəl, adj.逐渐的 渐进的
1706,gradually ,'grædjuəli, adv.逐渐地 逐步地
1707,graduate ,'grædjueit, n. 毕业生 vi. 大学毕业 获学位 逐渐变得 vt. 毕业 (在表、计、尺上)刻 [分] 度 定等级 adj. 毕业的 获得学位的
1708,grain ,grein, n.谷物 谷粒 颗粒 细粒 纹理 vt.用谷物喂养 形成颗粒
1709,gramme ,græm, n.克(重量单位) =gram
1710,grammar ,'græmə, n.语法 语法书
1711,grammatical ,grə'mætikəl, adj.语法上的 合乎文法的
1712,grand ,grænd, adj.宏伟的 重大的 豪华的 壮丽的 主要的 n.大钢琴
1713,granddaughter ,'græn.dɔ:tə, n.孙女 外孙女
1714,grandfather ,'grænd.fɑ:ðə, n.祖父 外祖父
1715,grandmother ,'grænd.mʌðə, n.祖母 外祖母
1716,grandson ,'grændsʌn, n.孙子 外孙子
1717,grant ,grɑ:nt, n.授给物 补助金 同意 给予 财产转让 vt.授予 同意 承认 
1718,Grant ,grɑ:nt, n.格兰特(男子名)
1719,grape ,greip, n.葡萄 葡萄藤 [色彩]深紫色 [军事]葡萄弹
1720,graph ,"græf,grɑ:f", n.(曲线)图 图表 vt.以(曲线)图表示
1721,grasp ,grɑ:sp, vt.抓紧 抓住 紧握 掌握 领会 n.抓 把握 抓紧 领会
1722,grass ,grɑ:s, n.草 牧草 草地 vt.以牧草喂养 覆盖着草
1723,grateful ,'greitfəl, adj.感激的 感谢的 令人愉快的
1724,gratitude ,'grætitju:d, adj.感激 感谢 感恩 n.感恩之心
1725,grave ,greiv, n.坟墓 沉音符 adj.严肃的 严重的 低沉的 adv.缓慢庄严的 vt.凿
1726,gravity ,'græviti, n.重力 引力 严重性 严重 庄重 严肃
1727,gray ,grei, adj.灰色的 阴沉的 黯淡的 n.灰色 v.变灰色 [Gray] 格雷(男子名)
1728,great ,greit, adj.大的 伟大的 大量的 很好的 美好的 重要的 adv.(口语)好极了
1729,greatly ,'greitli, adv.大大地 非常 很
1730,greedy ,'gri:di, adj.贪吃的 贪婪的
1731,Greek ,gri:k, adj.希腊(人)的 n.希腊人 希腊语
1732,green ,gri:n, adj.绿色的 长满绿草的 温和的 未成熟的 n.绿色 vt. & vi.变得绿
1733,greenhouse ,'gri:nhaus, n.温室 玻璃暖房
1734,greet ,gri:t, vt.问候 招呼 反应 致敬 欢迎 映入眼帘
1735,greeting ,'gri:tiŋ, n.问候 招呼 致敬
1736,grey ,grei, adj.灰色的 n.灰色 vi.变成灰色 =gray
1737,grieve ,gri:v, vt.使悲痛 vi.悲痛
1738,grind ,graind, vt.磨(碎) 碾 磨快 挤摩擦声 无聊的苦工作 vt.磨 碾 挤压 摇动手柄 vi.磨擦 磨碎 用功
1739,grip ,grip, vt.握紧 抓牢 吸引 n.紧握 了解 手柄 手提包
1740,groan ,grəun, vi.哼 呻吟 n.呻吟
1741,grocer ,'grəusə, n.食品商 杂货商
1742,grocery ,'grəusəri, n.食品杂货店
1743,gross ,grəus, adj.总的 粗鲁的 严重的 过胖的 n.总量 vt.总共赚得
1744,ground ,graund, n.土地 战场 场地 根据 背景 vt.放在地上 使...搁浅 打基础 grind的过去式和过去分词
1745,group ,gru:p, n.小组 群 团 团体 vt. & vi.聚合 成群 聚集 [计算机] 成组
1746,grow ,grəu, vt. & vi.生长 变得 变成 增长 种植 逐渐开始
1747,growth ,grəuθ, n.增长 增长量 生长 生长物
1748,guarantee ,.gærən'ti:, n.保证(书) 担保(书) 担保人 担保物 抵押品 vt.保证 担保
1749,guard ,gɑ:d, vt. & vi.守卫 看守 保卫 警惕 n.卫兵 守卫者 警戒 护卫队 保护
1750,guess ,ges, vt. &vi. &n.猜测 推测 猜想
1751,guest ,gest, n.客人 宾客 旅客 客串演员 特邀来宾 vt.款待 vi.作客
1752,guidance ,'gaidəns, n.引导 指导 领导 导航系统
1753,guide ,gaid, n.导游者 领路者 指南 路标 vt.给...导游 领路 指导 vi.作导游
1754,guilty ,'gilti, adj.内疚的 有罪的
1755,gulf ,gʌlf, n.海湾
1756,gum ,gʌm, n.口香糖 树胶 橡皮(糖) 齿龈 粘性物质 牙床 vt.搞砸 用牙床嚼 以树胶粘合 vi.形成胶质 发粘
1757,gun ,gʌn, n.枪 炮 手枪
1758,gunpowder ,'gʌn.paudə, n.黑色火药 有烟火药
1759,gymnasium ,dʒim'neiziəm, n. 体育馆 健身房 n. (德国等培养学生升入大学的)大学预科 高级中学 (复数) gymnasia 或 gymnasiums
1760,habit ,'hæbit, n.习惯 习性 隐 长袍 vt.穿衣
1761,habitual ,hə'bitjuəl, adj.习惯性的 惯常的
1762,hair ,hɛə, n.头发 毛发 毛 毛织物 极少量 极短距离
1763,haircut ,'hɛəkʌt, n.理发 发式
1764,half ,hɑ:f, n.半 一半 adj.一半的 不完全的 adv.一半地
1765,hall ,hɔ:l, n.门厅 过道 会堂 礼堂
1766,halt ,hɔ:lt, vi.停止 立定 跛行 犹豫 畏缩 vt.使...停止 n.停住 adj.瘸的
1767,hamburger ,'hæmbə:gə, n.汉堡包 牛肉饼
1768,hammer ,'hæmə, n.锤 榔头 vt.锤击 锤打 严厉批评 vi.锤击 反复敲打
1769,hand ,hænd, n.手 人手 指针 掌握 协助 vt.帮助 给 adv.手动地 人工地
1770,handful ,'hændful, n.一把 少数 一小撮 棘手之事 【非正式用语】 难以控制的人或费劲的事
1771,handkerchief ,'hæŋkətʃif, n.手帕 方头巾 围巾
1772,handle ,'hændl, n.柄 把手 vt.拿 触 买卖 处理 操作 vi.驾驭
1773,handsome ,'hænsəm, adj.英俊的 慷慨大方的 可观的 灵巧的 相当大的
1774,handwriting ,'hænd.raitiŋ, n.笔迹 手迹 书法
1775,handy ,'hændi, adj.手边的 方便的 便于使用的
1776,hang ,hæŋ, vt.挂 悬 吊死 悬挂方式 vt.(hanged hanged)悬挂 绞死 vi.(使)低垂 悬浮(在空中) 逗留
1777,happen ,'hæpən, vi.发生 碰巧 恰好 出现 偶然遇到
1778,happiness ,'hæpinis, n.幸福 幸运 快乐 适当
1779,happy ,'hæpi, adj.快乐的 幸福的 乐于做某事
1780,harbour ,'hɑ:bə, n.海港 港口 vt.庇护 停泊
1781,hard ,hɑ:d, adj.硬的 困难的 艰难的 苛刻的 adv.努力地 猛烈地 坚定地
1782,harden ,'hɑ:dn, vt.使变硬 (使)坚强 vi.变硬
1783,hardly ,'hɑ:dli, ad.几乎不 简直不
1784,hardship ,'hɑ:dʃip, n.艰难 困苦
1785,hardware ,'hɑ:dwɛə, n.五金器具 (计算机)硬件
1786,hare ,hɛə, n.野兔
1787,harm ,hɑ:m, n.伤害 损害 vt.伤害 损害
1788,harmful ,'hɑ:mfəl, adj.有害的
1789,harmony ,'hɑ:məni, n.调合 协调 和谐 和弦 和睦
1790,harness ,'hɑ:nis, vt.治理 束以马具 披上甲胄 利用(产生动力) n.马具 挽具 系在身上的绳子 甲胄
1791,harsh ,hɑ:ʃ, adj.严厉的 刺耳的 粗糙的 使人不舒服的 大约的
1792,harvest ,'hɑ:vist, n.收获(期) 成果 收获物 收成 vt. & vi.收割 收获
1793,haste ,heist, n.急速 急忙 草率 v.匆忙 赶快 vi.赶紧 赶快
1794,hasten ,'heisn, vt.催促 赶快 急忙 vi.赶紧 赶快 急忙
1795,hasty ,'heisti, adj.急速的 仓促的 匆匆的 轻率的 急忙的
1796,hat ,hæt, n.帽子(一般指有边的) 职位 vt.给...戴帽子 vi.提供帽子
1797,hatch ,hætʃ, vt.孵出 vi.(蛋)孵化 破壳 n.孵化 舱口
1798,hate ,heit, vt.恨 憎恨 不喜欢 不愿 vi.表示憎恨 n.憎恨 厌恶 厌恶的人或事
1799,hateful ,'heitfəl, adj.可恨的 可恶的
1800,hatred ,'heitrid, n.憎恶 憎恨 仇恨
1801,have ,hæv, v.aux.已经 曾经 vt.有 吃 从事 得到 雇用 享有 允许
1802,hawk ,hɔ:k, n.鹰 隼 掠夺别人的人 鹰派人物 清嗓 v.用训好的鹰捕猎 像鹰一般地袭击 鹰啸 清嗓 沿街叫卖
1803,hay ,hei, n.干草
1804,hazard ,'hæzəd, n.危险 危害 公害 冒险 vt.冒险 赌运气
1805,he ,hi:, pron.(主格)他
1806,head ,hed, n.头 头脑 领袖 冷静 硬币 正面 顶端 上端 高潮 vt. & vi.率领 为首 朝向 前进 超过 起源 adj.首要的 前面的
1807,headache ,'hedeik, n.头痛 头痛的事
1808,heading ,'hediŋ, n.标题 题词 题名 航向 动词head的现在分词
1809,headline ,'hedlain, n.(pl.)新闻提要 大字标题
1810,headmaster ,'hed'mɑ:stə, n.(中小学的)校长
1811,headquarters ,'hed'kwɔ:təz, n.司令部 指挥部 总部
1812,heal ,hi:l, vt.治愈 使和解 痊愈 恢复 vi.痊愈
1813,health ,helθ, n.健康 健康状况 卫生 保健
1814,healthy ,'helθi, adj.健康的 有益健康的
1815,heap ,hi:p, n.(一)堆 大量 许多 累积 vt.使成堆 装满 [计算机] 堆
1816,hear ,hiə, vt. & vi.听见 审讯 听说 听到 得知 倾听 听证
1817,heart ,hɑ:t, n.心 内心 中心 要点 红桃 勇气
1818,heat ,hi:t, n.热 炎热 热度 高潮 激动 激烈程度 辛辣 警察 vi.变热 变暖 因热变质 vt.使...变热
1819,heating ,'hi:tiŋ, n.加热 供暖 暖气装置 adj.加热的 供暖的 动词heat的现在分词
1820,heaven ,'hevn, n.天堂 天 天空
1821,heavily ,'hevili, adv.重重地 很重地 沉重地 沉闷地 大量地
1822,heavy ,'hevi, adj.重的 大(量)的 充满的 激烈的 难消化的 费力的 沉闷的 adv.密集地 n.悲剧角色
1823,hedge ,hedʒ, n. 篱笆 树篱 障碍物 防止财产损失的方法 vt. 包围 限制 vi. 种树篱 拐弯抹角 保护自己不受财产损失adj. 树篱的 篱笆边的
1824,heel ,hi:l, n.脚后跟 踵 后跟 v.倾侧
1825,height ,hait, n.高 高度 高处 身高 最高峰 极点
1826,heir ,ɛə, n.后嗣 继承人
1827,helicopter ,'helikɔptə, n.直升机
1828,hell ,hel, n.地狱 极大的痛苦
1829,hello ,hə'ləu, int.喂 n.(见面打招呼或打电话用语)喂 哈罗
1830,helmet ,'helmit, n.头盔 钢盔 遮阳帽 甲
1831,help ,help, vt. & vi.帮助 援助 改善 n.帮手 帮助 援助
1832,helpful ,'helpfəl, adj.给予帮助的 有用的 有益的
1833,helpless ,'helplis, adj.无助的 无能的 无依靠的
1834,hen ,hen, n.母鸡 雌禽
1835,hence ,hens, ad.因此 从此 所以 今后
1836,her ,hə:, pron.(宾格)她 她的 adj.她的 abbr.=heraldry
1837,herd ,hə:d, n.兽群 牧群 人群 牧人 vt.放牧 群集 使...成群 vi.聚在一起
1838,here ,hiə, adv.这里 向这里 adj.表示强调 n.这里
1839,hero ,'hiərəu, n.男主角 英雄 勇士
1840,heroic ,hi'rəuik, adj.英雄的 英勇的 巨大的
1841,heroine ,'herəuin, n.女主角 女英雄
1842,hers ,hə:z, pron.她的(所有物)
1843,herself ,hə:'self, pron.她自己 她亲自
1844,hesitate ,'heziteit, vi.犹豫 踌躇 含糊 停顿 口吃 迟疑 vt.用犹疑的态度表示
1845,hi ,hai, ini.嗨(表示问候等) 引人注意时的喊声 打招呼
1846,hide ,haid, vt. & vi.把...藏起来 隐瞒 遮避 鞭打 n.兽皮 生活富足度
1847,high ,hai, adj.高的 高级的 轻微变质的 高尚的 严重的 强的 adv.高 好 n.高地 天堂 高气压 高度 兴奋
1848,highly ,'haili, adv.高度地 很 非常
1849,highway ,'haiwei, n.公路 大路 (水陆空)直接航线或路线
1850,hill ,hil, n.小山 小堆 斜坡 山岗 丘陵 vt.堆起 培土
1851,hillside ,'hil'said, n.(小山)山腰 山坡
1852,him ,him, pron.(宾格)他
1853,himself ,him'self, pron.他自己 他亲自
1854,hint ,hint, n.暗示 提示 示意 建议 小部分 vt. & vi.暗示 示意
1855,hire ,'haiə, vt.租借 雇请 出租 n.租用 雇用 租用
1856,his ,hiz, pron.他的 他的东西
1857,historical ,his'tɔ:rikəl, adj.历史的 有关历史的
1858,history ,'histəri, n.历史 个人经历
1859,hit ,hit, vt. 打(击) 碰撞 偶然发现 要求 符合 vi. 打(击) 袭击 达到 n. 打(击) 冲撞 讽刺 成功.一次毒品的剂量 点击量
1860,hobby ,'hɔbi, n.业余爱好 癖好
1861,hold ,həuld, vt.拿住 掌握 拥有 持有 举行 n.把握 控制 支撑点 延误 n.船舱
1862,hole ,həul, n.洞 孔眼 裂开处 穴 vt. & vi.挖洞 掘坑 进洞
1863,holiday ,'hɔlədi, n.假日 节日 假期 vi.度假
1864,hollow ,'hɔləu, adj. 空的 空洞的 虚伪的 空腹的 vt. 形成空洞 挖空 vi. 形成空洞 adv. 有闷哑声 完全地 n. 洞 窟窿 山谷
1865,holy ,'həuli, adj.神圣的 圣洁的 令人敬仰的
1866,home ,həum, n.家 家乡 住所 国内的 养老院 adj.家庭的 家(乡)的 adv.回家 在家 正确的方向 vt. 提供住处 vi. 回家 移向
1867,honest ,'ɔnist, adj.诚实的 可敬的 正直的 adv.老实说
1868,honesty ,'ɔnisti, n.诚实 正直
1869,honey ,'hʌni, n.蜜 (复数)蜂蜜 甜 甜蜜 宝贝 爱人 adj. 蜂蜜似的 深爱的 vt.加蜜使甜 对...说甜言蜜语 vi.说甜言蜜语 奉承
1870,honeymoon ,'hʌnimu:n, n.蜜月 vi.度蜜月
1871,honour ,'ɔnə, n.光荣 尊敬 敬意 荣誉 荣幸 头衔 vt.尊敬 信守承诺 方形舞中鞠躬致敬
1872,honourable ,'ɔnərəbl, adj.诚实的 光荣的 荣誉的 可敬的 体面的 =honorable(美)
1873,hook ,huk, n.钩 挂钩 钩子 钩拳 vt. & vi.钩住
1874,hope ,həup, n. &vt. &vi.希望 abbr.=Health Opportunity for People Everywhere世界健康基金会
1875,hopeful ,'həupfəl, adj.有希望的
1876,hopeless ,'həuplisli, adj.没有希望的 绝望的 无可救药的
1877,horizon ,hə'raizn, n.地平线 眼界 见识 视野
1878,horizontal ,.hɔri'zɔntl, adj.地平的 水平的 横的 n.水平线 水平面
1879,horn ,hɔ:n, n.号角 警报器 角 动物角 喇叭 触角 角状物 力量源泉
1880,horror ,'hɔrə, n.恐怖 战栗 憎恶 厌恶 adj.恐怖的 令人毛骨悚然的
1881,horse ,hɔ:s, n.马 马科动物 vt.骑马 adj.马的
1882,horsepower ,'hɔ:spauə, n.马力(功率单位)
1883,hospital ,'hɔspitl, n.医院
1884,host ,həust, n.主人 东道主 军队 大量 主人 主持人 主机 vt.主持 做东 vi.聚集
1885,hostess ,'həustis, n.女主人 空姐
1886,hostile ,'hɔstail, adj.敌方的 不友善的 怀敌意的
1887,hot ,hɔt, adj.热的 热情的 刺激的 辣的 性感的 adv.激动地 快速地 n.最高温度 滚烫的东西
1888,hotel ,həu'tel, n.旅馆 宾馆 酒店 饭店
1889,hour ,auə, n.小时 时间 时刻 钟点
1890,house ,haus, n.房屋 住宅 商号 全家人 议院 vt.提供住 安置 收容 vi.居住 躲避
1891,household ,'haushəuld, n.家庭 户 家务 adj.家庭的 家喻户晓的
1892,housewife ,'hauswaif, n.家庭主妇 针线盒
1893,how ,hau, adv.如何 怎么 怎样 多少 conj.如何 怎样 以...方式 n.方式
1894,however ,hau'evə, adv.然而 不管怎样conj.然而 可是 不过
1895,huge ,hju:dʒ, adj.巨大的 庞大的 程度高的
1896,human ,'hju:mən, adj.人的 人类的 n.人
1897,humble ,'hʌmbl, adj.谦逊的 地位低下的 卑下的 粗陋的 vt.使...卑下 贬低
1898,humid ,'hju:mid, adj.湿的 湿气重的 潮湿的
1899,humorous ,'hju:mərəs, adj.富于幽默的 诙谐的
1900,humour ,'hju:mə, n.幽默 诙谐 幽默感 体液 vi.纵容 迁就 =humor(美)
1901,hundred ,'hʌndrəd, num.百 百个 百位 n.许多
1902,hunger ,'hʌŋgə, n.饿 饥饿 渴望 v.饿 渴望 使...饥饿
1903,hungry ,'hʌŋgri, adj.饥饿的 渴望的
1904,hunt ,hʌnt, n.打猎 狩猎 搜寻 追捕 vt.追猎 狩猎 打猎 搜索
1905,hurry ,'hʌri, vi.赶紧 快速移动 vt.催促 加快 迅速处理 n.骚乱 匆忙 急需
1906,hurt ,hə:t, vt.使受伤 使痛心 伤害 (使)疼痛 损害 vi.受疼痛 破坏 n.打击 创伤 
1907,husband ,'hʌzbənd, n.丈夫 vt.节俭
1908,hut ,hʌt, n.小屋 棚屋
1909,hydrogen ,'haidridʒən, n.氢
1910,I ,ai, pron.(主格)我
1911,ice ,ais, n.冰 冰块 矜持 vt.冰镇 冰冻 结冰
1912,ice-cream ,'aiskri:m, n.冰淇淋
1913,idea ,ai'diə, n.想法 思想 意见 观念
1914,ideal ,ai'diəl, adj.理想的 观念的 完美的 高尚的 n.理想 典范 目标
1915,identical ,ai'dentikəl, adj.完全相同的 同一的
1916,identify ,ai'dentifai, vt.认出 识别 鉴定 vi.认同 感同身受
1917,idiom ,'idiəm, n.习语 成语 惯用语 方言 风格 特色
1918,idle ,'aidl, adj.空闲的 懒散的 无目的的 无聊的 懒惰的 闲散的 无根据的 i.e.(=that is)那就是 即
1919,if ,ɪf,conj.假如 如果 是否 即使 n.条件 设想
1920,ignorant ,'ignərənt, adj.不知道的 无知的 愚昧的
1921,ignore ,ig'nɔ:, vt.不顾 不理 忽视
1922,ill ,il, adj.有病的 坏的 引起痛苦的 敌意的 adv.坏 恶劣地 勉强地 n.邪恶 不幸 祸害 坏话
1923,illegal ,i'li:gəl, adj.不合法的 非法的 n.非法移民
1924,illness ,'ilnis, n.病 疾病
1925,illustrate ,'iləstreit, vt.(用图等)说明 举例说明 作图解 vi.举例
1926,illustration ,i.ləs'treiʃən, n.说明 图解 插图 例证
1927,image ,'imidʒ, n.像 形象 映象 图像 影像 肖像 想像 vt.想像 描绘 反映
1928,imaginary ,i'mædʒinəri, adj.想象中的 假想的 虚构的
1929,imagination ,i.mædʒi'neiʃən, n.想象 想象力 空想
1930,imagine ,i'mædʒin, vt.想象 设想 料想 幻想 猜测 vi.想像起来 认为
1931,imitate ,'imiteit, vt.模仿 仿效 仿制
1932,immediate ,i'mi:djət, adj.立即的 直接的 即刻的 最接近的
1933,immediately ,i'mi:diətli, adv.立即 直接地 conj.一...(就)
1934,immense ,i'mens, adj.巨大的 广大的 非常好的 极好的
1935,immigrant ,'imigrənt, n.移民 侨民 adj.移民的
1936,impact ,"'impækt,im'pækt", n.影响(力) 作用 冲击(力) 冲突 vt.挤入 压紧 撞击 对...发生影响
1937,impatient ,im'peiʃənt, adj.不耐烦的 急躁的
1938,implication ,.impli'keiʃən, n.含义 暗示 暗指
1939,imply ,im'plai, vt.暗示 意指
1940,import ,"'impɔ:t,im'pɔ:t", vt. & vi. & n.输入 进口
1941,importance ,im'pɔ:təns, n.重要 重要性
1942,important ,im'pɔ:tənt, adj.重要的 影响很大的 有势力的
1943,impose ,im'pəuz, vt.把...强加 加上 强迫 征(税) 课征
1944,impossible ,im'pɔsəbl, adj.不可能的 办不到的
1945,impress ,im'pres, vt.给...深刻印象 影响 印刻 传送 vi.给人印象 n.印象 特徵 印记
1946,impression ,im'preʃən, n.印 印象 印记 效果
1947,impressive ,im'presiv, adj.给人印象深刻的
1948,imprison ,im'prizn, vt.关押 监禁 限制 束缚
1949,improve ,im'pru:v, vt.使更好 改进 利用 (提高)价值 vi.改善 改进
1950,improvement ,im'pru:vmənt, n.改进 改善 改进处
1951,in ,in, prep.在...里 在 穿着 (表示状态或状况) 参与 在...方面 adv.进 入
1952,inch ,intʃ, n.英寸 少量 v.慢慢移动
1953,incident ,'insidənt, n.发生的事 事件 (常指)军事冲突 插曲 事变 adj.难免的 附带的 (物理)入射的
1954,incline ,"'inklain,in'klain", n.倾斜 斜坡 斜面 vt.使倾斜 使 ...倾向 爱好 易于
1955,include ,in'klu:d, vt.包括 包含
1956,income ,'in.kʌm, n.收入 所得 收益 进款
1957,incorrect ,.inkə'rekt, adj.不正确的 错误的
1958,increase ,"'inkri:s,in'kri:s", vt. & vi. & n.增加 增强 提高 
1959,increasingly ,in'kri:siŋli, adv.日益 越来越多地 逐渐地 渐增地
1960,indeed ,in'di:d, adv.真正地 确实 的确 事实上
1961,indefinite ,in'definit, adj.不明确的 模糊的 不定的
1962,independence ,.indi'pendəns, n.独立 自主 自立
1963,independent ,.indi'pendənt, adj.独立的 自主的 私立的 无偏见的 n.独立派人士 无党派者
1964,index ,'indeks, n.索引 指数 指标 指针 vt.编入索引中 指出 vi.编索引
1965,India ,'indiə, n.印度
1966,Indian ,'indjən, adj.印度的 印度人的 印第安人的 n.印度人 印第安人
1967,indicate ,'indikeit, vt.标示 表示 指明 表明 v.显示 象征 指示
1968,indication ,.indi'keiʃən, n.指示 表示 象征 表明
1969,indifferent ,in'difrənt, adj.冷漠的 不积极的 漠不关心的 无重要性的 中立的
1970,indignant ,in'dignənt, adj.愤慨的 义愤的 愤愤不平的
1971,indirect ,.indi'rekt, adj.间接的 不坦率的 迂回的 次要的 欺骗的
1972,indispensable ,.indis'pensəbl, adj.必不可少的 必需的
1973,individual ,.indi'vidjuəl, adj.个别的 独特的 n.个人 个体
1974,indoors ,'in'dɔ:z, adv.在室内 在屋里
1975,industrial ,in'dʌstriəl, adj.工业的 产业的 n.工业公司
1976,industrialize ,in'dʌstriəlaiz, vt.(使)工业化 =industrialise(英)
1977,industry ,'indəstri, n.工业 产业 勤劳
1978,inefficient ,.ini'fiʃənt, adj.效率低的 无效率的 不称职的 无能的
1979,inevitable ,in'evitəbl, adj.不可避免的 必然(发生)的
1980,inexpensive ,.inik'spensiv, adj.花费不多的 廉价的
1981,infant ,'infənt, n.婴儿 幼儿 adj.婴儿的 幼稚的 初期的
1982,infect ,in'fekt, vt.传染 感染
1983,infer ,in'fə:, vt.推论 推断 猜想 暗示 vi.推论
1984,inferior ,in'fiəriə, adj.下等的 劣等的 次等的 较低的 不如的
1985,infinite ,'infinit, adj.无限的 无穷的 无数的 n.无限
1986,influence ,'influəns, n.影响 影响力 势力 权势 有影响的人(或事物) vt.影响 感化
1987,influential ,.influ'enʃəl, adj.有影响的 有权势的 n.有影响力的人物
1988,inform ,in'fɔ:m, vt.通知 向...报告 告诉 告发
1989,information ,.infə'meiʃən, n.消息 信息 通知 情报 新闻 资料 询问
1990,inhabit ,in'hæbit, vt.居住于 栖息于 占据
1991,inhabitant ,in'hæbitənt, n.居民 住户
1992,inherit ,in'herit, vt.继承(传统等) 遗传 vi.继承
1993,initial ,i'niʃəl, adj.最初的 词首的 (词)首字母 adj.开始的 最初的 字首的 vt.签姓名的首字母于
1994,injection ,in'dʒekʃən, n.注射 注入 注射物 数学函数 充满
1995,injure ,'indʒə, vt.伤害 损害 损伤 使...受冤屈
1996,injury ,'indʒəri, n.损害 伤害 受伤处
1997,ink ,iŋk, n.墨水 油墨
1998,inn ,in, n.客栈 小旅店 小酒店
1999,inner ,'inə, adj.内部的 内心的 里面的 n.里面
2000,innocent ,'inəsnt, adj.清白的 幼稚的 无罪的 不懂事的 无知的 无辜的
2001,input ,'input, n.输入 投入的资金
2002,inquire ,in'kwaiə, vt.打听 询问 调查 vi.询问 查究
2003,inquiry ,in'kwaiəri, n.询问 打听 调查 查问 =enquiry(英)
2004,insect ,'insekt, n.昆虫 虫
2005,inser ,in'sə:t, t vt.插入 嵌入 登载 n.插入物
2006,inside ,'in'said, prep.在...里面 n.内部 adj.里面的 adv.在里面
2007,insist ,in'sist, vi.坚持 强调 坚持要求 vi.坚决主张
2008,inspect ,in'spekt, vt.检查 审查 调查 检阅 vi.调查
2009,inspection ,in'spekʃən, n.检查 审查 检阅 视察
2010,inspire ,in'spair, vt.鼓舞 给...以灵感 影响 使...感动 激发 煽动 vi.吸入
2011,install ,in'stɔ:l, vt.安装 设置 安置 使...就职
2012,installation ,.instə'leiʃən, n.安装 装置 设施 军事驻地
2013,instance ,'instəns, n.例子 实例 事例 阶段 情况 诉讼程序 vt.举例说明
2014,instant ,'instənt, n.瞬间 立即 adj.立即的 即时的
2015,instantly ,'instəntli, adv.立即 即刻
2016,instead ,in'sted, adv.代替 顶替 反而
2017,instinct ,'instiŋkt, n.本能 直觉 生性 天性 adj.充满的
2018,institute ,'institju:t, n.研究所 学院 学会 协会 vt.创立 开始 制定
2019,institution ,.insti'tju:ʃən, n.协会 制度 习俗 机构 创立
2020,instruct ,in'strʌkt, vt.教 指示 通知 命令 指导 [计算机] 指示
2021,instruction ,in'strʌkʃən, n.命令 指令 教学 教训 说明 须知
2022,instrument ,'instrumənt, n.仪器 工具 乐器 器械
2023,insufficient ,.insə'fiʃənt, adj.不足的 不适当的
2024,insult ,"'insʌlt,in'sʌlt", vt. & n.侮辱 凌辱 (对人身的)损害
2025,insurance ,in'ʃuərəns, n.保险 保险费
2026,insure ,in'ʃuə, vt.给...保险 确保 vi.买保险
2027,intellectual ,.intil'ektʃuəl, n.知识分子 凭理智做事者 adj.智力的 聪明的
2028,intelligence ,in'telidʒəns, n.智力 理解力 情报 情报工作 情报机关
2029,intelligent ,in'telidʒənt, adj.聪明的 理智的
2030,intend ,in'tend, vt.想要 打算 计划 意指
2031,intense ,in'tens, adj.强烈的 紧张的 剧烈的 热情的 激烈的
2032,intensity ,in'tensiti, n.强烈 剧烈 强度
2033,intensive ,in'tensiv, adj.加强的 精耕细作的 强烈的 密集的 精细的 强调的 n.(语法)强调成份
2034,intention ,in'tenʃən, n.意图 意向 目的
2035,intentional ,in'tenʃənəl, adj.故意的 有意识的 策划的 企图的
2036,interaction ,ˌɪntər'ækʃn,n.相互作用 相互影响 互动交流 干扰
2037,interest ,'intərist, n.兴趣 利益 利息 嗜好 股份 vt.使...感兴趣
2038,interesting ,'intəristiŋ, adj.有趣的 引人入胜的
2039,interfere ,.intə'fiə, vi.干涉 干预 妨碍 冲突
2040,interference ,.intə'fiərəns, n.干涉 干预 干扰 阻碍 [计算机] 干涉
2041,interior ,in'tiəriə, adj.内的 内地的 国内的 内部的 n.内部 内在
2042,intermediate ,.intə'mi:diət, adj.中间的 中级的 n.中间体 媒介物 调解人 vi.调解 干涉
2043,internal ,in'tə:nəl, adj.内的 国内的 内在的 身体内部的
2044,international ,.intə'næʃənəl, adj.国际的 世界(性)的 n.国际组织
2045,interpret ,in'tə:prit, vt.解释 说明 口译 翻译 演出 [计算机] 解释
2046,interpretation ,in.tə:pri'teiʃən, n.解释 口译 翻译 演出
2047,interpreter ,in'tə:pritə, n.译员 口译者 解释程序
2048,interrupt ,.intə'rʌpt, vt.打断 打扰 中止 妨碍 vi.插嘴 n.中断 [计算机] 中断
2049,interruption ,.intə'rʌpʃən, n.中断 打断 障碍物
2050,interval ,'intəvəl, n.间隔 休息 休息时间 (数学)区间 (音乐)音程 间距
2051,interview ,'intəvju:, n.接见 会见 面谈 访问 vt.接见 对...进行面谈(试) vi.面试 采访
2052,intimate ,"'intimeit,'intimit", adj.亲密的 个人的 私人的 秘密的 n.密友 vt.透露 暗示
2053,into ,'intu:, prep.进 入 进入到 到...里
2054,introduce ,.intrə'dju:s, vt.介绍 引进 传入 采用 提出 提倡 放入
2055,introduction ,.intrə'dʌkʃən, n.介绍 引进 引言 导论 序言
2056,invade ,in'veid, vt.入侵 侵略 侵害 侵袭 拥入
2057,invasion ,in'veiʒən, n.入侵 侵略 侵犯
2058,invent ,in'vent, vt.发明 创造 捏造
2059,invention ,in'venʃən, n.发明 发明物 虚构 虚构物 创造 捏造
2060,inventor ,in'ventə, n.发明者 发明家 创造者
2061,invest ,in'vest, vt.投资 投入 花费 授与 赋予(某种性质) 包围 vi.投资
2062,investigate ,in'vestigeit, vt. & vi.调查 研究 [计算机] 研究
2063,investigation ,in.vesti'geiʃən, n.调查 调查研究
2064,investment ,in'vestmənt, n.投资 投资额 投入
2065,invisible ,in'vizəbl, adj.看不见的 无形的 n.隐形人(或物品)
2066,invitation ,.invi'teiʃən, n.邀请 招待 请柬 引诱 招致
2067,invite ,in'vait, vt.邀请 聘请 招待 要求 n.邀请
2068,involve ,in'vɔlv, vt.使卷入 使陷入 使忙于 牵涉 包含
2069,inward ,'inwəd, adj.里面的 内心的 向内的 亲密的 adv.向内 n.内部 内在
2070,iron ,'aiən, n.铁 烙铁 熨斗 坚强 (复数)铁制物 vt.烫(衣) 用铁装备 vi.熨烫(平) adj.刚强的
2071,irregular ,i'regjulə, adj.不规则的 不整齐的 不合法的 n.不合规格之物
2072,island ,'ailənd, n.岛 岛屿 孤立体 vt.建成岛屿 隔离
2073,isolate ,'aisəleit, vt.使隔离 使孤立 adj.孤立的 n.分离
2074,issue ,'iʃju:, n.问题 争论点 发行 发行物 期刊号 vi. & vt.发行 流出 造成...结果
2075,it ,it, pron.这 那 它
2076,Italian ,i'tæljən, adj.意大利 n.意大利人
2077,Italy ,'itəli, n.意大利
2078,item ,'aitəm, n.条 条款 一条 项目 一件商品(或物品) adv.也
2079,its ,its, pron.( it的所有格)它的
2080,itself ,it'self, pron.它自己 它本身 自身
2081,jacket ,'dʒækit, n.短上衣 茄克衫
2082,jail ,dʒeil, n.监狱 监狱 拘留所 vi.监禁 vt.监禁 下狱
2083,jam ,dʒæm, n.果酱 拥塞之物 堵塞 窘境 v.挤 塞满 混杂 vt.使塞满 使堵塞
2084,January ,'dʒænjuəri, n.一月
2085,Japan ,dʒə'pæn, n.日本 日本国 日本漆 日本式漆器 日本式物品
2086,Japanese ,dʒæpə'ni:z, adj.日本的 日本人的 日语的 n.日本人 日语
2087,jar ,dʒɑ:, n.罐子 坛子 广口瓶 不和谐 刺耳声 震动 震惊 vi.发刺耳声 不协调 震动 vt.扰乱 使不稳定
2088,jaw ,dʒɔ:, n.颌 颚 说教 流言蜚语 v.喋喋不休 教训
2089,jazz ,dʒæz, n.爵士音乐 爵士舞(曲) 空扯的话 以及类似的东西 vt.使...活泼 把...演奏成爵士风格 vi.闲逛 跳爵士舞
2090,jealous ,'dʒeləs, adj.妒忌的 猜疑的 戒备的
2091,jet ,dʒet, n.喷气式飞机 喷嘴 喷射 喷出 黑玉大理石 vt.射出 喷射 vi.气流中喷出 adj.煤黑色的
2092,jew ,dʒu:, n.犹太人
2093,jewel ,'dʒu:əl, n.宝石 宝石饰物 v.镶以宝石
2094,jewish ,'dʒu:iʃ, adj.犹太人的
2095,job ,dʒɔb, n. 职业 工作 零活 职责 任务 vt. 投机买卖 营私舞弊 不公正地判罚 分包任务 vi. 工作 假公济私 做分销商或批发商 adj. 与工作有关的
2096,join ,dʒɔin, vt.参加 结合 联合 加入 连接
2097,joint ,dʒɔint, n.接头 接缝 关节 接合处 adj.联合的 共同的 合资的 连带的 v.连接 贴合
2098,joke ,dʒəuk, n.笑话 玩笑 vi.说笑话 开玩笑
2099,jolly ,'dʒɔli, adj. 快活的 愉快的 高兴的 宜人的 令人高兴的v. 恭维 哄 开玩笑 戏虐 adv. 非常 极为 n. (尤英) 欢乐 欢庆 (复数) follies: 娱乐 乐趣
2100,journal ,'dʒə:nl, n.日报 期刊 杂志 日志
2101,journalist ,'dʒə:nəlist, n.记者 新闻工作者
2102,journey ,'dʒə:ni, n.旅行 旅程 行程 v.旅行
2103,joy ,dʒɔi, n.欢乐 喜悦 乐趣 乐事 vi.享受快乐
2104,joyful ,'dʒɔifəl, adj.十分喜悦的 快乐的
2105,judge ,dʒʌdʒ, n.法官 裁判员 v.断定 判断 估计
2106,judgement ,'dʒʌdʒmənt, n.意见 审判 判断
2107,juice ,dʒu:s, n.(水果等)汁 液 果汁 细胞液 内在本质 汽油 唾液 体液 vt.加液体 榨出...的汁液
2108,July ,dʒu(:)'lai, n.七月
2109,jump ,dʒʌmp, vi. & vt.跳 跳过 跳越 惊跳 暴涨 突升 n.跳跃 跳动 上涨
2110,June ,dʒu:n, n.六月 琼(女子名)
2111,jungle ,'dʒʌŋgl, n.丛林 密林 莽丛 adj.丛林的 蛮荒的
2112,junior ,'dʒu:njə, adj.年少的 下级的 后进的 n.晚辈 年少者 地位较低者 大学三年级学生
2113,jury ,'dʒuəri, n.陪审团 评委会 评奖团 adj.临时用的 vt.挑选
2114,just ,dʒʌst, adv.刚才 只是 正好 恰好 adj.公正的 公平的 恰当的
2115,justice ,'dʒʌstis, n.正义 公正 司法 上诉法庭的法官
2116,justify ,'dʒʌstifai, vt.证明...是正当的 替 ...辩护 n.对齐 [计算机] 调整
2117,keen ,ki:n, adj.热心的 激烈的 敏锐的 强烈的 精明的 热忠于
2118,keep ,ki:p, vi.保持 坚持 保存 维持 继续 保有 记录 n.生计 维持 围墙 监狱
2119,keeper ,'ki:pə, n.看护人 饲养员 保管人
2120,kettle ,'ketl, n.水壶 水锅 坑穴
2121,key ,ki:, n.钥匙 关键 答案 按键 音调 adj.主要的 关键的 vt.上锁 调节 提供解答 键入 vi.使用钥匙
2122,keyboard ,'ki:bɔ:d, n.键盘 vt.用键盘输入
2123,kick ,kik, n. 踢 冲刺 反冲 钱包 反对 极大兴趣 vt. 踢 对自己生气 戒除 vi. 踢 反抗 充满活力的运作 反冲 冲刺
2124,kid ,kid, n.小孩 儿童 少年 小山羊 小山羊皮制品 vi. (山羊 羚羊)生幼崽 玩恶作剧 vt. 开玩笑 哄骗 嘲弄 adj. 相对年幼的
2125,kill ,kil, vi.杀死 扼杀 消磨 消减 破坏 n.杀 杀戮
2126,kilogram ,'kiləgræm, n.千克 公斤
2127,kilometer ,'kilə.mi:tə, n.千米 公里 =kilometre(略作km)
2128,kind ,kaind, n.种类 本质 adj.仁慈的 友好的 和蔼的
2129,kindness ,'kaindnis, n.仁慈 好意
2130,king ,kiŋ, n.国王 君主
2131,Kingdom ,'kiŋdəm, n.天国
2132,kingdom ,'kiŋdəm, n.王国 领域 界
2133,kiss ,kis, vt.吻 轻触 vi.接吻 轻触 n.吻 蛋白小饼干 小糖果
2134,kitchen ,'kitʃin, n.厨房 灶间
2135,kite ,kait, n.风筝 v.用空头支票骗人 使上升
2136,knee ,ni:, n.膝 膝盖 膝关节 像膝盖的东西 护膝 屈膝鞠躬 vt.用膝盖顶
2137,kneel ,ni:l, vi.跪 跪下 跪着
2138,knife ,naif, n.小刀 刀 餐刀 v.用刀切割 如刀割般
2139,knit ,nit, vt.把...编结 编织 密接 结合 皱眉 vi.编织 变得紧凑 愈合 n.编织
2140,knob ,nɔb, n.门把 拉手 旋纽 瘤
2141,knock ,nɔk, vi. & vt.敲 击 打 互撞 攻击 n.敲 敲打 敲门
2142,knot ,nɔt, n.(绳的)结 (树的)节 难题 一小群 vi.打结 vt.把...打成结 系牢 捆扎
2143,know ,nəu, vt.知道 认识 通晓 n.知识 了解
2144,knowledge ,'nɔlidʒ, n.知识 学识 知道 了解
2145,lab ,læb, n.实验室 研究室
2146,label ,'leibl, n.标签 签条 标记 符号 商标 称谓 [计算机]标记 DOS命令 加上或修改磁盘标签 vt. 贴标签于 分类 把...称为
2147,laboratory ,'læbrətɔ:ri, n.实验室 研究室 实验大楼
2148,labor ,'leibə, n.工作 劳动 劳力 劳方 vt.苦干 劳动 分娩 阵痛 致力于 vi.过分详尽阐述 adj.劳工的 劳动的
2149,labour ,'leibə, n.劳动 工作 劳工 Labour(英国)工党
2150,lace ,leis, n.鞋带 系带 花边 饰带 缎带 v.结带子 饰以花边
2151,lack ,læk, vi. & vi. &n.缺乏 不足 无
2152,ladder ,'lædə, n.梯子 阶梯 梯状物
2153,lady ,'leidi, n.女士 夫人 贵妇人
2154,lag ,læg, vi. 走得慢 落后 vt. 落后 投掷 盖上桶盖 耽搁 n. 落后 滞后 落后的人 (两事件之间的)时间间隔 耽搁 桶盖 adj. 最后的
2155,lake ,leik, n.湖
2156,lamb ,læm, n.羔羊 小羊 羔羊肉 温顺的人 v.产羊羔
2157,lame ,leim, adj.跛的 瘸的 残废的 无说服力的 vt.使...成残废 使...变无用 n.金属薄板
2158,lamp ,læmp, n.灯 发光或反射光的天体 灵光
2159,land ,lænd, n.陆地 国土 土地 vi.上岸 使靠岸 卸货 得到 登陆
2160,landing ,'lændiŋ, n.上岸 登陆 着陆 楼梯平台 动词land的现在分词
2161,landlady ,'lænd.leidi, n.女房东 女地主
2162,landlord ,'lændlɔ:d, n.地主 房东 店主
2163,lane ,lein, n.(乡间)小路 小巷 行车道 跑道
2164,language ,'læŋgwidʒ, n.语言 语言课程
2165,lantern ,'læntən, n.提灯 灯笼 [建筑学]天窗 屋顶气窗
2166,lap ,læp, n.膝部 膝盖 一圈 一周 下摆 舐声 vt.包围 抱...在膝上 重叠 舔 拍打 泼溅 vi.重叠 围住 轻拍 舔
2167,large ,lɑ:dʒ, adj.大的 巨大的 广泛的 强烈的 普遍地 大量地
2168,largely,ˈlɑ:dʒli,adv.大部分 大量地 主要地
2169,laser ,'leizə, n.激光 镭射
2170,last ,lɑ:st, adj.最后的 末尾的 最近的 晚了 迟到了 adv.最后 最新 n.最后来的人(或发生的事) v.持续 持久 耐久
2171,late ,leit, adj.迟的 晚的 已故的 adv.迟 很迟 晚 最近地
2172,lately ,'leitli, adv.最近 不久前
2173,later ,'leitə, adv.后来 过一会儿 稍后 后来 迟到地 adj.更迟的 后面的
2174,Latin ,'lætin, adj.拉丁的 拉丁人的 拉丁语系国家的 n.拉丁语 拉丁人
2175,latter ,'lætə, adj.(两者中)后者的 后面的
2176,laugh ,lɑ:f, vi.笑 发笑 n.笑(声) 笑料 (复数)娱乐
2177,laughter ,'lɑ:ftə, n.笑 笑声
2178,launch ,lɔ:ntʃ, vt.&n.发射 投射 发动 下水 开始 升天 汽艇
2179,laundry ,'lɔ:ndri, n.洗衣房 洗衣店 要洗的衣服 洗衣
2180,lavatory ,'lævətəri, n.盥洗室 厕所
2181,law ,lɔ:, n.法律 法令 起诉 法则 规律 vi.起诉
2182,lawn ,lɔ:n, n.草地 草坪 草场 上等细麻布
2183,lawyer ,'lɔ:jə, n.律师 法学家
2184,lay ,lei, lie的过去式 vt. 置放 铺设 设置 击 产卵 使平静 打赌 压平 罚款 设计 vi. 生蛋 打赌 全力以赴 n. 隐蔽处 计划 价格 生蛋 叙事诗 诗歌 adj. 世俗的 外行的
2185,layer ,'leiə, n.层 层次 铺设者 vi.分层 vt.将某物堆积成层 n.产卵鸡 [园艺]压条 vt. [园艺]用压条法使(嫩枝)生根
2186,layout ,'leiaut, n.布局 安排 设计
2187,lazy ,'leizi, adj.懒惰的 懒散的
2188,lead ,"led,li:d", vt.为...带路 领导 引导 带领 以铅接合 过...(的生活) n.铅 铅制品 领引 榜样
2189,leader ,'li:də, n.领袖 领导人 首领
2190,leadership ,'li:dəʃip, n.领导 领导才干
2191,leading ,'li:diŋ, adj. 指导的 领导的 最主要的 在前的 vbl. 领导 引领 以铅接合 n. 领导 疏导 铅板 [计算机] 行间空白
2192,leaf ,li:f, n.叶 叶子 树叶 页 活动桌板 花瓣 vt.翻页 vi.长叶子 翻页浏览
2193,league ,li:g, n.同盟 联盟 联合会 社团
2194,leak ,li:k, vi.漏 泄露 漏渗 n.漏洞
2195,lean ,li:n, vi.倾斜 屈身 倚靠 依赖 vt.使倾斜 n.瘦肉 倾斜 弯曲 adj.瘦的 贫乏的 歉收的
2196,leap ,li:p, vi.跳 跃 跳跃 猛冲 vt.跃过 n.跳跃 剧增 急变
2197,learn ,lə:n, vi.学 学习 了解 习得 vt.学 学习 获悉
2198,learned ,'lə:nid, adj.有学问的 博学的 学术上的 learn的过去式和过去分词
2199,learning ,'lə:niŋ, n.学习 学问 知识 动词learn的现在分词
2200,least ,li:st, adj.最少的 最小的 n. & adv.最少 最小
2201,leather ,'leðə, n.皮革 皮革制品 adj.皮革制的 vt.用皮革覆盖 鞭打
2202,leave ,li:v, vi.离去 生出叶子 vt.离开 告假 遗留 听任 使处于某种状态 n.许可 准假 告别
2203,lecture ,'lektʃə, n. &vi.演讲 讲课 教导 教训 斥责
2204,left ,left, adj.左边的 ad.在左边 n.左边 p.p.of leave
2205,leg ,leg, n.腿 腿部 支柱 裤脚管 vi.用脚走路
2206,legal ,'li:gəl, adj.法律的 合法的 法定的
2207,legend ,'ledʒənd, n.传说 传奇 传奇人物 铭文 (地图或图片等的)说明 图例
2208,leisure ,'li:ʒə, n.空闲时间 悠闲 闲暇 休闲
2209,lemon ,'lemən, n.柠檬 柠檬树
2210,lend ,lend, vt.把...借给 贷(款) 给予 增添 vi.贷款
2211,length ,leŋθ, n.长 长度 一段 篇幅
2212,lens ,lenz, n.透镜 镜片 镜头
2213,less ,les, adj.更少的 更小的 ad.更少地 更小地 n.少量 次要 prep.减
2214,lessen ,'lesn, vt.减少 减轻 缩小 变小
2215,lesson ,'lesn, n.功课 课 课程 教训 vt.给...上课 教训
2216,lest ,lest, conj. & prep.惟恐 以免
2217,let ,let, vt.允许 让 使 释放 vi.出租 承包n.障碍 擦网球
2218,letter ,'letə, n.信 证书 字母 v.写下 印刷 n.租赁人
2219,level ,'levl, n. 水平面 水平 等级 标准 层次 a. 水平的 平坦的 齐平的 稳定的 合理的 满满的 vt. 压平 使同等 瞄准 夷为平地 推翻 指责 vi. 趋向平稳 瞄准 诚恳待人 使平等
2220,lever ,'levə, n.杆 杠杆 控制杆 似杠杆之工具 vt.撬开 使用杠杆
2221,liable ,'laiəbl, adj.易于...的 可能的 有义务的 应负责的 有 ...倾向
2222,liar ,'laiə, n.说谎的人
2223,liberal ,'libərəl, adj.心胸宽大的 慷慨的 无偏见的 不拘泥的 宽大的 开明的 n.自由主义者 宽容大度的人 (Liberal)自由党人
2224,liberate ,'libəreit, vt.解放 释放 使获自由 v.解放 使获得自由 释出 放出
2225,liberation ,.libə'reiʃən, n.解放 解放运动(为获得平等权利和地位的行为)
2226,liberty ,'libəti, n.自由 释放 许可
2227,librarian ,lai'brɛəriən, n.图书馆馆长
2228,library ,'laibrəri, n.图书馆 藏书
2229,license ,'laisns, n.许可 批准 批准 执照 许可证 vt.准许 特许
2230,lick ,lik, vt.舔 舔吃 连续击打 击败 vi.用舌头舔 拍打 n.舔 少许 打
2231,lid ,lid, n.盖子 盖 囊盖
2232,lie ,lai, vi.躺 平放 位于 说谎 欺骗 n.谎言
2233,lieutenant ,lu:'tenənt, n.陆军中尉 副职官员 助理人员
2234,life ,laif, n.生命 一生 寿命 生活 人生 生物 灵魂 无期(徒刑) adj.活的 终身的 生动的
2235,lifetime ,'laiftaim, n.一生 终身 寿命 使用期限
2236,lift ,lift, vt.提起 提高 升高 举起 还清 取消 偷窃 运送 vi. 提升 n. 电梯 举起 帮助 提升 电梯 载货量 扒窃 搭便车
2237,light ,lait, n. 光 光线 灯 光源 启发 众所周知的 通光口 眼光 adj. 轻的 不重要的 容易的 明亮的 淡色的 少量的 vi. 点燃 着火 变亮 下马 落下 碰巧发生 vt. 点燃 照亮 adv. 轻地 轻便的
2238,lighten ,'laitn, vt.照亮 使明亮 点亮 变亮 减轻
2239,lightly ,'laitli, adv.轻轻地 轻松地 轻快地 轻蔑地 轻率地 轻微地
2240,lightning ,'laitniŋ, n.闪电 闪电放电 adj.闪电般的 快速的 vi.打闪
2241,like ,laik, vt. 喜欢 喜爱 希望 愿意 想 adj. 相似的 同样的 prep. 像 如同 像要 n. 爱好 类似的人(或物) adv. 大概 和...一样 conj. 如同
2242,likely ,'laikli, adj.可能的 合适的 可信的 有前途的 有吸引力的 adv.很可能
2243,likewise ,'laikwaiz, ad.同样地 也 又 此外 (表示感觉相同)我也是
2244,limb ,lim, n.肢 臂 翼 树枝 四肢 枝干 边缘 vt.切断手足 切断树干
2245,lime ,laim, n.石灰 酸橙 酸橙树 粘鸟胶 钙 vt.施石灰 涂上粘性物质 沾上粘鸟胶 adj.与石灰或石灰石相关的
2246,limit ,'limit, n.限度 限制 范围 vt.限制 限定
2247,limitation ,.limi'teiʃən, n.限制 限度 局限
2248,limited ,'limitid, adj.有限的 被限制住的 缺乏创新性的
2249,line ,lain, n. 线 排 路线 线条行 航线 场界 皱纹 家族 v. 用做衬里 排成一行 顺...排列 vi. 排成一行 顺...排列 划线于
2250,linen ,'linin, n.亚麻布 亚麻线 亚麻织物 亚麻制品 adj.亚麻布制的 亚麻的
2251,liner ,'lainə, n.班船 班轮 班机
2252,link ,liŋk, vt.有环连接 连接 联系 n.环 环节 联系 (链的)环 圈
2253,lion ,'laiən, n.狮子 勇猛的人
2254,lip ,lip, n.嘴唇
2255,liquid ,'likwid, n.液体 a.液体的 液态的
2256,liquor ,'likə, n.酒 溶液 液剂
2257,list ,list, n.表 明细表 目录 名单 条纹 倾斜 列举 <古>意向 vt.列出 列表 (使)倾斜 <古>使高兴 愿意 <古>听
2258,listen ,'lisn, vi.听 留神听 听从 倾听 n.听 倾听
2259,listener ,'lisənə, n.听者 听众之一
2260,liter ,'li:tə, n.升 公升(容量单位) =litre(英)
2261,literary ,'litərəri, a.dj文学(上)的
2262,literature ,'litərətʃə, n.文学 文献
2263,little ,'litl, adj.小的 少 幼小的 adv.毫不 少量地 n.几乎没有(指数量或程度等)
2264,live ,"laiv,liv", vi.居住 活 过着 adj.活的 生动的 精力充沛的 直播的
2265,lively ,'laivli,adj.活泼的 活跃的 栩栩如生的 真实的 逼真的
2266,liver ,'livə, n.肝 肝脏
2267,living ,'liviŋ, adj.活的 生动的 n.生活 生计 动词live的现在分词
2268,living-room ,'liviŋ'ru:m, n.起居室
2269,load ,ləud, vt.装 装满 装载 装填 担负 给(枪)装子弹 [计算机] 装入 n.负载 负荷 重担 装载量
2270,loaf ,ləuf, n.一条面包 一个面包 条 块 面包 vi.游手好闲 虚掷光阴
2271,loan ,ləun, n.贷款 暂借 借出 债权人 vt.借出 借给 供应货款
2272,local ,'ləukəl,adj.地方的 局部的 地方性的 当地的n.当地人
2273,locate ,ləu'keit, vt.探明 找出 查出 设于 位于 建立 vi.建立 住下来
2274,location ,ləu'keiʃən, n.位置 场所 地点 定位 外景拍摄地
2275,lock ,lɔk, n.锁 刹车 水闸 牢牢紧握 一束 一缕 vt.锁上 锁住 抓牢 使固定 vi.锁(住) 纠结 过闸
2276,locomotive ,.ləukə'məutiv, n.火车头 机车 adj.运转的 火车头的 移动的
2277,lodge ,lɔdʒ, vi.暂住 借宿 投宿 临时住宿 安顿 n.小屋 门房 支部
2278,loft ,lɔ:ft, n.阁楼 顶楼
2279,log ,lɔg, n.原木 木料 记录 日志 计程仪 vt.伐木 切 记录 航行 度过(时间) vi.采伐
2280,logic ,'lɔdʒik, n.逻辑(学) (合理的)推理 逻辑性
2281,logical ,'lɔdʒikəl, adj.逻辑的 符合逻辑的 有推理能力的
2282,lonely ,'ləunli, adj.孤独的 荒凉的 寂寞的
2283,long ,lɔŋ, adj.长的 远的 很久的 冗长的 adv.长久 长期地 远地 vi.渴望 热望 极想念 n.长时间 长音节
2284,look ,luk, vi.看 显得 注意 朝着 好象 vt.打量 注视 用眼神或脸色表示 期待 n.看 神色 样子 脸色
2285,loop ,lu:p, n.圈 环 环孔 弯曲部份 回路 vt.使...成环 以圈结 以环连结 vi.形成环 环形地行动
2286,loose ,lu:s, adj.松的 宽松的 不牢固的 不精确的 n.解放 放任 放纵 v.释放 放枪 开船
2287,loosen ,'lu:sn, vt.解开 使松驰 放松 松开 解除(便秘等) 放宽 vi.变松 松弛
2288,lord ,lɔ:d, n.贵族 上帝 基督 主
2289,lorry ,'lɔri, n.运货汽车 卡车
2290,lose ,lu:z, vt.失去 遗失 迷失 输掉 失败 损失 摆脱 vi.丢失 失败 [计算机] 失去
2291,loss ,lɔs, n.遗失 损失 失败 丧失 损耗 亏损
2292,lot ,lɔt, n.许多 大量 签 抽签 阄 小组 场地 命运 adv.很 非常 pron.大量 vt.分配 划分
2293,loud ,laud, adj.响亮的 吵闹的 大声的 难闻的 adv.响亮地 大声地
2294,loudly ,'laudli, adv.大声地 高声地 花俏地
2295,loudspeaker ,'laud'spi:kə, n.扬声器 喇叭
2296,love ,lʌv, vt.爱 爱慕 热爱 喜欢 vi.爱 n.爱 恋爱 爱情 情人
2297,lovely ,'lʌvli, adj.可爱的 令人愉快的 n.漂亮的女人 美好的东西
2298,lover ,'lʌvə, n.爱好者 情人 情侣
2299,low ,ləu, adj.低的 矮的 低下的 低点(价) 深度 牛叫声 adj. 低的 消沉的 低等的 粗俗的 衰弱的 vi.牛叫
2300,lower ,"'ləuə,'lauə", adj. 较低的 低的 下级的 下层的 vt. 放下 降低 跌落 减弱 贬低 vi. 皱眉 降低 阴沉 变少 n. 皱眉 下级 阴沉的样子 前兆
2301,loyal ,'lɔiəl, adj.忠诚的 忠心的
2302,loyalty ,'lɔiəlti, n.忠诚 忠心
2303,luck ,lʌk, n.运气 好运 幸运 吉祥之物 v.侥幸成功
2304,lucky ,'lʌki, adj.幸运的 带来好运的 吉祥的
2305,luggage ,'lʌgidʒ, n.行李 皮箱 皮包
2306,lumber ,'lʌmbə, n.木材 木料 制材 v.伐木 vi.缓慢地移动 vt.拖累
2307,lump ,lʌmp, n.团 块 块状 肿块 瘤 很多 愚笨的人 惩罚 vt.聚成团 合并考虑 同等对待或分类 笨拙地移动 结块 忍受 vi.使成块状 沉重地移动 adj.整体的 全部的 块状的
2308,lunch ,lʌntʃ, n.午餐 (美)便餐 vi.吃午餐 vt.请客吃午餐
2309,lung ,lʌŋ, n.肺脏 肺 呼吸器官
2310,luxury ,'lʌkʃəri, n.奢侈 奢华 奢侈品
2311,machine ,mə'ʃi:n, n.机器 机械 机械装置 机械般工作的人 核心 vt.以机器制造 [计算机] 机器
2312,mad ,mæd, adj.发疯的 恼火的 狂热的 着迷的 生气的 v.发怒 n.发怒
2313,madam ,'mædəm, n.夫人 女士 太太 老鸨
2314,magazine ,.mægə'zi:n, n.杂志 期刊
2315,magic ,'mædʒik, n.魔法 巫术 戏法 adj.有魔力的 神奇的 vt.使用魔(变出等)
2316,magnet ,'mægnit,n.磁铁 磁石 磁体 有强大吸引力的人或物
2317,magnetic ,mæg'netik, adj.磁的 有吸引力的 催眠术的
2318,magnificent ,mæg'nifisnt, adj.壮丽的 华丽的 宏伟的 极好的
2319,maid ,meid, n.女佣 女仆 侍女 少女
2320,mail ,meil, n.邮件 邮政 vt.邮寄
2321,main ,mein, adj.主要的 最重要的 n.主要部分 干线 (水、煤气、电等)供应系统 体力
2322,mainly ,'meinli, adv.主要地 大体上
2323,mainland ,'meinlənd, n.大陆 本土
2324,maintain ,mein'tein, vt.维持 赡养 维修 保养 坚持 断言
2325,maintenance ,'meintinəns, n.维持 保持 维修 生活费用 供给 抚养 主张
2326,major ,'meidʒə, adj.较大的 主要的 较多的 大部份的 n.专业 主修 成年人 陆军少校 巨头 vi.主修
2327,majority ,mə'dʒɔ:riti, n.多数 大多数
2328,make ,meik, vt.使 做 制造 vi.表现 前往 生产 n.牌子 型号 性格 生产
2329,male ,meil, a.男的 雄的 n.男子 雄性动物
2330,man ,mæn, n.男人 人 人类 vt.为...配备人手 使...振奋
2331,manage ,'mænidʒ, vt.管理 设法 对付 处理 维持 达成 经营 vi.管理 达成
2332,management ,'mænidʒmənt, n.管理(层) 经营 处理
2333,manager ,'mænidʒə, n.经理 管理人
2334,mankind ,mæn'kaind, n.人类 男人
2335,manly ,'mænli, adj.男子气概的 果断的 强壮的 适于男人的 adv.男子般地
2336,manner ,'mænə, n.方式 态度 礼貌 举止 习俗
2337,manual ,'mænjuəl, adj.体力的 手工的 n.手册 指南 键盘
2338,manufacture ,.mænju'fæktʃə, vt.制造 加工 vi.参与制造 n.制造 产品 制造业
2339,manufacturer ,.mænju'fæktʃərə, n.制造商 制造厂
2340,many ,'meni, adj.许多的 pron.许多人或物 n.许多人 许多
2341,map ,mæp, n.地图 图 天体图 基因图谱 vt.绘制地图 计划 [计算机] 存储区分配图
2342,marble ,'mɑ:bl, n.大理石 vt.使有大理石的花纹
2343,march ,mɑ:tʃ, n.(March)三月 示威游行 vt.使前进 使行军 vi.行军 进军 游行示威
2344,margin ,'mɑ:dʒin, n.页边的空白 边缘 差额 利润 vt.使围绕于 加边缘
2345,marine ,mə'ri:n, adj.海的 海上的 海事的 船舶的 航海的 n.(海军)士兵或军官 海景画
2346,mark ,mɑ:k, n. 斑点 污迹 记号 标记 分数 烙印 纪录 vt. 标明 做标记于 留意 打分数 留下污痕 使...明显 vi. 做标志 记分 留下印记
2347,market ,'mɑ:kit, n.市场 集市 销路 交易 推销地区 vt.在市场上交易 使...上市 vi.在市场上买卖
2348,marriage ,'mæridʒ, n.结婚 婚姻 婚礼
2349,married ,'mærid, adj.已婚的 婚姻的
2350,marry ,'mæri, vt.娶 嫁 vi.结婚 结合
2351,marvelous ,'mɑ:viləs, adj.奇迹般的 了不起的 令人惊异的 不平常的
2352,Marxism ,'mɑ:ksizəm, n.马克思主义
2353,Marxist ,'mɑ:ksist, adj.马克思主义的
2354,mask ,mɑ:sk, n.面具 伪装 口罩 掩饰 面膜 vt.掩饰 戴面具 化装 [计算机] 掩码
2355,mass ,mæs, n.众多 团 群众 块 大量 adj.群众的 大规模的 v.集中 (Mass) n.弥撒 弥撒曲 pl.群
2356,master ,'mɑ:stə, n.主人 能手 硕士 专家 adj.主人的 主要的 精通的 vt.征服 控制 精通
2357,masterpiece ,'mɑ:stəpi:s, n.杰作 名著
2358,mat ,mæt, n. 席子 草席 垫子 垫 丛 衬边 消光面 vt. 遮盖 保护 用垫子装饰 使纠缠 铺席于...上 使...无光泽 给(照片)镶框 vi. 缠结
2359,match ,mætʃ, n.比赛 竞赛 对手 火柴 般配的人 配偶 v.使...相配 与...竞争 相配
2360,mate ,meit, n.伙伴 同事 配偶 助手 v.使...配对 交配 使...一致 结伴
2361,material ,mə'tiəriəl, n.材料 原料 物质 素材 题材 资料 a.物质的 实体的 身体上的 肉体的 重要的 关键的
2362,materialism ,mə'tiəriəlizəm, n.唯物主义 唯物论 实利主义
2363,mathematical ,.mæθə'mætikl, adj.数学的 数学上的 精确的 可能性极小的
2364,mathematics ,.mæθi'mætiks, n.数学
2365,maths ,mæθs, n.(英)数学 =mathematics(英)
2366,matter ,'mætə, n.事情 物质 原因 vi.要紧 有关系
2367,mature ,mə'tjuə, adj.成熟的 到期的 充分发育的 考虑周到的 vt.使…成熟 长成 vi.长成 成熟 到期
2368,maximum ,'mæksiməm, n.最大量 极点 极大 adj.最大的 最高的 最大极限的
2369,may ,"mei, me", v.aux.可能 可以 祝愿 n.(May)五月 青春
2370,maybe ,'meibi, adv.大概 或许 也许 n.不确定性
2371,mayor ,'mɛ, n.市长
2372,me ,mi:, pron.(宾格)我
2373,meadow ,'medəu, n.草地 牧场 牧草地
2374,meal ,mi:l, n.膳食 一餐 谷物粗粉 vi.进餐
2375,mean ,mi:n, vt. 作...解释 意指 意谓 想要 意欲 n. 平均值 平均数 中部 adj. 低劣的 卑贱的 卑鄙的 自私的吝啬的 平均的 中等的
2376,meaning ,'mi:niŋ, n.意义 意思 含义 意图 adj.意味深长的
2377,means ,mi:nz, n.方法 手段 工具 折中点 物质财富
2378,meantime ,'mi:n'taim, n.其时 其间 adv.当时 与此同时
2379,meanwhile ,'mi:n'wail, adv.同时 当时 n.其时 其间
2380,measurable ,'meʒərəbəl, adj.可测量的
2381,measure ,'meʒə, vt.量 测量 n.分量 措施 办法 量度 尺寸
2382,measurement ,'meʒəmənt, n.衡量 测量 尺寸 大小
2383,meat ,mi:t, n.肉 主要或重要部分
2384,mechanic ,mi'kænik, n.技工 机械 机修工 adj.手工的
2385,mechanical ,mi'kænikəl, a.机械的 力学的 呆板的 n.(供制版用的)样书 版面设计
2386,mechanically ,mi'kænikəli, adv.机械地
2387,mechanics ,mi'kæniks, n.力学 机械学 (技术的 操作的)过程 手法 技术性细节
2388,medal ,'medl, n.奖章 勋章 纪念章 vi.获得奖章
2389,medical ,'medikəl, adj.医学的 内科的 医疗的 药物的 需治疗的
2390,medicine ,'medisin, n.内服药 医学
2391,Mediterranean ,.meditə'reinjən, n.地中海 adj.地中海(的)
2392,medium ,'mi:diəm, n.媒质 方法 媒介 中间 adj.中等的 适中的
2393,meet ,mi:t, vt.遇见 引见 经历 结识 对付 满足 支付 vi.相遇 集合 交锋 相交 n.集会 比赛 运动会 adj.适宜的 合适的
2394,meeting ,'mi:tiŋ, n.聚集 会合 会见 会议
2395,melon ,'melən, n.瓜 甜瓜
2396,melt ,melt, vi.融化 熔化 溶解 软化 渐渐混合 vt.使融化 n.熔化 熔化物
2397,member ,'membə, n.成员 会员 部位
2398,memorial ,mi'mɔ:riəl, adj.纪念的 追悼的 记忆的 n.纪念碑(堂) 纪念仪式
2399,memory ,'meməri, n.记忆 回忆 存储 内存
2400,mend ,mend, vt.修理 修补 缝补 修改 改进 vi.改过自新 改进 痊愈 n.修补 改进 修补处
2401,mental ,'mentl, adj.智力的 精神的 脑力的 精神错乱的 传心术的 [解剖学] 颏的
2402,mention ,'menʃən, vt. & n.提及 说起
2403,menu ,'menju:, n.菜单 饭菜 菜肴
2404,merchant ,'mə:tʃənt, n.商人 零售商 店主 专家 adj.商业的 vt.做买卖
2405,mercury ,'mə:kjuri, n.水银 汞 (Mercury)水星
2406,mercy ,'mə:si, n.仁慈 慈悲 恩惠 怜悯 宽恕 幸运 adj.仁慈的 宽恕的
2407,mere ,miə, adj.仅仅的 纯粹的 微小的 n.小湖 边界 地标
2408,merely ,'miəli, adv.仅仅 只不过
2409,merit ,'merit, n.长处 优点 功过 功绩 价值 v.博得 值得或应得
2410,merry ,'meri, adj.欢乐的 愉快的 敏捷的
2411,mess ,mes, n.混乱 混杂 肮脏 乱七八糟 一堆食物 集体用膳人员 大量 v.供给食物 把...弄乱
2412,message ,'mesidʒ, n.信息 消息 启示 要点 v.传递信息 通讯
2413,messenger ,'mesindʒə, n.送信者 信使 先驱
2414,metal ,'metl, n.金属 质料 金属制品 vt.以金属覆盖
2415,meter ,'mi:tə, n.计量器 计 表 公尺 韵律 vt.用表测量 [计量 记录]
2416,method ,'meθəd, n.方法 办法 教学法 条理 类函数 类成员函数(计算机)
2417,metre ,'mi:tə, n.米 公尺 计量器 (诗的)韵律 格律 =meter(美)
2418,metric ,'metrik, adj.公制的 米制的 十进制的 n.度量标准 公制 米制 十进制
2419,microcomputer ,'maikrəukəm'pju:tə, n.微型计算机 微机
2420,microphone ,'maikrəfəun, n.话筒 麦克风 扩音器
2421,microscope ,'maikrəskəup, n.显微镜
2422,midday ,'middei, n.正午 中午
2423,middle ,'midl, n.中部 中间 腰 中项 adj.中部的 中等的 中间的 中期的
2424,midnight ,'midnait, n.午夜 子夜 夜半 漆黑
2425,midst ,midst, n.中部 中间 当中 prep.(=amidst)在...当中
2426,might ,mait, v.aux.可能 会 也许 n.力量 威力 能力 v.或许 可以
2427,mild ,maild, adj.和缓的 温柔的 味淡的 轻微的 温和的 适度的
2428,mile ,mail, n.英里 大量 海里 一英里赛跑
2429,military ,'militəri, adj.军事的 军人的 n.军队
2430,milk ,milk, n.乳 乳状物 牛奶 vt.挤(奶) 产乳
2431,mill ,mil, n.磨坊 制造厂 磨粉机 密尔：一种货币单位 使陷于困境 vt.磨细 vi.乱转 磨细
2432,millimetre ,'mili.mi:tə, n.毫米 =millimeter(美)
2433,million ,'miljən, num.百万 n.许多 百万 (the millions)群众 adj.百万的 无数的
2434,mind ,maind, n.头脑 理智 记忆 思想 主意 心意 vt.留心 注意 介意 照顾 vi.留心 关心
2435,mine ,main, pron.我的 n.地雷 矿山 宝库 vt.采矿 开凿 暗中破坏 埋地雷 vi.挖掘
2436,miner ,'mainə, n.矿工
2437,mineral ,'minərəl, n.矿物 矿石 adj.矿物的
2438,minimum ,'miniməm, n.最小量 最低限度adj.最低的 最小的
2439,minister ,'ministə, n.部长 大臣 公使 vi.照顾 给予帮助
2440,ministry ,'ministri, n.(政府的)部 (全体)牧师 牧师工作
2441,minor ,'mainə, adj.较小的 较次要的 二流的 未成年的 n.未成年人 辅修科目 [音乐]小调 vi.辅修
2442,minority ,mai'nɔ:riti, n.少数 少数民族 未成年
2443,minus ,'mainəs, adj.负的 减的 prep.减(去) n.减号 负数 缺点
2444,minute ,'minit, n.分 分钟 一会儿 会议记录 adj.微小的 不重要的 详细的 vt.记录
2445,miracle ,'mirəkl, n.奇迹 令人惊奇的人
2446,mirror ,'mirə, n.镜子 vt.反映 反射
2447,miserable ,'mizərəbl, adj.痛苦的 悲惨的 贫乏的
2448,mislead ,mis'li:d,vt.使误入岐途 误导 使产生错误印象 欺骗
2449,miss ,mis, n.小姐 vt.想念 惦念 漏掉 错过 未看到
2450,missile ,'misail, n.发射物 导弹
2451,missing ,'misiŋ, a.缺掉的 失去的 失踪的
2452,mission ,'miʃən, n.使命 任务 使团 代表团 传教 vt.传教 [计算机] 使命
2453,mist ,mist, n.薄雾 迷蒙 朦胧不清 vt.使...模糊 蒙上雾 vi.使...模糊 下雾
2454,mistake ,mi'steik, n.错误 误会 vi.误解 弄错 犯错 vt.弄错 误认
2455,Mister ,'mistə, n.先生
2456,mistress ,'mistris, n.女主人 夫人 主妇 情妇
2457,misunderstand ,'misʌndə'stænd, vt.误解 误会 曲解
2458,mix ,miks, vt.使混合 混淆 掺入 合成 交往 联系 n.混合(物) 融合 [计算机] 混合
2459,mixture ,'mikstʃə, n.混合 混合物
2460,moan ,məun, n.呻吟声 悲叹声 抱怨声 vi.呻吟 v.抱怨 呻吟
2461,mobile ,'məubail, adj.运动的 流动的 可移动的 易变的 迁徙的 n.(可随风飘动的)悬挂装置 可动雕塑
2462,mode ,məud, n.方式 样式 模式 风格 时兴 [音乐] 调式
2463,model ,'mɔdl, n.模型 模式 模特儿 模范
2464,moderate ,"'mɔdəreit,'mɔdərit", a.温和的 有节制的 适度的 稳健的 中等的 v.节制 使...稳定 使...缓和 n.稳健的人
2465,modern ,'mɔdən, a.现代的 近代的 时髦的 n.现代人 时尚人士
2466,modest ,'mɔdist, adj.有节制的 谦虚的 适度的 端庄的
2467,modify ,'mɔdifai, vt.更改 修改 修饰 调正 缓和 vi.修改
2468,moist ,mɔist, adj.湿润的 潮湿的 多雨的 (果物)多汁的 [医] 有分泌物的 湿性的 n.潮湿
2469,moisture ,'mɔistʃə, n.潮湿 湿气 温度
2470,molecule ,'mɔlikju:l, n.分子 克分子
2471,momen ,'məumənt, t n.片刻 瞬间 时刻 准确时刻 非常重要的时机 力矩
2472,Monday ,"'mʌndi, 'mʌndei", n.星期一
2473,money ,'mʌni, n.货币 金钱 财富
2474,monitor ,'mɔnitə, n.班长 监视器 监听员 [计算机]显示器 监视器 v.监视 监听 监督
2475,monkey ,'mʌŋki, n.猴子 猿 v.胡闹 乱弄
2476,month ,mʌnθ, n.月 月份
2477,monthly ,'mʌnθli, adj.每月的 持续一个月的 每月发生的 adv.每月 按月 n.月刊 (复数monthlies)月经
2478,monument ,'mɔnjumənt, n.纪念碑 纪念馆 历史遗迹
2479,mood ,mu:d, n.心情 情绪 语气
2480,moon ,mu:n, n.月球 月亮 卫星
2481,moral ,'mɔrəl, adj.道德(上)的 合乎道德的n.品行 寓意 道德
2482,more ,mɔ:, a.更多的 程度较大的 更大的 adv.更 多 更多 进一步 n.更多
2483,moreover ,mɔ:r'əuvə, adv.再者 加之 此外 而且
2484,morning ,'mɔ:niŋ, n.早晨 上午 开端
2485,mortal ,'mɔ:tl, adj.终有一死的 人世间的 致命的 终有一死的 极度恐怖的 n.一个人
2486,mosquito ,məs'ki:təu, n.蚊子
2487,most ,məust, adj.最多的 大多数的 几乎全部的 adv.最 很 最多 极其 n.最多 最大 pron.大多数
2488,mostly ,'məustli, adv.主要的 大部分 大概
2489,mother ,'mʌðə, n.母亲 妈妈 adj.母亲的 母体的 vt.生育 像母亲一样关爱
2490,motion ,'məuʃən, n.运动 打手势 提议 示意 移动 动作 大便 v.运动 向...打手势 示意
2491,motivate ,'məutiveit, vt.促动 激励 激发(兴趣或欲望) 给与动机
2492,motive ,'məutiv, n.动机 目的 主题 adj.发动的 运动的 积极的 动机的 vt.促使 使有动机
2493,motor ,'məutə, n.发动机 机动车 马达 汽车 adj.机动的 有引擎的 汽车的 v.(用引擎)驱动
2494,mould ,məuld, n.模子(样板 形状 霉菌 土 类型) 模型 vt.浇铸 模压(铸造 发霉 形成 轮廓相符合) vi.发霉
2495,mount ,maunt, vt.登上 爬上 提升 装备 vi.增长 骑上(马) n.山峰 乘用马 框 衬纸
2496,mountain ,'mauntin, n.山 山岳 山脉 大量
2497,mourn ,mɔ:n, vi.哀痛 哀悼 忧伤 服丧
2498,mouse ,maus, n.老鼠 耗子 鼠标 胆小如鼠的人 乌青色的肿块 vi.捕鼠 蹑手蹑脚行动 vt.仔细寻找
2499,mouth ,mauθ, n. 嘴 口 口腔 开口 需要供养的人 夸张说话的趋势 (河流等)入口 容器的开口 vt. 装腔作势说话 送进嘴里 喃喃自语 用唇语说 vi. 傲慢地说 嘟嘴扮鬼脸
2500,mouthful ,'mauθful, n.满口 一口 少量
2501,move ,mu:v," vt. 使移动 使...感动 推动 (有时也意译为""跳槽"") n. 移动 迁居 步骤 动作 [计算机] 移动 vi. 移动 搬家 采取行动"
2502,movement ,'mu:vmənt, n.动作 活动 移动 运动 变动 趋势 通便 运转装置 [音] 乐章
2503,movie ,'mu:vi, n.电影 电影院
2504,much ,mʌtʃ, adv.非常 很 adj.许多的 pron. & n.许多
2505,mud ,mʌd, n.软泥 泥浆 恶意诽谤和攻击 vt.弄脏 污蔑
2506,muddy ,'mʌdi, adj.多泥的 泥泞的 肮脏的 混浊的 v.弄脏 使...混浊 使迷惑
2507,mug ,mʌg, n.大杯 脸 一杯的量 恶棍 vi.扮鬼脸 vt.攻击 打劫
2508,multiple ,'mʌltipl, adj.复合的 并联的 许多 多种多样的
2509,multiply ,'mʌltiplai, vt.使增加 乘 vi.扩大 繁衍 做乘法 adv.多样地 多重地
2510,murder ,'mə:də, n.谋杀 凶杀 危险物 vt.谋杀 凶杀 折磨 损坏 vi.谋杀 凶杀
2511,murderer ,'mə:dərə, n.杀人犯 凶手
2512,muscle ,'mʌsl, n.肌肉 肌 体力 vt.用力挤 vi.用力进行
2513,museum ,mju:'ziəm, n.博物馆 展览馆
2514,mushroom ,'mʌʃrum, n.蘑菇 菌类植物 暴发户 vi.扩张 迅速增加 采蘑菇
2515,music ,'mju:zik, n.音乐 乐曲 乐谱 伴奏 美妙的声音
2516,musical ,'mju:zikəl, adj.音乐的 和谐的 n.音乐片
2517,musician ,mju:'ziʃən, n.音乐家 作曲家
2518,must ,mʌst, v.aux.必须 必然要 n.必须 一定 绝对 发霉 果汁 麝香
2519,mute ,mju:t, adj.缄默的 哑的 无声的 n.哑巴 默音字母 弱音器 vt.减音 减弱 vi.(鸟)排泄
2520,mutter ,'mʌtə, vi.轻声低语 喃喃自语 作低沉声 抱怨 出怨言 n.喃喃低语
2521,mutton ,'mʌtn, n.羊肉
2522,mutual ,'mju:tʃuəl, adj.相互的 共同的
2523,my ,mai, pron.我的 adj.我的(I的所有格形式) int.哎呦(用于表示惊讶的感叹词)
2524,myself ,mai'self, pron.我自己 我亲自
2525,mysterious ,mis'tiəriəs, adj.神秘的 难以理解的 不可思议的
2526,mystery ,'mistəri, n.神秘 秘密 神秘的人或事物
2527,nail ,neil, n.钉子 指甲 vt.钉 使牢固 抓捕 敲定
2528,naked ,'neikid, adj.裸体的 无遮敝的 明白的 手无寸铁的
2529,name ,neim, n.名字 名称 姓名 名誉 vt.说出 命名 称呼 任命 adj.有名的 著名的
2530,namely ,'neimli, adv.即 也就是
2531,nap ,næp, n.小睡 打盹 瞌睡 绒毛表面 vi.小睡 疏忽 vt.使…起毛
2532,narrow ,'nærəu, adj.狭的 狭窄的 精密的 有限的 n.狭窄部份 海峡 隘路 vt.变窄 使...狭窄 vi.变窄
2533,nasty ,'nɑ:sti, adj.龌龊的 淫猥的 令人作呕的 污秽的 低劣的 难懂的 危害的
2534,nation ,'neiʃən, n.民族 国家
2535,national ,'næʃənəl, adj.民族的 国家的 n.国民
2536,nationality ,.næʃə'næliti, n.国籍 民族 族
2537,native ,'neitiv, adj.本土的 本国的 出生地的 天生的 n.本地人 土著人
2538,natural ,'nætʃərəl, adj.自然界的 天然的 正常的 天生的 n.有天赋的人
2539,naturally ,'nætʃərəli, adv.自然地 天然地
2540,nature ,'neitʃə, n.大自然 自然界 自然状态 本性 性质 类型
2541,naughty ,'nɔ:ti, adj.顽皮的 淘气的 粗俗的
2542,naval ,'neivəl, adj.海军的 军舰的 <古>船舶的
2543,navigation ,.nævi'geiʃən, n.航行 航海术 导航   添加微信brcola获取更多免费资料
2544,navy ,'neivi, n.海军 船队 深蓝色
2545,near ,niə, adv. 近 接近 几乎 亲近 adj. 近的 接近的 亲近的 勉强的 直接的 小气的 近似的 prep. 靠近vt. 靠拢 接近 vi. 接近
2546,nearby ,'niəbai, adj.附近的 adv.在附近 prep.在...附近
2547,nearly ,'niəli, adv.差不多 几乎 密切地
2548,neat ,ni:t, adj.整洁的 熟练的 巧妙的 端正的 极好的 纯的 adv.整齐地
2549,necessarily ,'nesəserili, adv.必然 必定 必需地
2550,necessary ,'nesə.səri, adj.必要的 必需的 必然的 n. [pl.]必需品
2551,necessity ,ni'sesiti, n.必要性 必然性 需要 必需品
2552,neck ,nek, n.颈 脖子
2553,necklace ,'neklis, n.项链 项圈
2554,need ,ni:d, vt.需要 必需 v.aux.需要 n.需要 必须 缺乏
2555,needle ,'ni:dl, n.针 缝补 编织针 vt.用针缝 激怒 嘲弄 vi.缝纫
2556,needless ,'ni:dlis, adj.不需要的 无用的
2557,negative ,'negətiv, adj.否定的 消极的 负的 n.底片 负数 否定 vt.否定
2558,neglect ,ni'glekt, vt.忽视 忽略 疏忽 不顾 n.疏忽 忽略 怠慢
2559,Negro ,'ni:grəu, n.(含歧视意味)黑人 adj.黑人的
2560,neighbour ,'neibə, n.邻居(邻近的东西 邻近值) 邻国 邻人 vt.邻接(相邻 接近)
2561,neighbourhood ,'neibəhud, n.邻居关系 邻近
2562,neither ,'ni:ðə, adj.(两者)都不的 皆不 int.两者都不 conj.既非 既不
2563,nephew ,'nefju:, n.侄子 外甥
2564,nerve ,nə:v, n.神经(生物) 勇敢 胆量 精神 勇气 叶脉 vt.鼓起勇气
2565,nervous ,'nə:vəs, adj.神经(质)的 易激动的 紧张的 焦虑的
2566,nest ,nest, n.巢 窝 穴 vt.嵌入 vi.筑巢
2567,net ,net, n.网 网状物 通信网 净利 实价 adj.净余的 纯粹的 vt.用网捕 撒网 净赚
2568,network ,'netwə:k, n.网状物 网络 系统 广播网 vt.用网覆盖 联网 vi.加入网络
2569,neutral ,'nju:trəl, adj.中立的 中性的 n.中立者 空挡的 素净色
2570,never ,'nevə, adv.永不 决不 不
2571,nevertheless ,.nevəðə'les, conj.然而 不过 adv.仍然 不过
2572,new ,nju:, adj.新的 新近出现的 附加的 adv.新的
2573,newly ,'nju:li, adv.新近 重新地 最近
2574,news ,nju:z, n.新闻 消息
2575,newspaper ,'nju:z.peipə, n.报纸 报 报社 新闻纸 v.从事新闻工作
2576,next ,'nekst, adj.紧接的 贴近的 下一个的 adv.其次 n.下一个 prep.靠近
2577,nice ,nais, adj.美好的 令人愉快的 漂亮的 善意的
2578,niece ,ni:s, n.侄女 外甥女 教士的私生女
2579,night ,nait, n.夜 夜间
2580,nine ,nain, num.九 九个
2581,nineteen ,'nain'ti:n, num.十九 十九个
2582,ninety ,'nainti, num.九十 九十个
2583,ninth ,nainθ, num.第九 九分之一 adj.第九的 九分之一的
2584,nitrogen ,'naitrədʒən, n.氮
2585,no ,nəu, adv.不 并不 adj.没有 不是 绝非 n.不 拒绝 否决票
2586,noble ,'nəubl, adj.贵族的 高尚的 宏伟的 贵族的 高贵的 n.贵族
2587,nobody ,'nəubɔdi, pron.谁也不 无人 没有人 n.无足轻重的人 小人物
2588,nod ,nɔd, vt.点(头) 点头表示 打盹 摆动 v.点头 打盹 使...摆动
2589,noise ,nɔiz, n.喧闹声 响声 噪声 vt.谣传 vi.大声说话 发出噪音
2590,noisy ,'nɔizi, adj.嘈杂的 喧闹的 发出噪声的
2591,none ,nʌn, pron.没有人 没有任何东西 adv.毫不 一点也不
2592,nonsense ,'nɔnsəns, n.胡说 废话 荒唐
2593,noon ,nu:n, n.正午 中午 全盛期 顶点
2594,nor ,nɔ:," conj. & adv.也不 也没有 不 [计算机] ""或非"" ""非或"" abbr.诺曼人(=Norman) abbr.北方(=North) abbr.挪威(= Norway) abbr.挪威人(=Norwegian)"
2595,normal ,'nɔ:məl, adj.正常的 正规的 普通的 n.常态 标准
2596,normally ,'nɔ:məli, adv.通常 正常地
2597,north ,nɔ:θ, n.北 北方 adj.北 北方的 adv.向北方
2598,northeast ,'nɔ:θ'i:st, n.东北 adj.位于东北的 东北的 向东北的 来自东北的 adv.向东北 来自东北
2599,northern ,'nɔ:ðən, adj.北方的 北部的
2600,northwest ,'nɔ:θ'west, n.西北 西北方 adj.位于西北的 西北的 在西北的 来自西北的 adv.向西北
2601,nose ,nəuz, n.鼻子 突出部分 嗅觉 v.嗅 嗅到
2602,not ,nɔt," adv.不 没有 [计算机] ""非"""
2603,note ,nəut, n.笔记 便条 注释 备忘录 音符 音调 票据 纸币 vt.记录 注解 注意
2604,notebook ,'nəutbuk, n.笔记本 笔记本电脑 期票簿
2605,nothing ,'nʌθiŋ, n.没有东西 微不足道的人或事 adv.毫不 pron.什么也没有
2606,notice ,'nəutis, vt.注意 通知 留心 n.通知 注意 布告
2607,noticeable ,'nəutisəbl, adj.显而易见的 重要的
2608,noun ,naun, n.名词
2609,novel ,'nɔvəl, n.小说 adj.新的 新奇的
2610,November ,nəu'vembə, n.十一月
2611,now ,nau, adv. 现在 立刻 于是 adj. 现存的 目前的 n. 现在 此刻 conj. 既然 abbr.=National Organization of Women 全国妇女组织
2612,nowadays ,'nauədeiz, adv.现今 现在
2613,nowhere ,'nəuwɛə, adv.任何地方都不 n.不知道的地方 无处
2614,nuclear ,'nju:kliə, adj.原子核的 原子能的 核心的
2615,nucleus ,'nju:kliəs, n.核 核心 (原子)核 细胞核
2616,nuisance ,'nju:sns, n.讨厌的东西 讨厌的人 伤害
2617,number ,'nʌmbə, n.数 数字 号码 数量 vi.总计 编号 vt.编号 把...算作
2618,numerous ,'nju:mərəs, adj.为数众多的 许多
2619,nurse ,nə:s, n.保姆 护士 奶妈 vt.看护 哺乳 vi.看护 照顾 栽培 当看护
2620,nursery ,'nə:səri, n.托儿所 苗圃
2621,nut ,nʌt, n.坚果 干果 螺母 螺帽 难对付的人(事) vi.采坚果
2622,nylon ,'nailɔn, n.尼龙 耐纶 (复数nylons)：女长袜
2623,oak ,əuk, n.栎属植物 栎木 橡树 橡木 adj.橡木制的
2624,oar ,ɔ:, n.浆 橹 划手 v.划行
2625,obey ,ə'bei, vt.顺从 vi.服从 听从
2626,object ,'ɔbdʒikt, n.物 物体 目的 目标 宾语 v.反对 提出...作为反对的理由 抱反感
2627,objection ,əb'dʒekʃən, n.反对 异议 不喜欢
2628,objective ,əb'dʒektiv, adj.客观的 目标的 无偏见的 n.目标 目的 物镜 =objective case 宾语
2629,oblige ,ə'blaidʒ, vt.迫使 强制 施恩惠于 vi.帮忙
2630,observation ,.ɔbzə'veiʃən, n.注意 观察 观察力 评论 adj.被设计用来观察的
2631,observe ,əb'zə:v, vt.遵守 看到 注意到 说 观察
2632,observer ,əb'zə:və, n.观察员 观测者
2633,obstacle ,'ɔbstəkl, n.障碍 障碍物 妨害 绊脚石
2634,obtain ,əb'tein, vt.获得 得到 买到 vi.通用 流行 存在
2635,obvious ,'ɔbviəs, adj.明显的 显而易见的
2636,obviously ,'ɔbviəsli, adv.明显地 显然地
2637,occasion ,ə'keiʒən, n.场合 时刻 时机 机会 理由 vt.致使 惹起 引起
2638,occasional ,ə'keiʒənəl, adj.偶然的 临时的 不时的
2639,occasionally ,ə'keiʒənəli, adv.偶然 非经常地
2640,occupation ,.ɔkju'peiʃən, n.占领 占据 侵占 职业 居住
2641,occupy ,'ɔkjupai, vt.占领 占 占有 占据 使忙碌 居住 担任
2642,occur ,ə'kə:, vi.发生 出现 存在 想到
2643,occurrence ,ə'kʌrəns, n.发生 出现 事件
2644,ocean ,'əuʃən, n.海洋 洋 大量
2645,Oceania ,.əuʃi'einiə, n.大洋洲
2646,o'clock ,ə'klɔk, ad. =of the clock ...点钟
2647,October ,ɔk'təubə, n.十月
2648,odd ,ɔd, adj.奇数的 单只的 古怪的 剩余的
2649,odour ,'əudə, n.气味 香气 味道 =odor(美)
2650,of ,ɔv, prep.出生于 住在 关于 ...的 由于
2651,off ,ɔ:f, adv. (离)开 (停)止 出发 距离隔断 分割 不继续运行 下台 adj. 远的 休假的 空闲的 落后懈怠的 prep. 离开 脱落 下班 vi. 离开 走开
2652,offend ,ə'fend, vt.冒犯 犯罪 vi.犯过错 令人不适 违反
2653,offer ,'ɔ:fə, vt.提供 提出 出价 贡献 奉献 vi.提议 出现 求婚 n.提供 出价
2654,office ,'ɔ:fis, n.办公室 职务 事务 处 局 社
2655,officer ,'ɔ:fisə, n.官员 干事 军官 vt.提供官员 指挥
2656,official ,ə'fiʃəl, adj.官员的 官方的 正式的 有权威的 n.官员
2657,often ,'ɔ:fən, adv.经常 常常
2658,oh ,əu, int.嗬 哦 唉呀
2659,oil ,ɔil, n.油 石油 油画颜料 奉承话 vt.加油于 涂油 溶化
2660,okay ,əʊ'kei, (缩作OK)adv. & adj.<表示同意或允许>对 好 同意 vt.同意
2661,old ,əuld, a.老的 某年龄的 以前的 陈旧的 熟悉的 成熟的 ...岁的 n.古时 某年龄
2662,omit ,əu'mit, vt.省略 省去 遗漏 疏忽
2663,on ,ɔn, prep. 在...上 在...旁 由...支撑着 在(某一天) 使用 根据 [计算机] 开 adv. 穿着 向前(移动) 表示持续性 adj. 表示已连接、处于工作状态或使用中 表示发生 值班 abbr. =Ontario安大略湖 [北美洲]
2664,once ,wʌns, adv.一次 曾经 n.一次 conj.一旦
2665,one ,wʌn, num.一 pron.一个人 某人 任何人 n.一 第一个 一美元纸币adj.单一的 某一个 同一种类的 同意的 唯一的
2666,oneself ,wʌn'self, pron.自己 亲自
2667,onion ,'ʌnjən, n.洋葱 洋葱头
2668,only ,'əunli, adv.只 仅仅 专门地 唯一地 刚才 adj.最好的 唯一的 出众的 conj.除非 但是 然而 毕竟
2669,onto ,'ɔntu:, prep.到...上
2670,open ,'əupən, adj.开的开着的 开放的 公开的 vt.开 打开 公开 开放 开始 vi.开 通行 大叫 n.公开 户外 空旷
2671,opening ,'əupəniŋ, adj.开始的 n.开始 开口 揭幕 空缺的职务 动词open的现在分词
2672,opera ,'ɔpərə, n.歌剧 挪威Opera软件公司的浏览器软件
2673,operate ,'ɔpəreit, vi.操作 施行手术 运转 vt.起作用 动手术
2674,operation ,.ɔpə'reiʃən, n.操作 手术 运算 行动 活动
2675,operational ,.ɔpə'reiʃənəl, adj.操作上的 可使用的 运作的
2676,operator ,'ɔpə.reitə,n.操作人员 接线员 管理者 技工 报务员
2677,opinion ,ə'pinjən, n.意见 看法 主张 判断
2678,opponent ,ə'pəunənt, n.对手 敌手 对抗者 反对者 adj.敌对的 反对的
2679,opportunity ,.ɔpə'tju:niti, n.机会 时机 良机
2680,oppose ,ə'pəuz, vt.反对 反抗 以...对抗 抗争
2681,opposite ,'ɔpəzit, adj.对面的 相对的 相反的 n.对立物 对立者 对手 adv.在对面地 处于相反位置地 prep.在...对面
2682,oppress ,ə'pres, vt.压迫 压制(某人) 压抑 使(心情等)沉重 使烦恼
2683,optical ,'ɔptikəl, adj.眼的 眼睛的 视觉的 光学的
2684,optimistic ,.ɔpti'mistik, adj.乐观的 乐观主义的
2685,option ,'ɔpʃən, n.选择 选择权 可选物 vt.选择
2686,optional ,'ɔpʃənl, adj.可以任意选择的
2687,or ,"ɔ:,ə", conj.或 或者 即 还是 否则
2688,oral ,'ɔ:rəl, adj.口头的 口的 n.口试
2689,orange ,'ɔ:rindʒ, n.橙(树) 柑(树) 橙黄色 adj.橙色的
2690,orbit ,'ɔ:bit, n.运行轨道 势力范围 眼眶 轨迹 vt.环绕 绕轨道而行 进入轨道 vi.盘旋
2691,orchestra ,'ɔ:kistrə, n.管弦乐队
2692,order ,'ɔ:də, n.次序 整齐 勋章 阶级 决议 订单 命令 vt.命令 调整 定购
2693,orderly ,'ɔ:dəli, adj.整洁的 有秩序的 一丝不苟的 和平的 adv.有秩序地 有条理地 依次地 n.勤务兵 (医院的)勤务工
2694,ordinary ,'ɔ:dnri, adj.平常的 平凡的 普通的
2695,ore ,ɔ:, n.矿 矿石 矿砂
2696,organ ,'ɔ:gən, n.器官 机构 管风琴 机关报刊
2697,organic ,ɔ:'gænik, adj.有机体的 器官的 根本的 接近自然的 n.有机物质
2698,organism ,'ɔ:gənizəm, n.生物体 有机体
2699,organization ,.ɔ:gənai'zeiʃən, n.组织 团体 机构 adj.有组织的
2700,organize ,'ɔ:gənaiz, vt.组织 编组 vi.组织起来
2701,oriental ,.ɔ(:)ri'entl, adj.东方(人)的 东方国家的 贵重的
2702,origin ,'ɔridʒin, n.起源 由来 出身
2703,original ,ə'ridʒənl, adj.最初的 新颖的 原始的 有独创性的 原版的 n.原件 原稿 有独创性的人 怪人
2704,ornament ,'ɔ:nəmənt, n.装饰物 装饰 vt.装饰
2705,orphan ,'ɔ:fən, n.孤儿 adj.无双亲的 孤儿的 vt.成孤儿
2706,other ,'ʌðə, adj.另外的 别的 其余的 pron.另一个人(或事) n.其他人(或事) adv.否则 不同地
2707,otherwise ,'ʌðəwaiz, adv.另外 要不然 否则 不同地 在不同方面 pron.其他 adj.不同的
2708,ought ,ɔ:t, v.aux.应当 应该 conj.应该 大概
2709,ounce ,auns, n.盎司 英两
2710,our ,'auə, pron.我们的 adj.我们的
2711,ours ,'auəz, pron.我们的
2712,ourselves ,.auə'selvz, pron.我们自己
2713,out ,aut, adv. 出 在外 向外 出现 现出来 离岸 外出 出去 出局 用尽 完成 结束 adj. 外面的 向外的 落伍的 不做考虑的 vt. 释放出 结露 vi. 揭发 prep. 向外 通过 n. 外面 在野者 下台者 出局的一击
2714,outcome ,'autkʌm, n.结果 后果 成果
2715,outdoor ,'autdɔ:, adj.户外的 室外的 野外的 露天的
2716,outdoors ,'aut'dɔ:z, adv.在户外 在野外 n.露天 野外 名词outdoor的复数形式
2717,outer ,'autə, adj.外部的 外面的
2718,outlet ,'autlet, n.出口 出路 通风口 批发商店 排遣
2719,outline ,'autlain, n.轮廓 略图 大纲 概要 素描 vt.描画轮廓 描述要点
2720,outlook ,'autluk, n.观点 看法 展望 前景 景色
2721,output ,'autput, n.产量 输出量 输出 输出功率 输出端 vt.输出(信息等)
2722,outset ,'autset, n.开始 开端
2723,outside ,'aut'said, n.外部 外表 adj.外部的 adv.在外面 prep.在...外 pron.在...外边
2724,outskirt ,'aut.skə:t, n.外边 郊区
2725,outstanding ,aut'stændiŋ, adj.突出的 杰出的 显著的 未支付的
2726,outward ,'autwəd, adj.外面的 向外的 表面的 外部的 adv.向外 在外 表面
2727,outwards ,'autwədz, adv.向外 在外 外表上 往海外 =outward
2728,oven ,'ʌvən, n.炉 灶 烘箱 烤炉
2729,over ,'əuvə, prep.在...上方 超过 表示能控制 在...期间 adj.结束的 超过的 多余的 adv.结束 落下 穿过 完全覆盖 vt.越过
2730,overall ,əuvə'rɔ:l, n.工装裤 防护服 罩衫 adj.全面的 全部的 全体的 一切在内的 adv.总的来说 全部地
2731,overcoat ,'əuvəkəut, n.外衣 大衣
2732,overcome ,.əuvə'kʌm, vt.战胜 克服 (感情等)压倒 使受不了 vi.获胜 赢
2733,overhead ,'əuvə'hed, adj.在头顶上的 架空的 高架的 n.经常开支 普通用费 adv. 在头顶上 在空中 在高处 [计算机] 总开销
2734,overlook ,.əuvə'luk, vt.眺望 俯瞰 远眺 看漏 放任 没注意到 忽视 n.高出
2735,overnight ,'əuvə'nait, adv.一夜 昨晚一晚上 突然 adj.通宵的 晚上的 前夜的 n.前晚
2736,overseas ,'əuvə'si:z, adv.在海外 adj.在海外的
2737,overtake ,.əuvə'teik, vt.追上 赶上 压倒 突然来袭
2738,overtime ,'əuvətaim, adj.超时的 加班的 adv.在规定时间之外(超出时间地) n.加班时间(加班加点费)
2739,owe ,əu, vt.欠(债等) 应把...归功于 vi.欠钱
2740,owl ,aul, n.猫头鹰 枭
2741,own ,əun, adj.自己的 嫡亲的 vt.有 拥有 承认 vi.承认 pron.自己的
2742,owner ,'əunə, n.物主 所有人
2743,ownership ,'əunəʃip, n.所有(权) 所有制
2744,ox ,ɔks, n.牛 公牛 阉牛
2745,phase ,feiz, n.阶段 时期 局面 方面 相位 vt.逐步执行 实行 按计划进行
2746,phenomenon ,fə'nɑ:minən, n.现象 非凡的人或事物
2747,philosopher ,fi'lɔsəfə, n.哲学家 思想家 达观者
2748,philosophy ,fi'lɔsəfi, n.哲学 哲理 人生观
2749,phone ,fəun, n.电话 电话机 耳机 [语] 音素 v.打电话 suf.表示“声音 说...语言的人”
2750,photograph ,'fəutəgrɑ:f, n.照片 相片 vi.照相 摄影 vt.给...照相
2751,photographic ,.fəutə'græfik, adj.摄影的 摄影用的 逼真的
2752,phrase ,freiz, n.短语 习惯用语 个人风格 乐句 vt.措词表达 将(乐曲)分成乐句(来演奏)
2753,physical ,'fizikəl, adj. 身体的 物质的 物理的 n.体检
2754,physician ,fi'ziʃən, n.医生 内科医生
2755,physicist ,'fizisist, n.物理学家 <古>自然科学家
2756,physics ,'fiziks, n.物理学
2757,piano ,"pi'ænəu,pi'ɑ:nəu", n.钢琴 adj. & adv.轻柔
2758,pick ,pik, n.镐 鹤嘴锄 采摘 精选 精品 收获量 vt. 拾 摘 挑选 挑惕 剔除 戳 撬 vi.慎选 凿 吹毛求疵 采收 采摘
2759,picnic ,'piknik, n.郊游 野餐 愉快的时间 猪脊肉 vi.野餐
2760,picture ,'piktʃə, n.画 图片 照片 景色 vt.画 描写 想像
2761,pie ,pai, n.(西点)馅饼 派 杂乱 喜鹊 爱说话的人 饼图 vt.弄乱
2762,piece ,pi:s, n.碎片 块 片 篇 vt.拼合 修补 结合
2763,pierce ,piəs, vt.剌穿 穿透 洞悉 vi.穿入 n. 皮尔斯
2764,pig ,pig, n.猪 小猪 野猪
2765,pigeon ,'pidʒin, n.鸽子
2766,pile ,pail, n.堆 桩 大量 核反应堆 vt.堆叠 堆积 累积 装载 vi.形成堆 拥挤进入
2767,pill ,pil, n.药丸 丸剂 无法逃避的讨厌事 屈辱事 vt.服用药丸 把...制成药丸 被抢劫 vi.起球粒 成丸状 阶段性完成
2768,pillar ,'pilə, n.柱 柱子 栋梁 支柱 核心(人物) vt.用柱支持
2769,pillow ,'piləu, n.枕头 vt.枕 搁 垫
2770,pilot ,'pailət, n.领航员 飞行员 引航员 vt.领航 驾驶 向导 adj.引导的 示范的
2771,pin ,pin, n.针 饰针 大头针 拴 (有别针的)徽章 小东西 (复数)腿 别住 vt.将...用针别住 钉住 压住 adj.别针的
2772,pinch ,pintʃ, vt.捏 拧 掐掉 一撮 少量 困苦 偷窃 vt.掐 使...困苦 偷窃
2773,pine ,pain, n.松树 松木 vi.消瘦 憔悴 渴望
2774,pink ,piŋk, n.粉红色 石竹花 典范 adj.粉红色的 激进的 vt.刺
2775,pint ,paint, n.品脱
2776,pioneer ,.paiə'niə, n.拓荒者 先驱者 先锋 vt.提倡 开辟 vi.做先驱
2777,pipe ,paip, n.管子 导管 烟斗 笛 vt.以管输送 装管道 吹奏 尖声说 拷边 vi.吹奏管乐 尖叫
2778,pipeline ,'paip.lain, n.管道 管线
2779,pistol ,'pistl, n.手枪 vt.用手枪射击
2780,pit ,pit, n.坑 地坑 煤矿 深坑 核 矿井 陷阱 英国剧场正厅后排 凹陷疤痕 vt.使...有伤痕 去...的核 与...较量
2781,pitch ,pitʃ, n.沥青 树脂 松脂 n.程度 投掷 球场 音高 vt.投 掷 颠簸 扎牢 搭帐篷 定调 vi.用沥青覆盖 投掷
2782,pity ,'piti, n.怜悯 遗憾 遗憾的事 vt.同情 怜悯
2783,place ,pleis, n.地方 地点 住所 职位 获奖的名次 vt.放置 任命 安排 vi.获得名次
2784,plain ,plein, n.平原 草原 adj.清楚的 坦白的 简单的 平坦的 平常的 纯的
2785,plan ,plæn, n.计划 策略 方法 vt.计划 设计 打算vi.打算
2786,plane ,plein, n.平面 飞机 刨子 (动植物的)属 adj.平的 与飞机有关的 vt.磨平 刨 vi.开飞机
2787,planet ,'plænit, n.行星
2788,plant ,plɑ:nt, n.植物 工厂 设施 设备 vt.栽种 种植 建立 设立
2789,plantation ,plæn'teiʃən, n.种植园 大农场 殖民地 栽植
2790,plaster ,'plɑ:stə, n.灰泥 硬膏 熟石膏 膏药 v.涂以灰泥 敷以膏药 使...平
2791,plastic ,'plæstik, adj.可塑料的 可塑的 体态好的 n.塑料 (外科)整形的 信用卡
2792,plate ,pleit, n.板 片 盘 碟 金属板 板块 vt.镀金 电镀 为...制印版 给...装钢板 用金属板固定
2793,platform ,'plætfɔ:m, n.平台 站台 讲台 月台 坛 计划
2794,play ,plei, vi.玩 游戏 演奏 进行比赛 播放 捉弄 假装 n.游戏 游玩 剧本 比赛 比赛中的动作 影响
2795,player ,'pleiə, n.游戏的人 比赛者 演奏者 演员 播放器
2796,playground ,'pleigraund, n.操场 运动场
2797,pleasant ,'pleznt, adj.令人愉快的 舒适的 vi.满意 喜欢 vt.使高兴
2798,please ,pli:z, vt.取悦 使高兴 合心意 请vi.取悦 满意adv.请
2799,pleasure ,'pleʒə, n.愉快 快乐 乐事 vt.使高兴 vi.享受快乐 高兴
2800,plentiful ,'plentifəl, adj.丰富的 富裕的 多的
2801,plenty ,'plenti, n.丰富 充足 大量 繁荣 adj.充足的 adv.非常
2802,plot ,plɔt, n.小块土地 阴谋 情节 图 vt.密谋 绘图 计划 标示位置
2803,plough ,plau, n.犁 耕地 vt. & vi.犁 耕 用犁耕田 耕犁
2804,pluck ,plʌk, vt.采 摘 拉下 猛拉 拔 n.拉 猛拉 勇气 动物内脏
2805,plug ,plʌg, n.塞子 插头 消防拴 电插头 vt.塞 射杀 宣传 vi.射杀 持续的工作
2806,plunge ,plʌndʒ, vt.使投入 使陷入 vi.投入 骤降 使...陷入 全神贯注于 n.突然跌落 跳水
2807,plural ,'pluərəl, adj.复数的 n.复数
2808,plus ,plʌs, prep.加 加上 另外 adj.正的 略高于 n.加号 正号 优势 conj.并且
2809,P.M. ,pi: 'em, n.下午 午后 abbr.下午(=post meridiem [mə'ridi:əm])
2810,pocket ,'pɔkit, n.衣袋 口袋 钱 袋 袖珍的 vt.装...在口袋里 隐藏 私吞 adj.小型的 钱的
2811,poem ,'pəuim, n.诗 韵文 诗体文
2812,poet ,'pəuit, n.诗人
2813,poetry ,'pəuitri, n.诗 诗歌 诗作
2814,point ,pɔint, n.点 要点 细目 分 尖端 细节 目标
2815,poison ,'pɔizn, n.毒 毒药 败坏道德之事 毒害 vt.毒害 摧毁 中毒 adj.有毒的
2816,poisonous ,'pɔizənəs, adj.有毒的 有害的 恶意的
2817,pole ,pəul, n.杆 柱 极(点) 磁极 电极 vt.跳 支撑 vi.用篙撑船
2818,police ,pə'li:s, n.警察 警察当局 警方 vt.管辖 维持治安
2819,policeman ,pə'li:smən, n.警察
2820,policy ,'pɔlisi, n.政策 方针 保险单
2821,polish ,'pɔliʃ, vt.磨光 擦亮 使优美 推敲 完善 vi.变光亮 n.光泽 上光剂 优雅 精良
2822,Polish ,'pɔliʃ, adj.波兰的 波兰人的 波兰语的 n.波兰语
2823,polite ,pə'lait, adj.有礼貌的 有教养的 客气的
2824,political ,pə'litikəl, adj.政治的 政治上的 政党的 派系斗争的 有政治头脑的
2825,politician ,.pɔli'tiʃən, n.政治家 政客
2826,politics ,'pɔlitiks, n.政治 政治学 政纲 政策 政治活动 政见
2827,pollute ,pə'lu:t, vt.弄脏 污染 沾污
2828,pollution ,pə'lu:ʃən, n.污染 污染物
2829,pond ,pɔnd, n.池塘 vt.堵河成湖 vi.形成池塘
2830,pool ,pu:l, n.水塘 游泳池 水池 撞球 共用物 vi.形成池塘 vt.集中 积累
2831,poor ,puə, adj.贫穷的 贫乏的 可怜的 缺乏的 拙劣的
2832,pop ,pɔp, n. 流行音乐 流行歌曲 流行文化艺术 取出 砰的一声 爆破声 (尤用作称呼)爸 adj. 流行的 热门的 通俗的 vt. 取出 发出爆裂声 突然伸出 击打 开火 vi. 发出砰的一声 (因激动、惊奇)张大 adv. 突然间地 暴发地 POP abbr.=point of purchase POP abbr.=population 人口
2833,popular ,'pɔpjulə, adj.民众的 流行的 有销路的
2834,population ,.pɔpju'leiʃən, n.人口 全体居民
2835,porch ,pɔ:tʃ, n.门廊 入口处
2836,pork ,pɔ:k, n.猪肉 联邦或州政府用以笼络人心的工程或款项
2837,porridge ,'pɔridʒ, n.粥 麦片粥
2838,port ,pɔ:t, n.港 港口 舱门 码头 机场 (船 飞机的)左舷 [计算机] 端口 abbr. =portable portrait [Port] abbr. =Portugal
2839,portable ,'pɔ:təbl, adj.轻便的 手提的 n.便携的东西
2840,porter ,'pɔ:tə, n.搬运工人 门房 (火车卧铺车厢或豪华车厢的)乘务员 (医院 商店中的)清洁工 (旧时)黑啤酒 波特(人名)
2841,portion ,'pɔ:ʃən, n.一部分 一分 份 命运 分担的责任
2842,portrait ,'pɔ:trit, n.消像 画像 adj.(文件页面)竖的
2843,Portugal ,'pɔ:tjugəl, n.葡萄牙
2844,Portuguese ,.pɔ:tju'gi:z, n.葡萄牙人 葡萄牙语 adj.葡萄牙的 葡萄牙人的 葡萄牙语的
2845,position ,pə'ziʃən, n.位置 职位 姿势 状态 立场 vt.安置 决定...的位置
2846,positive ,'pɔzitiv, adj.确定的 积极的 肯定的 绝对的 正面的 正数的 阳性的
2847,possess ,pə'zes, vt.占用 拥有(财产) 持有 支配
2848,possession ,pə'zeʃən, n.有 财产 拥有 所有 占有物
2849,possibility ,.pɔsə'biliti,n.可能 可能的事 可能性 潜在的价值
2850,possible ,'pɔsəbl, adj.可能的 可能存在的
2851,possibly ,'pɔsəbli, adv.可能地 也许
2852,post ,pəust, n.柱 桩 杆 标竿 邮件 邮政 邮寄 职位 岗位 哨所 vt.贴出 邮递 发布 布置
2853,postage ,'pəustidʒ, n.邮费 邮资 邮资已付邮戳
2854,postman ,'pəustmən, n.邮递员=mailman
2855,postpone ,pəust'pəun, vt.延迟 推迟 延缓
2856,pot ,pɔt, n.锅 壶 罐 盆 一大笔(钱) vt.把...装罐 (台球)入袋
2857,potato ,pə'teitəu, n.马铃薯 土豆
2858,potential ,pə'tenʃəl, adj.潜在的 可能的 n.潜力 潜能 电位 电势
2859,pound ,paund, n.磅 英磅 宠物收留所 拘留所 vt.连续猛击 捣碎 舂烂 敲打 vi.跳动 大声播放
2860,pour ,pɔ:, vt.灌 倒 流出 倾泻 骤雨 vi.倾泻 蜂涌而来 倒
2861,poverty ,'pɔvəti, n.贫穷 贫困 贫乏
2862,powder ,'paudə, n.粉末 药粉 火药 细雪 vt.洒粉于 使变成粉 重击 vi.变成粉 涂粉
2863,power ,'pauə n.能力 力 权 权力 幂 力量 电力 vt.供电 激励 全速前进 adj.与力量有关的 与权力有关的 电力控制的,
2864,powerful ,'pauəfəl, adj.强有力的 有权威的
2865,practical ,'præktikəl, adj.实践的 实用的 明智的 n.实践考试
2866,practically ,'præktikəli, adv.实际上 几乎 简直 adj.实际的 几乎
2867,practice ,'præktis, n.实践 练习 业务 实行 习惯 vt. & vi.练习 实习 开业
2868,practise ,'præktis, vt.练习 实习 训练 实践(使...练习 养成...的习惯)
2869,praise ,preiz, n.赞扬 赞美 称赞 崇拜 vi.赞扬 vt.称赞 归荣誉于 赞美
2870,pray ,prei, vt. &vi.请求 恳求 祈祷
2871,prayer ,prɛə, n.祈祷 祈求 祷告 祷文 v.祷告 祷文
2872,precaution ,pri'kɔ:ʃən, n.预防(措施) 警惕
2873,preceding ,pri'si:diŋ, adj.在前的 在先的
2874,precious ,'preʃəs,adj.珍贵的 宝贵的 矫揉造作的adv.极其地
2875,precise ,pri'sais, adj.精确的 准确的 认真的
2876,precision ,pri'siʒən, n.精确 精密 精密度 adj.以精准的执行著称的 经得起极精细测量的
2877,predict ,pri'dikt, v.预言 预告 预测 预报
2878,preface ,'prefis, n.序言 前言 引语 v.作序 写前言 以...开始
2879,prefer ,pri'fə:, vt.宁可 宁愿 较喜欢 vt.【法】提出(控告)
2880,preferable ,'prefərəbl, adj.更可取的 更好的 更合意的
2881,preference ,'prefərəns, n.偏爱 喜爱物 优先 优先权
2882,prejudice ,'predʒudis, n.偏见 成见 伤害 vt.使...存偏见 伤害
2883,preliminary ,pri'liminəri, adj.预备的 初步的 开始的 n.初步行动 准备 初步措施
2884,premier ,'premjə, n.总理 首相 adj.第一的 首位的 最初的
2885,preparation ,.prepə'reiʃən, n.准备 预备 制备
2886,prepare ,pri'pɛə, vt. & vi.准备 预备 整合
2887,preposition ,.prepə'ziʃən, n.前置词 介词
2888,prescribe ,pris'kraib, vt.命令 规定 开处(方) vi.规定 开药方
2889,presence ,'prezns, n.出席 到场 在 在场者 所在地方 举止
2890,present ,'preznt, adj.现在的 当面的 出席的 n.礼物 赠送物 现在 目前
2891,present ,pri'zent, vt.赠送 介绍 提出 呈现
2892,presently ,'prezntli, adv.一会儿 目前 不久 现在 <古> 当即 立刻
2893,preserve ,pri'zə:v, vt.保护 保存 保持 腌渍 vi.保存 n.蜜饯 专供私人行猎或捕鱼的保留区
2894,president ,'prezidənt, n.总统 总裁 总经理 校长 会长 社长
2895,press ,pres, vt.压 按 揿 催促 逼迫 强迫服役 征用 n.新闻界 压力 强迫服役
2896,pressure ,'preʃə, n.压力 压强 压迫 压 按
2897,pretend ,pri'tend, vt.假托 借口 vi.假装 伪称 adj.假装的 赝品的 模拟的
2898,pretty ,'priti, adj.漂亮的 标致的 机灵的 恰当的 美好的 adv.相当地 n.(复数)妇女内衣 漂亮的人或物 vt.使漂亮
2899,prevail ,pri'veil, vi.胜 优胜 获胜 流行 盛行 主导
2900,prevent ,pri'vent, vt.预防 防止 阻止
2901,previous ,'pri:vjəs, adj.先的 前的 在...之前 以前的 adv.在前
2902,previously ,'pri:vjəsli, adv.先前 预先 仓促地
2903,price ,prais, n.价格 价钱 代价 vt.定格 标价 比较价格
2904,pride ,praid, n.骄傲 自豪 自尊 一群狮子 vt.自夸 以...自豪
2905,priest ,pri:st, n.教士 牧师 神父
2906,primarily ,prai'mərili, adv.首先 主要地
2907,primary ,'praiməri, adj.最初的 基本的 主要的 根本的 初等教育的 n.最主要者 初选 原色 初级线圈
2908,prime ,praim, adj. 首要的 最初的 最好的 典型的 n. 春 青春 壮年 全盛时期 n. [数]质数 vt. 事先指点 在(金属、木材等上)打底漆 vi. 变得首要
2909,primitive ,'primitiv, adj.原始的 粗糙的 n.原始人 文艺复兴前的艺术家
2910,prince ,prins, n.王子 亲王 佼佼者
2911,princess ,'prin'ses, n.公主 王妃 贵妇 adj.(礼服)合身而好看的 有贵族气息的
2912,principal ,'prinsəpəl,adj.主要的 首要的n.负责人 首要 校长
2913,principle ,'prinsəpl, n.原则 原理 主义 信念
2914,print ,print, vt.印刷 出版 打印 n.印刷 正片 版 印刷物 印迹 adj.印刷的
2915,prior ,'praiə, adj.在先的 优先的 更重要的 较早的 adv.居先 n.小修道院院长 大修道院副院长
2916,prison ,'prizn, n.监狱 监禁
2917,prisoner ,'prizənə, n.囚犯
2918,private ,'praivit, adj.私人的 私下的 隐蔽的 n.士兵 列兵
2919,privilege ,'privilidʒ, n.特权 优惠 特别恩典 基本人权 荣幸 vt.给特权 免除
2920,prize ,praiz, n.奖赏 奖金 奖品 珍品 战利品 vt.珍视 重视 adj.奖励的 杰出的
2921,probability ,.prɔbə'biliti, n.可能性 概率 机率
2922,probable ,'prɔbəbl, adj.或有的 大概的 很可能的 n.很可能的事
2923,probably ,'prɔbəbli, adv.或许 大概
2924,problem ,'prɔbləm, n.问题 习题 adj.成问题的 难对付的
2925,procedure ,prə'si:dʒə, n.程序 手续 过程 步骤 常规的做法
2926,proceed ,prə'si:d, vi.进行 开始 着手 继续进行
2927,process ,'prɑ:ses, n.过程 工序 vt.加工 处理 起诉 vi.列队前进 adj.经过加工的
2928,procession ,prə'seʃən, n.队伍 行列 v.列队行进
2929,proclaim ,prə'kleim, vt.宣告 宣布 表明 公布 赞扬 显示出
2930,produce ,prə'dju:s, vt.生产 产生 展现 提出 引起 分娩 制片 vi.生产 制造 n.产品 农作物
2931,product ,'prɔdəkt, n.产品 产物 (乘)积
2932,production ,prə'dʌkʃən, n.生产 产品 总产量 作品 成果
2933,productive ,prə'dʌktiv, adj.生产的 丰饶的 有生产价值的 多产的
2934,profession ,prə'feʃən, n.职业 专业 声明 信仰
2935,professional ,prə'feʃənəl, adj.职业的 专业的 n.专业人员
2936,professor ,prə'fesə, n.教授 宣称者
2937,profit ,'prɔfit, n.益处 利润 盈利比率 vi.得益 利用 获利 vt.有益于
2938,program ,'prəugræm, n.节目单 大纲 程序 计划 vt.规划 拟定计划 制作节目
2939,progress ,prəu'gres, n.前进 进展 进步 vi.促进 进步 进行
2940,progressive ,prə'gresiv, adj.进步的 向前进的 渐进的 n.进步人士
2941,prohibit ,prə'hibit, vt.禁止 阻止 妨碍
2942,project ,prə'dʒekt, n.方案 工程 项目 计划 vi.伸出 投射 放映 凸出 vt.计划 设计 表达
2943,prominent ,'prɔminənt, adj.实起的 突出的 杰出的 显著的
2944,promise ,'prɔmis, n.诺言 指望 约定 (有)希望 预示 vt.允诺 约定 预示 有可能
2945,promising ,'prɔmisiŋ, adj.有希望的 有前途的
2946,promote ,prə'məut, vt.促进 发扬 提升 升迁 发起 促销
2947,prompt ,prɔmpt, adj. 及时的 迅速的 敏捷的 立刻的 vt. 敦促 激起 促进 推动 提示 vi. 提示 n. 提示 提示的内容 [商] 付款期限
2948,pronoun ,'prəunaun, n.代名词
2949,pronounce ,prə'nauns, vt.发...的音 宣布 断言 发表意见
2950,pronunciation ,prə.nʌnsi'eiʃən, n.发音 发音法
2951,proof ,pru:f, n.证据 证明 校样 adj.防...的 耐...的 能防护 vt.检验 给...做防护措施
2952,proper ,'prɔpə, adj.适合的 正当的 正确的 合乎体统的
2953,properly ,'prɔpəli, adv.适当地 彻底地 当然地
2954,property ,'prɔpəti, n.财产 资产 性质 道具
2955,proportion ,prə'pɔ:ʃən, n.比 比率 部分 均衡 vt.使成比例 使均衡 分摊
2956,proportional ,prə'pɔ:ʃənəl, adj.(成)比例的 相称的 n. [数] 比例项
2957,proposal ,prə'pəuzəl, n.提议 建议 求婚
2958,propose ,prə'pəuz, vt.提议计划 打算 向...提议 vi.求婚
2959,prospect ,'prɔspekt, n.展望 前景 前程 景色 v.探勘 寻找
2960,prosperity ,prɔs'periti, n.繁荣 昌盛 兴旺
2961,prosperous ,'prɔspərəs, adj.繁荣的 昌盛的 兴旺的
2962,protect ,prə'tekt, vt.保护 保卫 警戒 投保 vi.提供保护
2963,protection ,prə'tekʃən, n.保护 警戒 防卫
2964,protective ,prə'tektiv, adj.保护的 防护的
2965,protein ,'prəuti:n, n.蛋白质 朊
2966,protest ,"'prəutest,prə'test", n.抗议 反对 抗议书 vi.反对 抗议 断言 vt.坚持地表示 对...提出异议
2967,proud ,praud, adj.骄傲的 自豪的 壮观的
2968,prove ,pru:v, vt.证明 查验 显示 vi.结果是
2969,provide ,prə'vaid, vt.提供 供给 装备 规定 准备 vi.供给 提供
2970,provided ,prə'vaidid, conj.假如 若是 以...为条件 adj.预备好的 由...供给的
2971,province ,'prɔvins, n.省 范围 领域 部门
2972,provision ,prə'viʒən, n.供应(品) 预备 存粮 规定 条款 (pl.)食物 vt.向...供应食物
2973,psychological ,.saikə'lɔdʒikəl, adj.心理的 心理学的
2974,public ,'pʌblik, adj.公众的 公开的 众所周知的 n.公共场合 公众 同好者
2975,publication ,.pʌbli'keiʃən, n.公布 发表 出版 发行 出版物
2976,publish ,'pʌbliʃ, vt.公布 发表 出版 发行 vi.出版 发行
2977,pudding ,'pudiŋ, n.布丁 血肠 (英)甜食
2978,puff ,pʌf, n.(一)喷 (一)吹 一阵喷烟 粉扑 泡夫 vt.喷出 喘息 夸张 膨胀 vi.喷出 膨胀 骄傲 adj.吹嘘的
2979,pull ,pul, vt.拉 拖 拔 拉 拉力 vi.拔 拉 拖 扳动 n.拉 拖 拉绳 影响
2980,pulse ,pʌls, n.脉搏 脉冲 脉动 v.跳动 脉跳
2981,pump ,pʌmp, n. 泵 抽水机 打气筒 心脏 抽水 轻软舞鞋 vt. 用抽机抽 抽水 打气 用泵输送 盘问 涌出 vi. 用泵抽水 快速上下(或内外)运动
2982,punch ,pʌntʃ, vt.冲出 以拳重击 开洞 剪票 按(键) n.冲压机 打洞器 钻孔机 殴打 酒、水、糖等制成的鸡尾酒 拳打
2983,punctual ,'pʌŋktjuəl, adj.严守时刻的 准时的 正点的
2984,punish ,'pʌniʃ, vt.罚 惩罚 处罚
2985,punishment ,'pʌniʃmənt, n.罚 惩罚 处罚
2986,pupil ,'pju:pl, n.学生 小学生 学徒 瞳孔
2987,puppet ,'pʌpit, n.木偶 玩偶 傀儡
2988,purchase ,'pə:tʃəs, n.买 购买 购买的物品 支点 紧握 抓紧 vt.买 购买 赢得 (用设备)举起 移动
2989,pure ,pjuə, adj.纯的 纯粹的 纯洁的 纯理论的 抽象的 完全的
2990,purely ,'pjuəli, adv.纯粹地 完全地 清洁地 贞淑地
2991,purify ,'pjuərifai, vt.使纯净 使洁净 (使)精炼 涤罪
2992,purity ,'pjuəriti, n.纯净 纯洁 纯度 纯正 纯粹
2993,purple ,'pə:pl, n.紫色 皇室 皇权 adj.紫的 帝王的 辞藻华丽的 v.变紫
2994,purpose ,'pə:pəs, n.目的 意图 效果 意志 决心 议题 vt.打算 决意
2995,purse ,pə:s, n.钱包 小钱袋 手袋 资金 金钱 vt.皱起 放进钱包
2996,pursue ,pə'sju:, vt.追赶 追踪 追捕 追求 进行 继续从事
2997,pursuit ,pə'sju:t, n.追赶 追求 事务 工作
2998,push ,puʃ, vt.推 逼迫 奋力 决心 vi.推 挤 逼迫
2999,put ,put, vt.放 摆 安置 使处于 vi.提交 记下
3000,puzzle ,'pʌzl, n.难题 谜惑 vi.使迷惑 使困惑 解决 vi.迷惑 苦思
3001,qualify ,'kwɔlifai, vt.使具有资格 取得资格 有资格 限定 描述 vi.取得资格 有资格
3002,quality ,'kwɔliti, n.质量 品质 特质 特性 才能 adj.高品质的
3003,quantity ,'kwɔntiti, n.量 数量 分量 大量
3004,quarrel ,'kwɔrəl, n.争吵 吵架 口角 争论 怨言 vi.吵架 争论 挑剔
3005,quart ,kwɔ:t, n.夸脱(=2品脱)
3006,quarter ,'kwɔ:tə, n.四分之一 一刻钟 季度 25美分 vt.四等分 vi.住宿 驻扎 adj.四分之一的
3007,quarterly ,'kwɔ:təli, adj.季度的 adv.季度地 每季一次n.季刊
3008,queen ,'kwi:n, n.王后 女王 最重要的女子或事物 女冠军 女王蜂 vi.立...为女王 当女王 vt.成为女王或王后 以女王的身份统治 vt.使卒子达底线变为王后取得纵 横 斜自由行走的资格
3009,queer ,kwiə, adj.奇怪的 古怪的 不舒服的 可疑的 n.同性恋者
3010,question ,'kwestʃən, n.发问 问题 疑问 询问 争论点 vt.询问 怀疑 vi.问问题
3011,queue ,kju:, n.行列 长队 vi.排队等候
3012,quick ,kwik, adj.快的 敏捷的 迅速的 机敏的 adv.快 迅速地 n.活肉 本质
3013,quicken ,'kwikən, vt. 使加快 使...有生气 鼓舞 使(曲线)更弯 使(斜坡)更陡 vi. 加快 变快 苏醒 (孕妇) 进入胎动期 变明亮 变活跃
3014,quickly ,'kwikli, adv.快 迅速
3015,quiet ,'kwaiət, adj.寂静的 安静的 静止的 宁静的 adv.安静地 v.使...平静 使...安心 n.安静 闲适 平静
3016,quilt ,kwilt, n.被(子) 被状物 vt.缝被 缝制 用垫料填塞 vi.制作被子 做缝制工作
3017,quit ,kwit, vt.离开 辞职 退出 停止
3018,quite ,kwait, adv.完全 很 相当 的确
3019,quiz ,kwiz, n.小型考试 (随堂)测验 恶作剧 古怪的人 vt.恶作剧 提问
3020,quotation ,kwəu'teiʃən, n.引用 引文 引语 语录 引用 报价单 行情
3021,quote ,kwəut, vt.引用 引证 报价 举证 n.引用
3022,rabbit ,'ræbit, n.兔子 野兔 vi.猎兔 vt.让...见鬼去吧 该死
3023,race ,reis, n.比赛 竞赛 竞争 人种 种族 民族v.赛跑 竞赛
3024,racial ,'reiʃəl, adj.种族的 人种的
3025,rack ,ræk, n.搁物架 行李架 拷问台 齿轨 vt.折磨 使痛苦 拷问 vi.顶风飞行
3026,racket ,'rækit, n.球拍 喧闹纷乱
3027,radar ,'reidɑ:, n.雷达 无线电探测器
3028,radiate ,'reidieit, vi.发射光线 辐射 散发 辐射
3029,radiation ,.reidi'eiʃən, n.放射 发射 辐射能
3030,radio ,'reidiəu, n.无线电 收音机 v.用无线电通讯
3031,radioactive ,.reidiəu'æktiv, adj.放射性的
3032,radioactivity ,.reidiəuæk'tiviti, n.放射性 放射(现象) 辐射
3033,radish ,'rædiʃ, n.小萝卜
3034,radium ,'reidiəm, n.镭
3035,radius ,'reidiəs, n.半径 桡骨 半径范围 辐射区
3036,rag ,ræg, n.破布 碎布 抹布 碎屑 石板瓦 散拍乐曲 vt.责骂 欺负 以散拍乐演奏
3037,rage ,reidʒ, n.(一阵)狂怒 盛怒 愤怒 情绪激动 风行一时 热量 vi.震怒 风行 席卷
3038,raid ,reid, n.袭击 突然搜查 劫掠 v.劫掠 攫取 突击搜捕 袭击
3039,rail ,reil, n.横条 横杆 铁轨 栏杆 扶手 vt.以横木围栏 铺铁轨 vi.责骂 抱怨
3040,railroad ,'reilrəud, n.铁路=railway(英) vi.由铁路运输 在铁路公司工作 vt.由铁道运输 使(议案等)草草通过
3041,railway ,'reilwei, n.铁路 铁道
3042,rain ,rein, n.雨 雨水 (复数)雨季 vi.下雨 vt.使大量落下
3043,rainbow ,'reinbəu, n.虹 彩虹 adj.五彩缤纷的
3044,rainy ,'reini, adj.下雨的 多雨的
3045,raise ,reiz, vt.举起 引起 提高 升起 饲养 提出 n.上升 增高 高地
3046,rake ,reik, n.耙子 集赌金工具 向船尾的倾斜 vi.耙 用耙子 搜索 向船尾 了望
3047,range ,reindʒ, n.排 行 山脉 炉灶 范围 行列 射程 v.排列 归类于 延伸 漫游
3048,rank ,ræŋk, n.排 横行 社会阶层 队列 排名 等级 军衔 阶级 adj.繁茂的 恶臭的 讨厌的 vt.排列 归类于
3049,rapid ,'ræpid, adj.快的 迅速的 急促的 n.急流
3050,rapidly ,'ræpidli, adv.迅速地
3051,rare ,rɛə, adj.稀薄的 稀有的 稀罕的 罕见的 珍贵的 adj.煎得嫩的
3052,rarely ,'rɛəli, adv.很少 难得
3053,rat ,ræt, n.老鼠 耗子 卑鄙的人 变节者 vi.背叛 捕鼠 vt.弄蓬松 告发
3054,rate ,reit, n.比率 速度 价格 等级 vt.估价 认为 定等级 责骂 vi.受欢迎 受推崇 责骂
3055,rather ,'rɑ:ðə, adv.宁可 宁愿 相当 有些 反而
3056,ratio ,'reiʃiəu, n.比 比率
3057,rational ,'ræʃənəl, adj.理性的 合理的 出于理性的 能推理的 n.有理数
3058,raw ,rɔ:, adj.未煮过的 生的 未加工的 原始的 不熟练的 寒冷的 n.触到某人的痛处
3059,ray ,rei, n.光线 射线 辐射线 雷(男子名)
3060,razor ,'reizə, n.剃刀
3061,reach ,ri:tʃ, vt.抵达 到达 伸出 延伸 取得联系 vi.达到 延伸 n.延伸 范围 河段
3062,react ,ri'ækt, vi.起反应 起作用 有影响 反攻 vt.作出反应
3063,reaction ,ri'ækʃən, n.反应 反作用 反作用力 化学反应
3064,read ,"red,ri:d", vt.阅读 看懂 理解 识别 vi.读 读起来 研究 adj.博学的 n.阅读
3065,reader ,'ri:də, n.读者 读物 读本
3066,readily ,'redili, adv.乐意地 无困难地 不迟疑地 迅速地 轻易地
3067,reading ,'ri:diŋ, n.读 阅读 读书 adj.阅读的
3068,ready ,'redi, adj.准备好的 愿意的 情愿的 现成的 vt.做好...的准备
3069,real ,'ri:əl, adj.真的 现实的 实际的 真实的 adv.非常 n.真实的事 真实
3070,reality ,ri'æləti, n.现实 真实 实际
3071,realize ,'riəlaiz, vt.实现 认识到 了解 意识到 净得
3072,really ,'riəli, adv.真正地 实在 事实上
3073,realm ,relm, n.王国 国土 领域
3074,reap ,ri:p, vt. & vi.收割 收获 获得
3075,rear ,riə, n. 后部 后面 背面 臀部 adj. 后面的 背面的 后方的 vt. 养育 饲养 举起 建立 抚养 培养 栽种 vi. 高耸 用后腿站立
3076,reason ,'ri:zn, n.理由 原因 理智 理性 vi.推理 规劝 下判断 vt.说服 总结
3077,reasonable ,'ri:znəbl, adj情合理的 公道的 适度的 通情达理的
3078,rebel ,"'rebl,ri'bel", vi.造反 n.造反者 叛徒 起义者 vi.造反 反抗 反感 adj.造反的 反抗的 反叛者的
3079,rebellion ,ri'beljən, n.造反 叛乱 反抗 谋反
3080,recall ,ri'kɔ:l, vt.回想 叫回 收回 召回 与...相似 恢复 n.回忆 召回 取消
3081,receipt ,ri'si:t, n.收到 收条 收据
3082,receive ,ri'si:v, vt.收到 得到 接待 接受 迎接 容纳 遭受 相信 vi.接到 获得
3083,receiver ,ri'si:və, n.收受者 收件人 接收器 收款员 接待者 听筒
3084,recent ,'ri:snt, adj.新近的 最近的
3085,recently ,'ri:sntli, adv.最近 新近
3086,reception ,ri'sepʃən, n.接待 招待会 接受 接收 欢迎
3087,recite ,ri'sait, vt.背诵 朗诵 逐一例举 叙述或回答问题 vi.背诵 朗诵 回答问题
3088,recognition ,.rekəg'niʃən, n.认出 识别 承认 感知 知识
3089,recognize ,'rekəgnaiz, vt.认识 认出 承认 认可 承认 意识到 表示感激
3090,recollect ,.rekə'lekt, vt.回忆 追忆 想起 回想 忆起
3091,recommend ,.rekə'mend, vt.推荐 介绍 劝告 建议 使成为可取 使受欢迎
3092,recommendation ,.rekəmen'deiʃən, n.推荐 介绍 劝告
3093,record ,"'rekɔ:d,ri'kɔ:d", n.记录 纪录 履历 唱片 vt.记录 (将声音等)录下 表明 adj.关于
3094,recorder ,ri'kɔ:də, n.记录者 录音机 (英国某些市镇的)首席法官 市法院法官 竖笛
3095,recover ,ri'kʌvə, vt.重新获得 挽回 找回 vi.恢复 复原 补偿
3096,recovery ,ri'kʌvəri, n.重获 痊愈 恢复 复原
3097,red ,red, adj.红色的 n.红色
3098,reduce ,ri'dju:s, vt.减少 减小 简化 分解 减低 归约 使...陷入某种状态 vi.减少
3099,reduction ,ri'dʌkʃən, n.减少 减小 缩减 (化学)还原反应 (数学)约分
3100,reed ,ri:d, n.芦苇 芦杆 芦丛 芦笛 簧片 (Reed)里德(姓氏)
3101,reel ,ri:l, n.卷轴 卷筒 线轴 vi.蹒跚地走 旋转 骚乱 退缩 摇晃 vt.卷 卷... 轴上 旋转
3102,refer ,ri'fə:, vt.使求助于 把...提交 把...归因 归类为 vi.谈到 谈及 咨询 参考
3103,reference ,'refrəns, n.参考 出处 提及 参照 推荐人 推荐函 vt.提供参考
3104,refine ,ri'fain, vt. & vi.精炼 提纯 净化 使优雅 vi.被提纯 改进
3105,reflect ,ri'flekt, vt.反射 反映 思考 归咎
3106,reflection ,ri'flekʃən, n.反射 映象 反映 折射 沉思 影响
3107,reflexion ,ri'flekʃən, n.反射 映象 反映 反射波 折射 考虑 想法 =reflection
3108,reform ,ri'fɔ:rm, n.改革 改正 感化 vt.改革 改正 使悔改 vi.改良 悔改
3109,refresh ,ri'freʃ, vt.使清新 使...生气蓬勃 提起精神 恢复精神 vi.恢复精神
3110,refreshment ,ri'freʃmənt, n.恢复 精神爽快 提神之事物 (复数)茶点 点心 便餐
3111,refrigerator ,ri'fridʒə.reitə, n.冰箱 冷藏库
3112,refuge ,'refju:dʒ, n.避难(处) 庇护(所) 庇护者 v.庇护 避难(所)
3113,refusal ,ri'fju:zəl, n.拒绝 回绝
3114,refuse ,"'refju:s,ri'fju:z", vt.拒绝 adj.无用的 n.废物 垃圾
3115,refute ,ri'fju:t, vt.驳斥 反驳 驳倒 证明
3116,regard ,ri'gɑ:d, vt.把...看作 和...有关 尊敬 尊重 视为 注视
3117,regarding ,ri'gɑ:diŋ, prep.关于 至于
3118,regardless ,ri'gɑ:dlis, adv.不顾一切地 adj.不注意的 粗心的
3119,region ,'ri:dʒən, n.地区 地带 领域 行政区
3120,register ,'redʒistə, vt.记录 登记 注册 挂号 n.暂存器 记录 登记簿 (语)语域 通风调节设备
3121,regret ,ri'gret, vt.懊悔 为...感到遗憾 后悔 惋惜 抱歉 n.懊悔 遗憾 后悔 抱歉
3122,regular ,'regjulə, adj.规则的 有规律的 整齐的 正规的
3123,regularly ,'regjuləli, adv.有规律地 定期地
3124,regulate ,"'regju.leit,'regjuleit", vt.管理 控制 调整
3125,regulation ,.regju'leiʃən, n.规则 规章 管理adj. 规定的 官方的
3126,rehearsal ,ri'hə:sl, n.排练 彩排 排演 练习
3127,reign ,rein, n.君主统治(时期) 执政 王朝 支配 vi.当政 统治 占优势 支配 盛行
3128,rein ,rein, n.缰绳 统驭 支配 机会 vi.驾驭 控制 vt.以缰绳控制 统制
3129,reinforce ,.ri:in'fɔ:s, vt.增援 支援 加强 vi.得到加强
3130,reject ,ri'dʒekt, vt.拒绝 丢掉 丢弃 驳回 排斥 n.被拒之人 不及格者
3131,rejoice ,ri'dʒɔis, vi.使...欣喜 高兴
3132,relate ,ri'leit, vt.叙述 使联系 vi.追溯到 有关联 建立关系 了解
3133,relation ,ri'leiʃən, n.关系 联系 家属 亲戚 参考 陈述 故事
3134,relationship ,ri'leiʃənʃip, n.关系 联系
3135,relative ,'relətiv, adj.有关系的 相对的 比较的 涉及到的 n.亲属 同类事物 相关物
3136,relatively ,'relətivli, adv.相对地 比较地
3137,relativity ,.relə'tiviti, n.相关性 相对性
3138,relax ,ri'læks, vt.使松弛 放松 放宽(限制等) vi.松弛 放松 松懈
3139,release ,ri'li:s, vt.释放 放松 发表 准予发表 让与 发射 n.释放 让渡 发行
3140,relevant ,'relivənt, adj.有关的 相关的 贴切的 切题的 中肯的
3141,reliability ,ri.laiə'biliti, n.可靠性
3142,reliable ,ri'laiəbl, adj.可靠的 可信赖的
3143,reliance ,ri'laiəns, n.信任 信赖 信心 所信赖的人或物
3144,relief ,ri'li:f, n.减轻 救济(品) 援救 解除 安慰 浮雕 对比 adj.提供救济的 文本的
3145,relieve ,ri'li:v, vt.减轻 解除 救济
3146,religion ,ri'lidʒən, n.宗教 宗教信仰
3147,religious ,ri'lidʒəs, adj.宗教的 虔诚的 细心的 n.修道院成员 僧侣
3148,reluctant ,ri'lʌktənt, adj.不愿的 勉强的
3149,rely ,ri'lai, vi.依赖 依靠 信赖
3150,remain ,ri'mein, vi.剩下 余留 逗留 保持 依然 留下 n.遗迹 剩余物 残骸
3151,remains ,ri'meinz, n.残余(余物 遗物 化石) 余额 废墟
3152,remark ,ri'mɑ:k, vt. & vi.评论 注意 述及 谈论 n.备注 评论 注意
3153,remarkable ,ri'mɑ:kəbl, adj.异常的 非凡的 显著的 值得注意的
3154,remedy ,'remidi, n.药物 治疗法 补救 vt.治疗 补救 矫正
3155,remember ,ri'membə, vt.记得 想起 记住
3156,remind ,ri'maind, vt.提醒 使想起
3157,remote ,ri'məut, adj.相隔很远的 遥远的 冷淡的 偏僻的 远程的 (感情等)距离很大 n.远程操作
3158,removal ,ri'mu:vəl, n.移动 移居 迁移 除掉
3159,remove ,ri'mu:v, vt.移动 搬开 脱掉 除去 开除 取下 拿走 vi.迁徙 离开 搬迁 n.间距 移动
3160,render ,'rendə, vt.表示 给予 使得 使成为 提供 报答 着色 执行 实施 vi.给予补偿 n.交纳 粉刷 打底
3161,renew ,ri'nju:, vt.使更新 复始 使恢复 补充 vi.更新 重新开始
3162,rent ,rent, n.租金 租 vi.出租 vt. 出租 租用
3163,repair ,ri'pɛə, vi.去 集合 vt.修理 补救 修补 补偿 n.修理 修补 补救 n.维修工作 维修状态
3164,repeat ,ri'pi:t, vt.重说 重做 重复 复述 vi.重复 n.重复 反复 adj.重复的 反复的
3165,repeatedly ,ri'pi:tidli, adv.重复地 再三地 一再
3166,repent ,ri'pent, vi.悔悟 悔改 后悔 vt.后悔
3167,repetition ,.repi'tiʃən, n.重复 反复
3168,replace ,ri'pleis, vt.把...放回 取代 更换
3169,reply ,ri'plai, vi. & n.回答 答复
3170,report ,ri'pɔ:t, vt. &vi.报告 汇报n.传闻 报告 成绩单 爆炸声
3171,reporter ,ri'pɔ:tə, n.记者 通讯员
3172,represent ,.repri'zent, vt.描绘 代表 象征 表现 表示 说明 阐明 vi.提出异议
3173,representative ,repri'zentətiv, adj.代表性的 代议制的 典型的 n.代表 众议员 典型
3174,reproach ,ri'prəutʃ, n.责备 耻辱 vt.责备 申斥 指责
3175,reproduce ,.ri:prə'dju:s, vt. & vi.繁殖 生殖 再生 复制
3176,republic ,ri'pʌblik, n.共和国 共和政体
3177,republican ,ri'pʌblikən, adj.共和国的 n.拥护共和政体的人 Republican:共和党人 共和党的
3178,reputation ,.repju'teiʃən, n.名誉 名声 好名声
3179,request ,ri'kwest, n. & vt.请求 要求
3180,require ,ri'kwaiə, vt.需要 要求 命令
3181,requirement ,ri'kwaiəmənt, n.需要 要求 必要条件
3182,rescue ,'reskju:, n.援救 解救 营救队 vt.援救 救出 营救
3183,research ,ri'sə:tʃ, n. & vi.调查 探究 研究
3184,researcher ,ri:'sə:tʃə, n.调查者 探究者 研究人员
3185,resemble ,ri'zembl, vt.像 类似 相似
3186,reserve ,ri'zə:v, vt.储备 保留 预定 延期 n.预备品 贮存 候补 克制 含蓄
3187,reservior ,'rezəvwɑ:, n.水库 蓄水池 积蓄 储藏 = reservoir
3188,residence ,'rezidəns, n.居住 驻扎 住处 住宅
3189,resident ,'rezidənt, adj.居住的 n.居民 住客 高级专科住院实习医生
3190,resign ,ri'zain, vt.放弃 辞职 使顺从 vi.辞职 顺从
3191,resignation ,.rezig'neiʃən, n.放弃 辞职 辞呈 顺从
3192,resist ,ri'zist, vt. & vi.抵抗 抵制 耐得住 压制 n.保护膜
3193,resistance ,ri'zistəns, n.抵抗 抵抗力 抵制 反抗 反抗行动 阻力 电阻 反对
3194,resistant ,ri'zistənt, adj.抵抗的 反抗的 n.抵抗者
3195,resolution ,.rezə'lu:ʃən, n.坚决 坚定 决定 决心 决议 果断 刚毅 解决 解答 病理状态的减退 分辨率 清晰度
3196,resolve ,ri'zɔlv, vt.解决 决心 决定 分离 表决 vi.分离 决定 n.决心 决定之事
3197,resort ,ri'zɔ:t, n. (渡假)胜地 手段 求助 凭借 vi.求助 凭借 诉诸 常去
3198,resource ,ri'sɔ:s, n.资源 物力 办法 谋略 消遣
3199,respect ,ri'spekt, n.尊敬 敬重 关系 方面 vt.尊敬 尊重 关于 涉及
3200,respectful ,ri'spektfəl, adj.恭敬的 尊重的 有礼貌的 谦恭的
3201,respective ,ri'spektiv, adj.各自的 各个的 分别的
3202,respectively ,ri'spektivli, adv.各自地 分别地
3203,respond ,ri'spɔnd, vi.作答 响应 回复 反应 应答 n.拱柱
3204,response ,ri'spɔns, n.作答 回答 响应 反应
3205,responsibility ,ri.spɔnsə'biliti, n.责任 责任心 可信度 职责
3206,responsible ,ri'spɔnsəbl, adj.有责任的 尽责的 责任重大的 可靠的
3207,rest ,rest, n.休息 安静 静止 其余的部分 其余的人 adj.其余的 vi.搁(在) 休息 信任 vt.使休息 依赖 基于某事
3208,restaurant ,'restərɔnt, n.餐馆 饭店 菜馆
3209,restless ,'restlis, adj.不安定的 焦虑的 静不下来的 得不到休息的
3210,restore ,ri'stɔ:, vt.恢复 归还 修补 翻新
3211,restrain ,ri'strein, vt.抑制 遏制 限制 阻止 束缚 剥夺
3212,restraint ,ri'streint, n.抑制 遏制 克制 束缚
3213,restrict ,ri'strikt, vt限制 限定 约束
3214,restriction ,ri'strikʃən, n.限制 限定 约束
3215,result ,ri'zʌlt, n.成果 结果 成绩 答案 vi.发生 结果 产生 致使
3216,resume ,ri'zju:m, vt.恢复 重新开始 再继续 n.简历 履历 摘要
3217,retain ,ri'tein, vt.保持 保留 保有 记住
3218,retell ,ri:'tel, vt.再讲 重述 复述
3219,retire ,ri'taiə, vi.退下 引退 撤退 退休 就寝 n.退休 退职
3220,retreat ,ri'tri:t, vi.(被迫)退却 后退 撤退 向后倾 n.休息寓所 撤退 隐居
3221,return ,ri'tə:n, n.返回 归还 报答 报告 vi.返回 归还 回来 adj.返回的
3222,reveal ,ri'vi:l, vt.展现 揭示 显示 揭露 透露 n.(外墙与门或窗之间的)窗侧 门侧 (汽车的)窗框
3223,revenge ,ri'vendʒ, vt.替...报仇 报复 n.报仇 报复 复仇愿望 获得满足的机会
3224,reverse ,ri'və:s, vt.颠倒 翻转 逆转 倒退 n.背面 相反 失败 挫折 adj.反面的 相反的 颠倒的
3225,review ,ri'vju:, vt.再检查 温习 检讨 评论 检阅 vi.写评论 n.复习 检讨 回顾 评审
3226,revise ,ri'vaiz, vt.修订 校订 校正 修改 n.校订 修正 再校稿
3227,revolt ,ri'vəult, n.叛乱 反抗 造反 反感 vi.叛乱 反抗 造反 起反感 vt.使...恶心
3228,revolution ,.revə'lu:ʃən, n.革命 旋转 绕转 转数
3229,revolutionary ,.revə'lu:ʃənəri, adj.革命的 n.革命者
3230,reward ,ri'wɔ:d, n.报答 报酬 赏金 vt.报答 给...报酬 奖赏
3231,rhythm ,'riðəm, n.韵律 格律 节奏
3232,rib ,rib, n.肋 肋骨 嘲笑 vt.嘲笑
3233,ribbon ,'ribən, n.缎带 丝带 带 色带 带状物 vt.用丝带装饰 撕碎
3234,rice ,rais, n.稻 米 饭
3235,rich ,ritʃ, adj.富的 丰富的 浓厚的 贵重的 富饶的
3236,rid ,rid, vt.使摆脱 使去掉 免除 清除 使...获自由
3237,riddle ,'ridl, n.谜 谜语 vt.解谜 出谜题 充满 打洞 筛选 vi.出谜题
3238,ride ,raid, n. 乘坐 乘车 骑马 搭便车 vi.骑 骑马 乘车 乘坐 经受住
3239,rider ,'raidə, n.骑马的人 乘车的人 骑士 附件 扶手
3240,ridge ,ridʒ, n.脊 岭 山脉 垄
3241,ridiculous ,ri'dikjuləs, adj荒谬的 可笑的
3242,rifle ,'raifl, n.步枪 来复枪 v.洗劫 抢劫
3243,right ,rait, adj. 正确的 正直的 合适的 垂直的 右面的 正常的 正面的 adv. 对 正好 恰当 径直地 正确地 立即 非常 向右边 n. 权利 右 正义 实况 vt. 纠正 扶直 公正对待 伸冤 vi. 复正
3244,rigid ,'ridʒid, adj.刚硬的 僵硬的 刻板的 严格的
3245,ring ,riŋ, n.环形物(如圈、环等) 戒指 圈 铃声 vt.包围 挂铃铛 vi.鸣响 回响 在空气中螺旋上扬 形成圈 按铃
3246,ripe ,raip, adj.熟的 成熟的 上年纪的 合适的 时机成熟的
3247,ripen ,'raipən, vt.使成熟 vi.成熟
3248,rise ,raiz, vi.起立 升起 上涨 起身n.上升 增加 小山 斜坡
3249,risk ,risk, n.风险 危险 冒险 vt. 冒...的危险
3250,rival ,'raivəl, n.对手 同伴 竞争者 adj.竞争的 vt.与...相匹敌 比得上 vi.竞争
3251,river ,'rivə, n.江 河 水道
3252,road ,rəud, n.路 道路 公路
3253,roar ,rɔ:, vi.吼叫 大声说出 喧闹 呼喊 vt.呼喊 使轰鸣 n.吼 咆哮 轰鸣 喧闹
3254,roast ,rəust, vt. & vi.烤 炙 烘焙 adj.烘烤的 烤过的 n.烤肉 烘烤
3255,rob ,rɔb, vt. & vi.抢劫 劫掠
3256,robber ,'rɔbə, n.强盗 盗贼
3257,robbery ,'rɔbəri, n.抢劫 劫掠 盗取
3258,robe ,rəub, n.长袍 长衣 浴衣 v.(使)穿上长袍等
3259,robot ,'rəubɔt, n.机器人 自动机
3260,rock ,rɔk, vt.摇 使动摇 使震惊 使动心 vi.摇 来回摇动 跳摇摆舞 n.岩石 巨石 石头 摇滚乐 篮球
3261,rocket ,'rɔkit, n.火箭 火箭发动机 烟火 v.发射火箭 猛涨
3262,rod ,rɔd, n.杆 竿 棒 戒鞭 测量杆 视网膜 杆状菌
3263,role ,rəul, n.角色 作用 任务 影响程度
3264,roll ,rəul, n.卷 滚动 名单 压路机 颤音 vt.滚 绕 转动 摇摆 展开 vi.滚 卷 绕 运载 完成 涌入
3265,roller ,'rəulə, n.滚柱 滚筒 滚轴 滚转机
3266,Roman ,rɔmə, n.古罗马人 罗马天主教会 罗马文字 adj.罗马的 罗马帝国的
3267,romantic ,rə'mæntik, adj.浪漫的 传奇的 n.浪漫的人
3268,roof ,ru:f, n.屋顶 车顶 顶 顶盖 vt.给...覆以屋顶 覆盖
3269,room ,ru:m, n.房间 空间 地位 余地
3270,root ,ru:t, n.根 根子 根源 祖先vi.生根 扎根 翻寻 起源于
3271,rope ,rəup, n.绳 索 v.捆 绑
3272,rose ,rəuz, n.蔷薇花 蔷薇科植物 玫瑰 v.(rise的过去式)起立 上升 升起 adj.玫瑰色的 玫瑰的
3273,rot ,rɔt, vt.烂 腐坏 腐烂 腐蚀 败坏 n.腐烂 使...枯朽 衰弱
3274,rotary ,'rəutəri, adj.旋转的 转动的 n.旋转式机器 环形交叉路
3275,rotate ,rəu'teit, vi.旋转 vt.使旋转 轮流 adj.车轮状的
3276,rotation ,rəu'teiʃən, n.旋转 转动 循环
3277,rotten ,'rɔtn, adj.腐烂的 腐朽的 发臭的
3278,rough ,rʌf, adj. 表面不平的 粗略的 粗糙的 粗暴的 艰难的 讨厌的 不适的 adv. 粗鲁地 粗略地 n.高低不平且杂草丛生的地区 草图 暴徒 vt. 殴打 草拟 adv. 粗暴地
3279,roughly ,'rʌfli, adv.粗糙地 粗略地 概略地 粗鲁地
3280,round ,raund, adj .圆的 微胖的 完整的 坦率的 圆满完成的 n. 兜圈 圆 (某种圆形)交谊舞 常规活动 一局(轮) adv. 环形地 vt. 弄圆 绕行 使...完全 使成为整数 vi. 变圆(胖) 弯曲 prp. 围绕 遍及
3281,rouse ,rauz, vt.唤醒 唤起 惊起 鼓舞 激起 n.觉醒 奋起
3282,route ,ru:t, n.路 路线 路程 航线 途径 vt.按路线发送 改变路线
3283,routine ,ru:'ti:n, n.例行公事 常规 无聊 adj.日常的 常规的 例行的 乏味的
3284,row ,"rəu,rau", n.(一)排 (一)行 船游 吵闹 vt.划船 成排 vi.划船 吵架
3285,royal ,'rɔiəl, adj.王室的 皇家的 盛大的 极度的n.贵族 顶帆
3286,rub ,rʌb, vt.摩擦 擦 搓 涂抹上 使不愉快 vi.摩擦 n.摩擦 困难 障碍
3287,rubber ,'rʌbə, n.橡皮(擦子) 橡胶 合成橡胶 adj.橡胶的
3288,rubbish ,'rʌbiʃ, n.垃圾 废物 废话
3289,rude ,ru:d, adj.加工粗糙的 粗野的 无礼的
3290,rug ,rʌg, n.小地毯 地毯 毛毯 毯子 旅行毯
3291,ruin ,'ruin, n. (pl.)废墟 毁灭 vt.毁坏 毁灭vi.(使)破产 毁灭
3292,rule ,ru:l, n.统治 规定 规则 习惯 惯例 标准 vi.统治 立法 vt.裁决 统治 画直线
3293,ruler ,'ru:lə, n.统治者 尺 直尺
3294,rumour ,'ru:mə, n.谣言 谣传 传闻 低语 (美)=rumor vt.传闻 谣传
3295,run ,rʌn, vi. 跑 奔 行驶 流 竞赛 运转 遭遇 持续 熔化 褪色 蔓延 传播 vt. 跑 放牧 经营 走私 使运转 浇铸 使遭受 n. 奔跑 路程 趋向 adj. 熔化的 浇铸的 洄游的
3296,runner ,'rʌnə, n.赛跑的人 跑步者
3297,rural ,'ru:rəl, adj.农村的 田园的
3298,rush ,rʌʃ, vi.冲(进) 奔 vt.催促 匆忙 猛冲 n.匆促 冲进 急流 猛冲 急需 突击 adj.紧急的
3299,Russian ,'rʌʃən, adj. 俄国的 俄罗斯的 n.俄国人 俄语
3300,rust ,rʌst, n.锈 锈 vi.生锈 氧化 变成红棕色 vt.使...生锈 损害
3301,rusty ,'rʌsti, adj.生锈的 变迟钝的
3302,sack ,sæk, n.袋 麻袋 开除 劫掠 vt.解雇 劫掠 把...装入袋子
3303,sacred ,'seikrid, adj.上帝的 神圣的 受尊重的
3304,sacrifice ,'sækrifais, n.牺牲 供俸 祭品 vt.牺牲 祭祀 贱卖 vi.献祭 (棒球)作牺牲一击
3305,sad ,sæd, adj.悲哀的 令人悲痛的 伤心的 不能令人满意的
3306,saddle ,'sædl, n.鞍子 马鞍 车座 山脊 拖具 vt.装以马鞍 使负担 vi.装马鞍
3307,sadly ,'sædli, adv.悲痛地 悲哀地 悲惨地 悲伤地
3308,sadness ,'sædnis, n.悲痛 悲哀
3309,safe ,seif, adj.安全的 谨慎的 n.保险箱
3310,safely ,'seifli, adv.安全地 可靠地
3311,safety ,'seifti, n.安全 保险 安全打 vt.保护
3312,sail ,seil, n.帆 船 乘船航行 vi. (驾船)航行 vt.乘船航行 浮游 启航
3313,sailor ,'seilə, n.水手 海员 水兵 扁平的硬边草帽
3314,saint ,seint, n.圣人 圣徒 基督教徒 vt.把...封为圣人
3315,sake ,seik, n.缘故 理由 利益 好处
3316,salad ,'sæləd, n.色拉 凉拌生菜 杂烩 莴苣 生菜
3317,salary ,'sæləri, n.薪金 薪水 vt.给...薪水
3318,sale ,seil," n.卖 削价出售 拍卖 销售额(量),"
3319,salesman ,'seilzmən, n.售货员 推销员
3320,salt ,sɔ:lt, n.盐 盐类 刺激 adj. 含盐的 辛辣的 vt.加盐于 用盐腌 abbr. (=Strategic Arms Limitation Talks) 限制战略武器会谈
3321,salute ,sə'lu:t, n.招呼 行礼 vi.行礼 致意 问候
3322,same ,seim, adj.同一的 相同的 adv.同样地 pron.同样的人或事
3323,sample ,'sæmpl, n.样品 实例 标本 vt.采样 品尝 adj.样例的
3324,sand ,sænd, n.沙 沙子 沙滩 v.撒沙 以沙掩盖
3325,sandwich ,'sændwitʃ, n.三明治 vt.夹入 插入 夹在中间
3326,sandy ,'sændi, adj.沙的 含沙的 沙地的 多沙的 沙色的 不稳固的
3327,satellite ,'sætəlait, n.卫星 人造卫星 卫星城 随从
3328,satisfaction ,.sætis'fækʃən, n.满意 快事 乐事 赔偿 妥善处理 确信
3329,satisfactory ,.sætis'fæktəri, adj.令人满意的 良好的
3330,satisfy ,'sætisfai, vt.满足 使满意 使...信服 vi.足够 取悦
3331,Saturday ,'sætədi, n.星期六
3332,sauce ,sɔ:s, n.调味汁 酱汁 无理的话(或举动) vt.给...调味 使...增加趣味 无理
3333,saucer ,'sɔ:sə, n.茶托 浅碟
3334,sausage ,'sɔ:sidʒ, n.香肠 腊肠
3335,save ,seiv, vt.救 解救 节省 储蓄 保存 vi.节省 储蓄 救球 prep.除...之外 conj.除...之外 只有 n.救援者 救球 节省
3336,saving ,'seiviŋ, n.搭救 挽救 节约 存款 (复数)savings:储蓄金 存款 prep.除...之外 conj.除了 除去 save的现在分词
3337,saw ,sɔ:, n.锯子 vt.锯 锯开 用锯子锯 vbl.看见(see的过去式)
3338,say ,sei, vt.说 说明 比如说 讲 表达 假设 指示 vi.说 n.发言权 adv.大约
3339,scale ,skeil, n.天平 磅秤 秤 鳞 刻度 衡量 数值范围 标度 比例 大小 v.依比例决定 攀登
3340,scan ,skæn, vt.细看 浏览 扫描 详细调查 押韵 vi.押韵 n.扫描 押韵 细查
3341,scar ,skɑ:, n.伤疤 伤痕 创伤 断崖 v.结疤 使...有伤痕 痊愈
3342,scarce ,skɛəs, adj.缺乏的 希有的 不足的 罕见的 adv.勉强
3343,scarcely ,'skɛəsli, adv.仅仅 几乎不 简直没有 勉强
3344,scare ,skɛə, vt.惊吓(惊恐 惊慌) vi.受惊 n.惊吓(惊恐 惊慌)
3345,scarf ,skɑ:f, n.围巾 头巾 领带
3346,scatter ,'skætə, vt.使消散 撒 散播 驱散 vi.分散 消散 n.散布 零星少量
3347,scene ,si:n, n.发生地点 道具 场 景 情景
3348,scenery ,'si:nəri, n.舞台布景 风景 布景 背景
3349,scent ,sent, n.气味 香味 痕迹 香水 vt.闻出 发觉 使充满味道 得到...的暗示 vi.嗅闻 循着遗臭追踪 散发气味
3350,schedule ,'skedʒul, n.时间表 计划表 一览表 计划 vt.安排 计划 预定 编制目录
3351,scheme ,ski:m, n.计划 规划 方案 诡计 阴谋 v.计画 设计 体系 结构 图谋
3352,scholar ,'skɔlə, n.学者(尤指文学方面) 获奖学金的学生
3353,scholarship ,'skɔləʃip, n.学业成绩 奖学金 学问 学识
3354,school ,sku:l, n.学校 学院 学派 鱼群 vt.教育 训练 磨炼 vi.喂食鱼群 游来游去
3355,science ,'saiəns, n.科学 科学研究
3356,scientific ,.saiən'tifik, adj.科学(上)的
3357,scientist ,'saiəntist, n.(自然)科学家
3358,scissors ,'sizəz, n.剪刀 剪子
3359,scold ,skəuld, vi.责骂 vt.申斥 n.老爱责骂的人 训斥
3360,scope ,skəup, n.范围 余地 机会 能力 眼界 vt.仔细研究
3361,score ,skɔ:, n.得分 比数 成绩 刻痕 二十 乐谱 vt.记分 刻划 划线 得分 批评 给...谱曲 vi.得分 记分 得胜
3362,scorn ,skɔ:n, n.轻蔑 嘲笑 被叱责的人 vt.轻蔑 不屑做
3363,scout ,skaut, n.侦察员 侦察机 童子军 守卫 vt.侦察 物色人才 vi.寻找 物色
3364,scrape ,skreip, vt. & vi. & n.刮 擦 刮擦声
3365,scratch ,skrætʃ, vt. & vi.搔 抓 搔痒 抹掉 n.搔 抓 抓痕 抓的声音 乱写 adj.使皮肤发痒的 潦草的
3366,scream ,skri:m, vi.尖叫 呼啸 大笑 n.尖叫声
3367,screen ,skri:n, n.屏 屏幕 银幕 屏风 vt.掩蔽 放映 检查 选拔 遮蔽
3368,screw ,skru:, n.螺旋 螺旋状物 螺丝 螺丝钉 吝啬鬼 压迫 转动 监狱看守 vt.拧紧 扭紧 压榨 欺骗 强迫 vi.旋转
3369,sea ,si:, n.海 海洋
3370,seal ,si:l, n.封蜡 印记 印章 封条 海豹 vt.封 盖印 封闭 猎海豹
3371,seaman ,'si:mən, n.海员 水手 水兵
3372,seaport ,'si:pɔ:t, n.海港 港市
3373,search ,sə:tʃ, vt.在...中搜寻 搜查 探求 调查 n.搜寻 探究
3374,season ,'si:zn, n.季 季节 时节 旺季 上演期 vt.加调味料调味 使...适用于 vi.使...被调味
3375,seat ,si:t, n.座 座部 位子 所在地 中心 vt.使坐下 可容纳 vi.坐
3376,second ,'sekənd, num.第二 adj.二等的 第二的 另一个的 n.第二 秒 vt.支持
3377,secondary ,'sekənderi, adj.第二的 次要的 中级的 中等的 n.次要位置 副手
3378,secondly ,'sekəndli, adv.第二(点) 其次
3379,secret ,'si:krit, adj.秘密的 隐蔽的 难懂的 机密的 n.秘密 诀窍
3380,secretary ,'sekrətri, n.秘书 书记 大臣 部长 写字台
3381,section ,'sekʃən, n.切片 一段 部门 零件 部分 章节 区域 路段 断面 vt.划分 切开 vi.划分
3382,secure ,si'kjuə, adj. 安心的 安全的 无虑的 牢靠的 稳妥的 vt. 固定 获得 使...安全 vi. ( 海上工作人员 ) 停止工作 (船) 抛锚 停泊
3383,security ,si'kju:riti, n.安全 安全感 防护措施 保证(金) 抵押(品) 债券 证券
3384,see ,si:, vt.看见 遇见 看出 经历 明白 确保 视为 拜访 陪同 vi.注意 想象 了解 调查 n.主教教区 主角权限
3385,seed ,si:d, n.种(子) 籽 萌芽 vi.(植物)结实 播种 vt.播种
3386,seek ,si:k, vt.寻找 探索 试图 vi.寻找
3387,seem ,si:m, vi.好像 似乎
3388,seize ,si:z, vt.抓住 逮捕 夺取 攻占 理解 侵袭 vi.抓住 卡住 终止
3389,seldom ,'seldəm, adv.很少 不常 难得 adj.很少的
3390,select ,si'lekt, vt. & vi.选择 挑选 选拔 adj.精选的 优等的 n.被挑选出来的人或物
3391,selection ,si'lekʃən, n.选择 挑选 精选物 挑选出来的人或事
3392,self ,self, n.自我 自己 本身
3393,selfish ,'selfiʃ, adj.自私的 利己的
3394,sell ,sel, vi.卖 销售 促销vt.出让 背叛 出卖 出售 n.欺骗
3395,seller ,'selə, n.卖者 售货者 行销货 畅销品
3396,semester ,si'mestə, n.半年 学期 半学年
3397,semiconductor ,.semikən'dʌktə, n.半导体
3398,senate ,'senit, n.参议院 上院
3399,send ,send, vt.送 传 寄 派遣 发射 vi.放送 n.波浪的推力
3400,senior ,'si:njə, adj.年长的 地位较高的 高级的 资深的 n.年长者 上司 毕业班学生
3401,sense ,sens, n.感官 感觉 见识 侦测 理智 意义 vt.感觉 了解 检测
3402,sensible ,'sensəbl, adj.感觉得到的 明智的 可察觉的 意识到的 实用的 n.可感知物
3403,sensitive ,'sensitiv, adj.敏感的 灵敏的 易受伤害的 感光的 善解人意的 n.敏感的人
3404,sentence ,'sentəns, n.判决 句子 意见 宣判 刑罚 命题 vt.宣判 判决 使遭受
3405,separate ,'sepəreit, adj.分离的 个别的 各自的 单独的 n.分开 抽印本 v.分开 隔开 分居
3406,separately ,'sepəritli, adv.分离地 分别地 个别地 独立地
3407,separation ,.sepə'reiʃən, n.分离 分开 分居 缺口
3408,September ,səp'tembə, n.九月
3409,sequence ,'si:kwəns, n.连续 继续 次序 序列 一系列 顺序 一组镜头 vt.安排顺序
3410,series ,'siəri:z, n.连续 系列 系列节目 丛书
3411,serious ,'siəriəs, adj.严肃的 认真的 庄重的 严重的 危急的
3412,seriously ,'siriəsli, adv.严肃地 认真地 严重地
3413,servant ,'sə:vənt, n.仆人 佣人 雇工
3414,serve ,sə:v, vt.为...服务 招待 可作...用 对待 发球
3415,service ,'sə:vis, n.服务 行政部门 公务部门 服役 发球 发球方式 vt.维护 保养
3416,session ,'seʃən, n.会议 一段时间 开庭期 市盘 学期 adj.短期的
3417,set ,set, vt.放 安置 设定 vi.(太阳)落下去 n.组合 集合 设定 一套 一副 一局比赛
3418,setting ,'setiŋ, n.安装 调整 环境 放置 周围 (为诗等谱写的)乐曲
3419,settle ,'setl, vt.安排 安放 安顿 调停 解决 决定 付清(欠款) vi.定居 降落 n.有背的长凳
3420,settlement ,'setlmənt, n.解决 殖民 殖民地 安置 协议 结算 住宅区
3421,seven ,'sevn, num.七 七个(人或物)
3422,seventeen ,.sevn'ti:n, num.十七 十七个
3423,seventh ,'sevnθ, num.第七 七分之一 n.第七 七分之一 adj.第七的 adv.第七
3424,seventy ,'sevnti, num.七十 七十个
3425,several ,'sevərəl, adj.几个 数个 各自的 pron.若干
3426,severe ,si'viə, adj.严格的 严厉的 剧烈的 严重的 严峻的
3427,severely ,sə'virli, adv.严厉地 严格地 严重地(艰难地 紧凑地 纯朴地)
3428,sew ,səu, vt.缝制 缝合 vi.缝纫
3429,sex ,seks, n.性别 性 性欲 vt.区别...性别 引起...性欲
3430,shade ,ʃeid, n.荫 遮光物 荫凉处 色度 稍微 vi.荫蔽 遮蔽 渐变 微减
3431,shadow ,'ʃædəu, n.阴影 阴 影子 阴暗 预兆 跟踪盯梢的人
3432,shady ,'ʃeidi, adj.成荫的 阴凉的 可疑的
3433,shake ,ʃeik, vt. 摇 使震动 挥拳 摇晃 去除 动摇 排掉(灰尘) 握手 vi. 摇晃 颤抖 跌跌撞撞 握手 发颤音 n 摇动 摇晃 震动 地震 颤抖(音) 奶昔 短时间 
3434,shall ,ʃæl, aux.v.将要 必须 应 应该 一定
3435,shallow ,'ʃæləu, adj.浅的 浅薄的 肤浅的 浅显易懂的 n.(pl.)浅滩 浅处 v.变浅
3436,shame ,ʃeim, n.羞耻 羞愧 羞辱 遗憾的事 vt.使羞愧
3437,shampoo ,ʃæm'pu:, vt.用洗发剂洗 洗(头发 地毯等) n.洗头 洗发剂 洗涤剂
3438,shape ,ʃeip, n.形状 情况 形式 定形 身材 vt.定形 使 ... 成形 塑造
3439,share ,ʃɛə, n.份 份额 股份 部份 分担 犁头 vt.分享 共有 分配 vi.分享
3440,sharp ,ʃɑ:p, adj.锋利的 敏锐的 刺耳的 急剧的 清晰的 adv. [时刻]正 准 n.升半音 v.升音
3441,sharpen ,'ʃɑ:pən, vt.削尖 使敏锐 使...尖锐 变为锐利 加剧(苦痛等)
3442,sharply ,'ʃɑ:pli, adv.锐利地 敏锐地 严厉地 厉害地 轮廓清晰、线条分明地
3443,shave ,ʃeiv, vt.剃 修面 擦过 消减价格 vi.修面 刮胡子 勉强通过 n.修面 刮胡子
3444,she ,ʃi:, pron.(主格)她    添加微信brcola获取更多免费资料
3445,shear ,ʃiə, vt.剪 剪掉 剥夺 割 vi.剪 修剪 切割 剥夺 穿越 n.修剪 剪下的东西 羊的一岁
3446,shed ,ʃed, vt.散发 脱落 使...流出 除掉 n.车棚 小屋 贷棚 脱落物
3447,sheep ,ʃi:p, n.羊 绵羊
3448,sheet ,ʃi:t, n.被单 床单 纸张 薄板 张 片 vt.盖上被单 遍布 使成片状 vi.成片落下或流动 adj.片状的
3449,shelf ,ʃelf, n.搁板(状物) 岩棚 架子
3450,shell ,ʃel, n. 壳 贝壳 外形 炮弹 v. 去壳 脱落 炮击 拾贝壳 n. [计算机] DOS命令：安装备用的COMMAND.C文件 并改变环境尺寸
3451,shelter ,'ʃeltə, n.隐蔽处 掩蔽 庇护 庇护所 避难所 v.庇护 保护 隐匿
3452,shepherd ,'ʃepəd, n.牧羊人 羊倌 牧师 指导者 v.看守 领导 指导
3453,shield ,'ʃi:ld, n.盾 盾状物 防护物 vt.保护 遮蔽
3454,shift ,ʃift, vt.替换 转移 变声 vi.改变 定责 更衣 n.转换 交换 变化 移动 接班者
3455,shilling ,'ʃiliŋ, n.先令(货币单位)
3456,shine ,ʃain, vi.照耀 发光 表现出众 闪耀着 vt.使发光 照射在...上 擦亮 n.光 光泽 阳光 光辉 喜欢
3457,ship ,ʃip, n.(大)船 海船 舰 船员 飞船 vt.以船运送 乘船 运送 进水 在船上工作 vi.上船 坐船 运送 在船上工作
3458,shirt ,ʃə:t, n.(男式)衬衫
3459,shiver ,'ʃivə, vi.颤抖 哆嗦 vt.颤动(碎裂) n.冷颤(碎块)
3460,shock ,ʃɔk, n.冲击 震惊 冲突 震惊 休克 vi.震动 冲突 使...受电击
3461,shoe ,ʃu:, n.鞋
3462,shoot ,ʃu:t, vt.发射 射中 射击 发出 发芽 vi.飞驰 n.发芽 射击 芽 发射
3463,shop ,ʃɔp, n.商店 店铺 车间vi.购物 寻找 vt.购物 逛商店
3464,shopkeeper ,'ʃɔp.ki:pə, n.店主 零售商人
3465,shopping ,'ʃɔpiŋ, n.买东西 购物 动词shop的现在分词形式
3466,shore ,ʃɔ:, n.滨 岸 国家 陆地 斜撑柱 vt.(up)支撑 支持
3467,short ,ʃɔ:t, adj.短的 短期的 矮的 短暂的 n.短裤 adv.短暂地 突然地
3468,shortage ,'ʃɔ:tidʒ, n.不足 缺少 不足额
3469,shortcoming ,ʃɔ:t.kʌmiŋ, n.短处 缺点
3470,shortly ,'ʃɔ:tli, adv.立刻 马上 简短地
3471,shot ,ʃɔt, n.发射 弹丸 射门 炮弹 射击 射手 努力v.射击 发出 发芽(shoot的过去式和过去分词) adj.杂色的 破烂不堪
3472,should ,ʃud, aux.v.将 万一 就 应该 竟然 可能
3473,shoulder ,'ʃəuldə, n.肩 肩膀 挑起 角度 交接处
3474,shout ,ʃaut, n.呼喊 突发的大叫 vt.高声呼喊 呼叫 vi.呼叫 突然喊叫
3475,show ,ʃəu, vt.给...看 表明 表示 显现 展现 指示 n.显示 表现 表演 事情
3476,shower ,'ʃauə, n.阵雨 (一)阵 淋浴 vi.倾盆而下 淋浴 vt.淋湿 下骤雨 使(大量东西)落在某人身上
3477,shriek ,ʃri:k, vi.尖声喊叫 n.尖叫声
3478,shrink ,ʃriŋk, vi.收缩 缩小 退缩 萎缩 vt.使收缩 n.收缩 萎缩
3479,shut ,ʃʌt, vt.关上 闭上 关闭 防止进入 禁闭 合上 停止或中止 vi.关闭 停止或中止 n.关闭 adj.关闭的 合拢的 围绕的
3480,shy ,ʃai, adj.易受惊的 害羞的 胆怯的 迟疑的 vi.惊退 畏缩 乱投 vt.乱投 n.投掷 惊避
3481,sick ,sik, adj.有病的 恶心的 腻烦的 晕的 n.病人 呕吐物 vt.追逐 攻击 唆使
3482,sickness ,'siknis, n.疾病
3483,side ,said, n.边 旁边 一方 侧 方面 adj.旁的 侧的 vt.支持 同意 vi.支持
3484,sideways ,'saidweiz, adv.斜着 斜向一边地 向傍边 斜地里 向侧面地 adj.傍边的 向侧面的
3485,sigh ,sai, n.呼吸 叹息(带有情感) vi.发出叹息的声音 感叹 vt.叹息
3486,sight ,sait, n.视力 见 情景 景观 眼界 vt.看见 观看 vi.瞄准
3487,sightseeing ,'sait.si:iŋ, n.观光 游览 动词sightsee的现在分词
3488,sign ,sain, n.符号 招牌 正负号 手势 迹象 签名 v.签 做手势 做标记
3489,signal ,'signəl, n.信号 导火线 动机 vi.发信号 vt.发信号 标志 adj.显著的
3490,signature ,'signitʃə, n.署名 签字 签名 签署 书帖 有特征的符号
3491,significance ,sig'nifikəns, n.意义 意味 重要性
3492,significant ,sig'nifikənt, n.有意义的 重要的 意味深长的 相当数量的 重大的 n.(复)有意义的事物 标志
3493,silence ,'sailəns, n.沉默 寂静 vt.使沉默 使安静
3494,silent ,'sailənt, adj.沉默的 寂静无声的 安静的 不吵闹的 无言的 n.(复数)默剧
3495,silk ,silk, n.蚕丝 丝 绸 丝织品 adj.丝的
3496,silly ,'sili, adj.傻的 愚蠢的 淳朴的 晕的
3497,silver ,'silvə, n.银 银子 银器 adj.银色的 银的 vt.镀银 变成银白色
3498,similar ,'similə, adj.相似的 类似的 同样的
3499,similarly ,'similəli, adv.类似地 相似地
3500,simple ,'simpl, adj.简单的 朴素的 无辜的 天真的 基本的 纯粹的 n.平民 精神病人 草药
3501,simplicity ,sim'plisiti, n.简单 简易 朴素 单纯 简朴
3502,simplify ,'simplifai, vt.简化 使单纯
3503,simply ,'simpli, adv.简单地 朴素地 仅仅 完全地
3504,sin ,sin, n.罪 罪孽 过失 vi.犯罪 违反
3505,since ,sins, conj.从...以来 因为 既然 自从 adv.后来 prep.自从
3506,sincere ,sin'siə, adj.真诚的 真挚的
3507,sing ,siŋ, vt.唱 鸣唱 用诗赞美 叫 响 vi.唱歌 n.合唱
3508,singer ,'siŋə, n.歌唱家 歌手 鸣禽 烧毛工 烧毛机 Singer：辛格(姓氏)
3509,single ,'siŋgl, adj.单一的 独身的 单纯的 n.单程票 单曲 单人房 单身者 vt.单独挑出 vi.(棒球)作一垒打
3510,singular ,'siŋgjulə, adj.单一的 非凡的 个人的 单数的 独一的 唯一的 n.单数
3511,sink ,siŋk, vi.下沉 下垂 降低 下落 陷于 倾斜 恶化 渗透 vt.下沉 陷于 倾斜 减少 n.接收端 沟渠 污水槽 散热器
3512,sir ,sə:, n.先生 阁下 ...爵士
3513,sister ,'sistə, n.姐妹 姐 妹 护士长
3514,sit ,sit, vi.坐 就坐 孵 vt.使坐 担任 开会 孵 n.坐
3515,site ,sait, n.地点 地基 场所 位置 现场 vt.使...位于
3516,situation ,.sitju'eiʃən, n.位置 处境 形势 局面 状况 职位
3517,six ,siks, num.六 六个
3518,sixteen ,'siks'ti:n, num.十六 十六个
3519,sixth ,siksθ, num.第六 六分之一 n.六分之一 六度音 adj.第六的
3520,sixty ,'siksti, num.六十 六十个 n.六十 adj.六十的 六十个的
3521,size ,saiz, n.大小 体积 尺码 尺寸 vt.按大小排列(或分类) 用... 填充(某物) adj.一定大小的
3522,skate ,skeit, n.冰鞋 滑冰 vi.滑冰 溜冰 vt.滑冰
3523,sketch ,sketʃ, n.略图 速写 素描 概略 概述 草图 小品 vt.描绘略图 vi.写生
3524,ski ,ski:, n.滑橇 滑雪 滑雪板 vi.滑雪 adj.滑雪(用)的
3525,skill ,'skil, n.技能 技巧 熟练
3526,skilled ,skild, adj.有技能的 熟练的
3527,skillful ,'skilfəl, adj.灵巧的 娴熟的
3528,skim ,skim, vt. 掠过 擦过 滑过 略读 撇去浮沫 vi. 掠过 覆盖了一层浮沫 侵吞钱财 n. 一层浮沫 略读 脱脂物 adj. 撇去浮沫的 由脱脂乳做的
3529,skin ,skin, n.皮 皮肤 兽皮 外皮 皮囊 v.剥皮 削皮 adj.色情的
3530,skirt ,skə:t, n.女裙 边缘 郊区 vt.位于...边缘 装边于 回避 绕开 vi.形成边缘 绕...走 避开
3531,sky ,skai, n.天 天空 v. <英>把...投向空中 将...高挂
3532,slam ,slæm, vt.使劲关 砰地放下 猛然关上 砰地关上 猛烈抨击 vi.砰地关上 猛攻 猛烈抨击 n.砰然声 猛然 猛烈的抨击
3533,slave ,sleiv, n.奴隶 苦工 完全受控制的人 劳工 从动装置 vt.对另一种装置作出直接回应 vi.拼命工作 贩卖奴隶
3534,slavery ,'sleivəri, n.奴隶制度 苦役 奴役 奴隶身份
3535,sleep ,sli:p, n.睡眠 睡觉 vi. & vt.睡
3536,sleepy ,'sli:pi, adj.想睡的 寂静的
3537,sleeve ,sli:v, n.袖子 袖套 套管
3538,slender ,'slendə, adj.细长的 微薄的 苗条的 少量的
3539,slice ,slais, n.薄片 切片 薄的切片 部分 锅铲 vt.切成薄片 大幅降低
3540,slide ,slaid, vi.滑 跌落 vt.使滑动 n.滑 幻灯片 雪崩 山崩 滑坡 滑梯
3541,slight ,slait, adj.细长的 轻微的 纤细的 脆弱的 vt.轻视 忽略 n.轻蔑
3542,slightly ,'slaitli, adv.稍微 些微地 有点 苗条地
3543,slip ,slip, vi. 滑跤 滑落 溜 滑行 下跌 脱落 犯错 vt. 使滑动 偷偷 迅速塞(给) 匆忙穿或脱 摆脱 忽略 使脱臼 n. 滑 疏漏 小错误 下跌 船台 码头 衬裙 枕头套
3544,slipper ,'slipə, n.拖鞋 便鞋
3545,slippery ,'slipəri, adj.滑的 使人滑跤的 狡猾的 不可靠的
3546,slit ,slit, n.裂缝 投币口 vt.切开 纵切 撕开 扯裂
3547,slogan ,'sləugən, n.标语 口号
3548,slope ,sləup, n.倾斜 斜面 斜坡 斜线 斜率 vi.倾斜 有坡度 vt.使倾斜
3549,slow ,sləu, adj.慢的 迟钝的 adv. 慢慢地 v.放慢 减速
3550,slowly ,'sləuli, adv.慢慢地
3551,slum ,slʌm, n.贫民窟 贫民区 vi.访问贫民区
3552,sly ,slai, adj.狡猾的 躲躲闪闪的 诡密的 偷偷摸摸的
3553,small ,smɔ:l, adj.小的 少的 小型的 adv.些许地n.狭小部分
3554,smart ,smɑ:t, adj. 巧妙的 洒脱的 聪明的 时髦的 漂亮的 敏捷的 轻快的 整洁的 vi. 刺痛 难过 烦恼 n. 刺痛 苦恼 adv. 轻快地 机灵地 整齐地 漂亮地
3555,smell ,smel, n.嗅觉 气味 味道vt.嗅 闻 探出 发臭vi.闻 发臭
3556,smile ,smail, vi.微笑 赞许 一笑而过 vt.微笑 微笑地表示 以微笑完成 n.微笑 笑容
3557,smog ,smɔg, n.烟雾
3558,smoke ,sməuk, n.烟 抽烟 无常的事物vi.冒烟 吸烟 以烟熏
3559,smooth ,smu:ð, adj.平滑的 平静的 平稳的 流畅的 安祥的 圆滑的 搅拌均匀的 vt.使光滑 磨光 安慰 理顺(羽毛) vi.变光滑
3560,smoothly ,smu:ðli, adv.光滑地 平滑地 平稳地 流畅地
3561,snake ,sneik, n.蛇 v.蜿蜒 扭曲
3562,snow ,snəu, n.雪 下雪 似雪花的东西 粉状物 vi.下雪 vt.雪一般落下 使雪白 欺骗
3563,snowstorm ,'snəustɔ:m, n.雪暴 暴风雪
3564,snowy ,snəui, adj.雪的 下雪的 多雪的 被雪所覆盖着的
3565,so ,səu, adv.这样 这么 非常 如此 如是 同样 conj.所以 因此 adj.真的 pron.这样
3566,soak ,səuk, vt. 浸 泡 使...湿透 浸泡在液体中 浸洗 吸入 使某人喝醉 向某人敲竹杠 vi. 浸泡 浸入液体 渗透 感化(某人) 无节制地喝酒 n.浸 湿透 喝醉
3567,soap ,səup, n.肥皂 vt.用肥皂洗 阿谀奉承
3568,sob ,sɔb, vi.啜泣 呜咽 n.空间轨道的轰炸机 呜咽 哭泣
3569,sober ,'səubə, adj.清醒的 适度的 沉着冷静的 稳重的 颜色暗淡的 vt.使清醒 使沉着 vi.清醒 冷静下来
3570,so-called ,'səu'kɔ:ld, adj.所谓的 号称的
3571,soccer ,'sɔkə, n.英式足球
3572,social ,'səuʃəl, adj.社会的 社交的 群居的 社团的
3573,socialism ,'səuʃəlizəm, n.社会主义
3574,socialist ,'səuʃəlist, adj.社会主义的 n.社会主义者
3575,society ,sə'saiəti, n.社会 团体 社交界 阶层圈子
3576,sock ,sɔk, n.短袜 vt. 给...穿短袜 v.狠揍 痛打 n.重击 犁头 犁刃 轻软鞋 喜剧
3577,soda ,'səudə, n.碳酸钠 纯碱 汽水 苏打
3578,soft ,sɔft, adj.软的 柔软的 柔和的 温和的 不强烈的 轻的 adv.柔软地 温和地 n.柔软的东西
3579,softly ,'sɔftli, adv.柔软地 温柔地 柔和地 静静地
3580,soil ,sɔil, n.泥土 土壤 土地 污物 粪便 vt.弄脏 弄污 vi.变脏 vt.用青草饲料喂养
3581,solar ,'səulə, adj.太阳的 太阳能的 日光的
3582,soldier ,'səuldʒə, n.(陆军)士兵 军人 偷懒者 [动]兵蚁 vi.当兵
3583,sole ,səul, n.脚底 鞋底 袜底 sole或soles鳎鱼 adj.唯一的 单独的 独占的 vt.给(鞋)换底
3584,solely ,'səulli, adv.单独地 独自地 唯一地
3585,solemn ,'sɔləm, adj.庄严的 严肃的 隆重的
3586,solid ,'sɔlid, adj.固体的 结实的 实心的 可靠的 n.固体 立方体 adv.一致地
3587,soluble ,'sɔljubl, adj.可溶的 可以解决的
3588,solution ,sə'lu:ʃən, n.解决 解答 解决办法 溶解 溶液
3589,solve ,sɔlv, vt.解答 解释 解决
3590,some ,"sʌm, səm, sm", adj.一些 若干 adv.大约 在某种程度上 pron.一些(人 物) 若干
3591,somebody ,'sʌmbədi, pron.某人 有人 n.重要人物
3592,somehow ,'sʌmhau, adv.由于某种原因 不知怎么地 以某种方式
3593,someone ,'sʌmwʌn, pron.某人 有人
3594,something ,'sʌmθiŋ, pron.某事 某物 有价值或重要的人或物 adv.稍微 有点 非常
3595,sometime ,'sʌmtaim, adv.在某一时候 从前 改天 来日 adj.以前的 某一时间
3596,sometimes ,'sʌmtaimz, adv.不时 有时 间或
3597,somewhat ,'sʌmwɔt, pron.一点儿 一些 某物 adv.有点 多少 几分
3598,somewhere ,'sʌmwɛə, ad.在某处 到某种程度 大约 差不多 n.某地 某处
3599,son ,sʌn, n.儿子 孩子(长者对后辈的称呼)
3600,song ,sɔŋ, n.歌唱 歌曲 歌词 (鸟等)鸣声
3601,soon ,su:n, adv.不久 很快 早 快
3602,sophisticated ,sə'fistikeitid, adj.老于世故的 高级的 诡辩的 精密的 老练的 尖端的
3603,sore ,sɔ:, adj.痛的 痛心的 恼火的 n.疮 痛处 adv.疼痛地
3604,sorrow ,'sɔrəu, n.悲痛 悲哀 悲伤 伤心事 vi.悲伤 惋惜 悔恨
3605,sorry ,'sɔri, adj.对不起的 抱歉的 难过的 遗憾的 int.对不起
3606,sort ,sɔ:t, n.种类 类别 特征 方法 vt.分类 整理 使明确 vi.交往 协调
3607,soul ,səul, n.灵魂 精神 人 心灵 精髓 鬼魂 人 黑人灵歌 adj.美国黑人文化的 黑人的
3608,sound ,saund, adj. 健康的 健全的 完好的 可靠的 合理的 adv. 酣畅地 n. 声音 吵闹 海峡 鱼鳔 探针 v. 听起来 发出声音 探测深度 探询 vi. 响 发声
3609,soup ,su:p, n.汤 羹 n.困境
3610,sour ,'sauə, adj.酸的 酸腐的 刻薄的 脾气坏的 v.变酸 n.酸物
3611,source ,sɔ:s, n.河的源头 根源 发源地 来源 原始资料
3612,south ,sauθ, n.南 南方 adj.南方的 adv.在南方 向南方 自南方
3613,southeast ,.sauθ'i:st, n.东南 东南地区 adj.位于东南的 东南的 向东南的 来自东南的 adv.往东南 来自东南 在东南
3614,southern ,'sʌðən, adj.南方的 南部的 来自南方的
3615,southwest ,.sauθ'west, n.西南 西南风 西南地区 adj.西南的 来自西南方的 adv.往西南 来自西南
3616,Soviet ,"'səʊviət, 'sɔviət", n.苏维埃 adj.苏维埃的 苏联的
3617,sow ,sau," vt.播(种) 散布 vi.播种 散布 n.母猪, 大母熊, 铁水沟 铁锭"
3618,space ,speis, n.空间 场地 空地 空白 太空 间隔 v.留间隔 分隔
3619,spacecraft ,'speiskrɑ:ft, n.航天器 宇宙飞船
3620,spaceship ,'speisʃip, n.航天飞船
3621,spade ,speid, n.铲 铁锹 在扑克牌中指黑桃 v.铲 vt.(用铲子)铲
3622,span ,spæn, n.跨距 跨度 间距 一段时间 vt.横跨 贯穿 估量 动词spin的过去式形式 n.共轭动物
3623,Spanish ,'spæniʃ, adj.西班牙的 西班牙人的 西班牙语的 n.西班牙人 西班牙语
3624,spare ,spɛə, vt.节约 抽出 饶恕 赦免 adj.多余的 闲置的 备用的 简陋的 n.剩余 备用品
3625,spark ,spɑ:k, n.火花 火星 朝气 情人 俗丽的年轻人 vi.闪烁 冒火花 热情回应 vt.激发 引起 追求
3626,sparkle ,'spɑ:kl, vi.发火花 闪耀 冒火花 vt.使闪耀 n.闪耀 火花
3627,sparrow ,'spærəu, n.麻雀
3628,speak ,spi:k, vi.说话 发言 vt.说 讲 演说
3629,speaker ,'spi:kə, n.说话者 发言者 说某种语言者 扬声器
3630,spear ,spiə, n.矛(正负电子对撞机) 枪 vt用矛刺
3631,special ,'speʃəl, adj.特殊的 特别的 专门的 n.特别的东西 特价 特刊 特色菜
3632,specialist ,'speʃəlist, n.专家
3633,speciality ,.speʃi'æliti, n.专业 特长 擅长 特产
3634,specialize ,'speʃəlaiz, vi.成为...专家 专攻 特殊化 vt.专门研究 专攻 使...特殊化
3635,specially ,'speʃəli, adv.专门地 特别地
3636,specific ,spi'sifik, adj.特有的 特殊的 明确的 具体的 有特效的 n.特效药 特性 详情
3637,specify ,'spesifai, vi.指定 详细说明 阐述
3638,specimen ,'spesimən, n.样本 标本 样品
3639,spectacle ,'spektəkl, n.光景 景象 眼镜 值得看的东西
3640,speech ,spi:tʃ, n.言语 演说 演讲 语言能力 方言
3641,speed ,spi:d, n.快 速率 速度 迅速 vi.快行 加速 急行
3642,spell ,spel, vt.拼写 缓慢地或吃力地读 轮班 休息 用符咒镇住(某人) vi.拼字 n.魅力 符咒 一段时间 轮班
3643,spelling ,'speliŋ, n.拼字 拼法 拼写法
3644,spend ,spend, vt.用钱 花费 浪费 度过
3645,sphere ,sfiə, n.球 圆体 范围 领域 天体 vt.形成球体 包围 围绕
3646,spider ,'spaidə, n.蜘蛛
3647,spill ,spil, vt.使溢出 洒 使...流出 泄漏 vi.溢出 n.溢出 流 n.木片 小杆
3648,spin ,spin, vt.使旋转 疾驰 纺织 结网 眩晕 n.旋转 纺织 眩晕 疾驰
3649,spirit ,'spirit, n.精神 气魄 情绪 心灵 幽灵 精灵 (复)spirits: 精力 情绪 烈酒 vt.使精神振作 偷偷带走
3650,spiritual ,'spiritjuəl, adj.精神的 心灵的 与上帝有关的 n.(尤指美国南部黑人的)圣歌
3651,spit ,spit, vi.吐 吐唾沫 吐出 降小雨 vt.用炙叉叉住 n.唾液 口水 小雨 烤肉叉 海峡 海角
3652,splash ,splæʃ, n.飞溅的水 污点 卖弄vt.溅湿 溅开 泼 飞溅
3653,splendid ,'splendid, adj.壮丽的 显著的 极好的 辉煌的 壮观的 杰出的
3654,split ,split, vt.劈开 分离 分开 vi.被劈开 adj.分散的 n.劈开 裂片 裂口
3655,spoil ,spɔil, vt.损坏 破坏 糟蹋 宠坏 溺爱 腐坏 n.战利品 奖品
3656,sponge ,spʌndʒ, n.海绵 海绵状的东西 vt.用海绵擦拭 吸收掉 抹掉
3657,sponsor ,'spɔnsə, n.发起者 保证人 赞助者 主办者 vt.发起 赞助 倡议
3658,spontaneous ,spɔn'teiniəs, adj.自发的 自然产生的 本能的
3659,spoon ,spu:n, n.匙 调羹 匙状物 vt.以匙舀起 vi.调情
3660,sport ,spɔ:t, n.运动 体育 运动会 vi.炫耀 戏弄 嬉戏 adj.运动的 户外穿戴的
3661,sportsman ,'spɔ:tsmən, n.运动员
3662,spot ,spɔt, n. 点 斑点 污点 地点 场所 斑点 职位 聚光灯 插播节目 少量 adj. 当场的 现场买卖的 抽样的 插播的 v. 使沾上污点 认出 用灯光照射
3663,spray ,sprei, n.浪花 喷雾 水沫 喷雾器 vt.喷 喷雾 扫射 喷射
3664,spread ,spred, vt.伸开 伸展 展开 传播 散布 铺开 涂撒 n.传播 伸展 铺开 幅度 范围 盛宴 差额
3665,spring ,spriŋ, vi. 跳 跃 射出 涌入(出) 发芽 长高 vt. 弹起 使喷涌 越过 弹出 释放 发生 跳 裂开 n. 春天 春季 跳跃 弹跳 泉 泉水 弹簧 投射
3666,springtime ,'spriŋtaim, n.春季 春天 青春期 初期
3667,sprinkle ,'spriŋkl, n.洒 撒 散置 小雨
3668,spur ,spə:, n.刺激 刺激物 马刺 鞭策 支脉vt.刺激 鞭策 促进
3669,spy ,spai, n.间谍 特务 侦探 侦察 vt.侦察 侦探 看到 找出 vi.看 侦察
3670,square ,skwɛə, n.正方形 广场 街区 平方 adj.正方形的 正直的 公正的 结实的 断然的 v.使...成方形 调整 一致 收买 adv.成直角 直接的 正方形地
3671,squeeze ,skwi:z, vt. & vi.榨 挤 压榨 挤压 塞进 n.压榨 勒索 榨取
3672,squirrel ,'skwirəl, n.松鼠 松鼠皮毛 vt.储存
3673,stab ,stæb, vt. & vi.刺 戳 刺伤 n.刺 戳 刺痛 尝试 突然的一阵
3674,stability ,stə'biliti, n.稳定 稳定性 巩固 居于修道院
3675,stable ,'steibl, adj.稳定的 不变的 安定的 可靠的 n.厩 马厩 马棚 牛棚 一批人 vt.使(马)入厩 vi.入厩
3676,stack ,stæk, n.堆 堆叠 垛 vt.堆积 堆放
3677,stadium ,'steidiəm, n.露天大型运动场 竞技场
3678,staff ,stɑ:f, n.工作人员 参谋 全体人员 同事 拐杖 杆 棒 五线谱 vt.配备员工
3679,stage ,steidʒ, n.舞台 驿站 戏剧 阶段 vt.上演 实行 进行
3680,stain ,stein, vt. 玷污 弄脏 给...着色 n.污点 瑕疵 染料 着色剂
3681,stair ,stɛə, n.楼梯
3682,staircase ,'stɛəkeis, n.楼梯 楼梯间
3683,stake ,steik, n.桩 赌金 赌注 利害关系 奖品 v.下注 用桩支撑
3684,stale ,steil, n.陈腐的 走了气的 (动物的)尿 adj.不新鲜的 陈腐的 失效的 vt.使腐坏vi.变得不新鲜 腐坏 (动物)撒尿
3685,stamp ,stæmp, n.戳子 邮票 标志 图章 印 跺脚 v.跺脚 盖章
3686,stand ,stænd, vi.站 坐落 位于 停滞 忍受 n.架 台 站立 停顿 楼台 货摊
3687,standard ,'stændəd, n.标准 规格 adj.标准的 规范的 普通的
3688,standpoint ,'stændpɔint, n.立场 观点
3689,star ,stɑ:, n.星 恒星 明星 v.以星状物装饰 变成演员
3690,stare ,steə(r), vi.盯 凝视 vt.显眼 (毛发)竖立 n.凝视
3691,start ,stɑ:t, vi.跳起 出发 开始 起身 vt.开始 使震惊 n.起点 震动 领先优势 起推动作用的外力
3692,startle ,'stɑ:tl, vt.使大吃一惊 使...惊愕 n.吃惊 惊愕
3693,starve ,stɑ:v, vi.饿死 挨饿 受饿 vt.使饿死 使挨饿
3694,state ,steit, n.状态 国家 州 情形 adj.国家的 州的 正式的 vt.说 说明 阐明 陈述 声明 规定
3695,statement ,'steitmənt, n.陈述 声明
3696,statesman ,'steitsmən, n.政治家 国务活动家
3697,static ,'stætik, adj.静的 静态的 静力的 静止的 静电的 n.静电 静电干扰 (猛烈的)反对或抨击
3698,station ,'steiʃən, n.站 台 所 局 车站 位置 地位 vt.安置 驻扎 配置
3699,statistical ,stə'tistikəl, adj.统计的 统计学的
3700,statue ,'stætju:, n.塑像 雕像 铸像
3701,status ,'steitəs, n.地位 身分 情形 状况
3702,stay ,stei, vi.停留 逗留 住 n.逗留 停留 支撑物 倚赖的人或事
3703,steadily ,'stedili, adv.稳定地 不变地 稳固地 坚定地
3704,steady ,'stedi, adj.稳固的 稳定的 坚定的 vt.使稳定 使稳固 (变得)稳固 adv.平稳地 稳固地 n.固定的事物
3705,steal ,sti:l, vt.偷 窍取 n.偷窃 便宜货 (欺诈的)政治交易
3706,steam ,sti:m, n.蒸汽 水蒸气 vi.蒸发 蒸 冒热气 vt.蒸
3707,steamer ,'sti:mə, n.轮船 汽船 蒸笼 [动]沙海螂
3708,steel ,sti:l, n.钢 钢铁 钢制品 vt.使...硬如钢 使坚强 使下定决心 adj.钢的
3709,steep ,sti:p, adj.险峻的 陡峭的 (价格)过高的 n.陡坡 n.浸泡 浸泡液 v.浸泡 沉浸
3710,steer ,stiə, vt.&vi.驾驶 掌舵 引导 操纵n.(食用的)公牛暗示
3711,stem ,stem, n.茎 (树)干 柄 船首 vi.起源 vt.抽去...的梗 给...装柄 逆...而行 n.血统 [语]词干v.堵住 阻止 [体]内转
3712,step ,step, n.(脚)步 步骤 步伐 踏级 vi.走 vt.踏 以步测量
3713,stern ,stə:n, adj.严厉的 坚定的 坚决的 苛刻的 n.尾部 船尾
3714,steward ,'stju:əd, n.乘务员 服务员 v.做乘务员 管理
3715,stewardess ,'stju:ədis, n.空中小姐 女乘务员 女管家
3716,stick ,stik, n.棍 棒 枝 杆 手杖 vt.刺 粘贴 插于 刺入 竖起 vi.钉住 粘贴 坚持
3717,sticky ,'stiki, adj.粘性的 胶粘的 闷热的 困难的 令人不满意的
3718,stiff ,stif, adj. 硬的 僵直的 生硬的 拘谨的 不灵活的 adv. 僵硬地 极其 n. 死尸 过于拘谨的人 流浪汉 吝啬鬼 醉鬼vt. 诈骗 失信 不给小费
3719,stiffen ,'stifn, vt.使硬 使僵硬 变为浓粘
3720,still ,stil, adj. 静止的 不动的 静寂的 n. 寂静 沉默 定格照 酒厂 adv. 仍然 更 静止地 conj. 然而 但是 vi. 变沉默 vt. 使冷静 抓住 使停止 使放松
3721,stimulate ,'stimjuleit, vt.刺激 激励 激发 鼓舞vi.起刺激作用
3722,sting ,stiŋ, vt.刺 刺痛 使苦恼 欺诈 vi.刺 叮 刺痛 n.刺痛刺 讽刺
3723,stir ,stə:," vt.动 拨动 激动 惹起 搅和 vi.挪动 活动 离开 搅拌 激动 n.感动(激动 愤怒或震动), 搅拌 骚乱"
3724,stitch ,stitʃ, n.一针 针脚 疼痛 碎布条 vt.缝 缝合
3725,stock ,stɔk, n. 原料 库存品 存货 股本 股份 储备 树干 血统 家畜 adj. 存货的 平凡的 惯用的 股票的 畜牧的 vt. 进货 采购 储存 供给 vi. 出新芽 进货
3726,stocking ,'stɔkiŋ, n.长(统)袜
3727,stomach ,'stʌmək, n.胃 胃口 肚子 食欲 vt.忍受 容忍
3728,stone ,stəun, n. 石 石头 石块 石料 (水果的)硬核 宝石 英石(重量单位 合14磅) vt. 向...扔石头 去掉(水果的)核 adj. 石的 石制的 adv. (用于复合词) 全然地
3729,stony ,'stəuni, adj.多石的 石头的 石质的 冷酷的 铁石心肠的 <古>石造的
3730,stool ,stu:l, n.凳子 搁脚凳 便桶 根株 vi.引诱
3731,stoop ,stu:p, vi.俯身 弯下 弯下上身 屈服 n.弯腰 佝偻 屈服
3732,stop ,stɔp, vt.塞住 阻止 停止 停留 n.停止 车站 逗留
3733,storage ,'stɔridʒ, n.贮藏 贮藏量 存储 保管 保管费 仓库 [计]存储器
3734,store ,stɔ:, n.贮藏 贮存品 商店 仓库 vt.储存 贮藏 供给 保存 (在计算机里)存贮 记忆 adj.储备的
3735,storey ,'stɔ:ri, n.(层)楼 =story(美)
3736,storm ,stɔ:m, n.风暴 暴(风)雨 v.猛攻 捣毁 起风暴 暴怒
3737,stormy ,'stɔ:mi, adj.有暴风雨的 激烈的 粗暴的
3738,story ,'stɔ:ri, n.故事 小说 传说 叙述 新闻报道 楼层(=storey) vt.以历史事件为图案装饰
3739,stove ,stəuv, n.炉子 火炉 电炉 火炉窑 烘房【主英】温室
3740,straight ,streit, adj. 直的 正直的 准的 坦率的 连续的 异性恋的 adv. 直 直接 笔直地 平正了 坦率的 连续不断地 n. 直的东西 传统的人
3741,strain ,strein, vt.拉紧 劳累 过份使用 vi.尽力 n.紧张 拉紧 血统
3742,strange ,streindʒ, adj.陌生的 奇怪的 adv.奇怪地
3743,stranger ,'streindʒə, n.陌生人 新来者 外地人 新手
3744,strap ,stræp, n.带子 皮带 vt.(用带)捆扎 (用带)打
3745,strategy ,'strætidʒi, n.战略 策略
3746,straw ,strɔ:, n.稻草 麦杆 吸管 adj.用稻草做的 用来作稻草的 麦杆色的 无价值的 象稻草人的 非正式民意测验所发现的
3747,strawberry ,'strɔ:bəri, n.草莓
3748,stream ,stri:m, n.河 (人 车 气)流 水流 组 vi. & vt.流 流出 飘动 接踵而来
3749,street ,stri:t, n.街 街道 行车道 adj.街道的
3750,strength ,streŋθ, n.力 力量 力气 长处 强度
3751,strengthen ,'streŋθən, vt.加强 变坚固 巩固
3752,stress ,stres, n.压力 紧张 重音 负载 vt.着重 强调 vi.强调 着重
3753,stretch ,stretʃ, vt.伸展 张开 vi.伸 延伸 n.伸展 张开 adj.可伸缩的
3754,strict ,strikt, adj.严格的 严谨的 精确的 完全的
3755,strictly ,'striktli, adv.严格地 严谨地
3756,strike ,straik, vt. & vi.打 击 撞 罢工 划燃 n.罢工 打击 殴打
3757,string ,striŋ, n.线 细绳 一串 字串 vt.串起 成串 收紧 悬挂 系 扎 vi.给...装弦 adj.线的
3758,strip ,strip, vt.剥夺 剥去 夺去 脱衣 n.条带 长条 条状 脱衣舞
3759,stripe ,straip, n.条纹 条子 条纹布 军士军阶 种类 鞭打 抽打 vt.使...带有条纹
3760,stroke ,strəuk, n.打 击 鸣声 中风 笔画 连续的动作 心跳 抚 摩 捋 vt.奉承 轻抚 摩 捋 vi.击打 心跳...
3761,strong ,strɔŋ, adj.强壮的 强烈的 坚强的 浓的 擅长的
3762,strongly ,'strɔŋli, adv.强壮地 强烈地 强有力地 坚固地 坚强地 激烈地
3763,structural ,'strʌktʃərəl, adj.结构的 构造的 建筑的 建筑用的
3764,structure ,'strʌktʃə, n.结构 构造 建筑物 vt.建造 构造
3765,struggle ,'strʌgl, n. & vi.斗争 挣扎 竞争 奋斗
3766,student ,'stju:dənt, n.学生 研究生 学者
3767,study ,'stʌdi, n.学习 研究 学科 沉思 书房 vt.学 读书 计划 研究 记忆 调查 vi.学习 研究 沉思
3768,stuff ,stʌf, n.材料 原料 东西 素质 本质 废物 vt.装 填 塞 填满 塞满 
3769,stumble ,'stʌmbl, vi.绊倒 犯错 失策 踌躇 无意中发现 vt.绊倒 困惑 n.绊倒 失策
3770,stupid ,'stju:pid, adj.愚蠢的 感觉迟钝的 笨拙的 n.傻瓜
3771,style ,stail, n.风格 文体 式样 时尚 类型 vt.称呼 设计
3772,subject ,"'sʌbdʒikt,səb'dʒekt", n. 题目 学科 [语]主语 主题 话题 题材 主观 (君主国)国民 实验对象 adj. 服从的 易患的vt. 使隶属 使服从 使遭遇
3773,submarine ,'sʌbməri:n, adj.水下的 海底的 n.潜水艇 vt.用潜艇袭击 vi.滑入...底下
3774,submerge ,səb'mə:dʒ, vt.使浸没 潜入水中 覆盖 vi.潜入水中 浸没
3775,submit ,səb'mit, vt.使服从 屈服 呈送 递交 主张 vi.服从 屈从 忍受
3776,subsequent ,'sʌbsikwənt, adj.随后的 后来的
3777,substance ,'sʌbstəns, n.物质 实质 本旨 内容 重要性 财产
3778,substantial ,səb'stænʃəl, adj.物质的 坚固的 实质的 可观的 大量的 n.重要部份 本质
3779,substitute ,'sʌbstitju:t, n.代替人 代用品 vt.用...代替 代以 代替
3780,subtract ,səb'trækt, vt.减 减去 去掉 扣掉 vi.减少
3781,suburb ,'sʌbə:b, n.郊区 郊外 近郊
3782,subway ,'sʌbwei, n.地道 地下铁路
3783,succeed ,sək'si:d, vt.继...之后vi.成功 成功 继承 接着发生
3784,success ,sək'ses, n.成功 成就 胜利 发财 成功者 成功的事物
3785,successful ,sək'sesful, adj.成功的 结果良好的 圆满的
3786,successfully ,sək'sesfəli, advS.成功地
3787,succession ,sək'seʃən, n.连续 继任 继位 继承 继承权
3788,successive ,sək'sesiv, adj.连续的 接连的 接二连三的
3789,such ,"sʌtʃ, sətʃ", adj.这样的 如此的 pron.这样的人或事 adv.如此地
3790,suck ,sʌk, vt.吸 吮 啜 吸收 吸入 vi.吸 吸收 奉承 <俚>烂 令人讨厌 n.吸吮 吸力
3791,sudden ,'sʌdn, adj.突然的 意外的 快速的 出乎意料的 n.突发之事
3792,suddenly ,'sʌdnli, adv.突然地
3793,suffer ,'sʌfə, vt.遭受 忍受 容许 允vi.受苦 患病 受损失
3794,sufficient ,sə'fiʃənt, adj.足够的 充分的
3795,sufficiently ,sə'fiʃəntli, adv.足够地 充分地
3796,sugar ,'ʃugə, n.糖 vt.使甜 使具有吸引力 vi.形成糖状 变成颗粒状 造枫糖浆
3797,suggest ,sə'dʒest, vt.建议 暗示 启发 要求
3798,suggestion ,sə'dʒestʃən, n.建议 意见 暗示 迹象 联想
3799,suit ,sju:t, n.起拆 诉讼 请求 套装 vt.适合 取悦 满足
3800,suitable ,'sju:təbl, adj.合适的 适宜的 adv.<古>合适地 恰当地
3801,sulphur ,'sʌlfə, n.硫(磺) 硫黄
3802,sum ,sʌm, n.总数 金额 顶点 概略 一笔钱 vi.共计 总计 概括
3803,summarize ,'sʌməraiz, vt.概括 概述 总结 摘要而言
3804,summary ,'sʌməri, n.摘要 概要 一览 adj.概要的 简略的
3805,summer ,'sʌmə, n.夏 夏季 adj.夏季的 v.度过夏天
3806,sun ,sʌn, n.太阳 日 阳光 中心人物 像太阳般的东西 v.晒太阳
3807,Sunday ,'sʌndi, n.星期日 礼拜日 adj.星期日的
3808,sunlight ,'sʌnlait, n.日光 阳光
3809,sunny ,'sʌni, adj.阳光充足的 睛朗的 明媚的 快活的
3810,sunrise ,'sʌnraiz, n.日出(时分)
3811,sunset ,'sʌnset, n.日落(时分) 衰落时期(尤指人的晚年)
3812,sunshine ,'sʌnʃain, n.(直射)日光 阳光
3813,super ,'sju:pə, adj.极好的 超级的 n.主管人 负责人 警务长 adv.特别 格外
3814,superficial ,.su:pə'fiʃəl, adj.表面的 肤浅的
3815,superior ,su:'piəriə, adj.较高的 优越的 上层的 上好的 出众的 高傲的 n.上级 高手 上标
3816,supermarket ,'sju:pə.mɑ:kit, n.超级市场
3817,supper ,'sʌpə, n.晚饭 晚餐 晚餐会
3818,supplement ,"'sʌplimənt,'sʌpliment", n.补充物 补充 增刊 增补 vt.补充 增补
3819,supply ,sə'plai, n.补给 供给 供应 贮备 vt.补给 供给 提供 提供足够以满足
3820,support ,sə'pɔ:t, vt.支撑 支持 供养 帮助 n.支持 援助 供养
3821,suppose ,sə'pəuz, vt.猜想 假定 让 以为 认为 应该 获准(be suppose to) 让(虚拟语气) vi.推测
3822,supreme ,sju:'pri:m, adj.最高的 最大的 至上的 极度的
3823,sure ,ʃuə, adj.确信的 确实的 肯定的 adv.当然 确实地 无疑地
3824,surely ,'ʃuəli, adv.确实 稳当地 安全地
3825,surface ,'sə:fis, n.地面 表面 外表 平面 adj.表面的 肤浅的 vt.在...上加表层 使...成平面 vi.浮到水面 披露出来 在表面工作
3826,surgeon ,'sə:dʒən, n.外科医师 军医
3827,surgery ,'sə:dʒəri, n.外科 外科手术 诊所
3828,surname ,'sə:neim, n.姓 vt.冠姓
3829,surprise ,sə'praiz, vt.使惊奇 使诧异 奇袭 突然袭击 n.惊奇 诧异 惊讶 突然袭击
3830,surprising ,sə'praiziŋ, adj.惊人的 出人意外的 令人惊讶的 动词surprise的现在分词
3831,surprisingly ,sə'praiziŋli, adv.惊人地(意外地)
3832,surrender ,sə'rendə, v.交出 让与 投降 屈服 n.投降 屈服 放弃
3833,surround ,sə'raund, vt.围 围绕 圈住 包围 环绕 n.环绕物
3834,surroundings ,sə'raundiŋz, n.周围的事物 环境 名词surrounding的复数形式
3835,survey ,sə:'vei, vt.俯瞰 检查 调查 测量 勘定 纵览 环视 n.调查 纵览 视察 测量
3836,survive ,sə'vaiv, vt.幸免于 比...活得长 艰难度过 vi.活下来 活着 继续存在
3837,suspect ,səs'pekt, vt.怀疑 猜想 vi.疑心 猜想 n.嫌疑犯 adj.令人怀疑的 不可信的
3838,suspend ,səs'pend, vt.吊 推迟 悬挂 暂停 取消 vi.悬挂 中止 停止偿付债务
3839,suspicion ,səs'piʃən, n.怀疑 疑心 猜疑
3840,sustain ,səs'tein, vt.支撑 支持 供养 忍受 承受 经受 维持 认可
3841,swallow ,'swɔləu, n.燕子 吞咽 一次吞咽的量 vt.吞下 咽下 忍受 不流露感情 收回 vi.咽口水 忍气吞声 吞下 咽下
3842,swamp ,swɔmp, n.沼泽 沼泽地 湿地 v.淹没 陷于沼泽
3843,swan ,swɔn, n.天鹅 vi.闲荡 游荡
3844,swarm ,swɔ:m, n.一大群 蜂窝 vi.密集 云集 充满
3845,sway ,swei, vt. & vi.摇摆 摇动 支配 影响 n.摇摆 动摇 支配
3846,swear ,swɛə, vt.宣(誓) 发誓 vi.诅咒 n.宣誓 誓言
3847,sweat ,swet, n. 汗 汗水 (凝结在物体表面的)水珠 焦急 繁重工作 vi. 出汗 渗出 焦躁 辛苦工作 vt. (使)出汗 使渗出 榨取 逼问 使焦虑
3848,sweater ,'swetə, n.厚运动衫 毛线衫 毛衣 出汗者
3849,sweep ,swi:p, vt. 扫 扫过 扫除 拂去 刮起 掠过 席卷 扫视 全胜 vi. 打扫 席卷 昂首阔步地走 连绵 全胜n. 扫除 席卷 搜寻 挥动 范围 风帆 (竞赛中)全胜 连绵一片 赌金
3850,sweet ,swi:t, adj.甜的 愉快的 可爱的n.糖 甜食 adv.甜蜜地
3851,swell ,swel, vi. 膨胀 隆起 增长 vt. (使)膨胀 (使)鼓起 (使)增长 n. 膨胀 肿胀 增大 衣着时髦的人 风头人物 adj. <口> 很棒的 一流的 时髦的
3852,swift ,swift, adj.快的 反应快的 迅速的 n.雨燕 线轴 n.斯威夫特(人名) adv.快速地
3853,swim ,swim, vi.游 游泳 眼花 n.游泳
3854,swing ,swiŋ, vi.摇摆 回转 旋转 动摇 n.摇摆 改变 冲力
3855,Swiss ,swis, adj.瑞士的 n.瑞士人
3856,switch ,switʃ, n.开关 转换 鞭子 vt.转换 改变 交换 鞭打 n.(女用)假发
3857,sword ,sɔ:d, n.剑 刀
3858,symbol ,'simbəl, n.象征 符号 记号 标志
3859,sympathetic ,.simpə'θetik, adj.同情的 和谐的 共鸣的 n.交感神经
3860,sympathize ,'simpəθaiz, vi.同情 同感 共鸣
3861,sympathy ,'simpəθi, n.同情 同情心 一致 同感 赞同 慰问
3862,synthetic ,sin'θetik, adj.综合的 合成的 人造的 n.人工制品
3863,system ,'sistəm, n.系统 体系 制度
3864,systematic(al) ,.sisti'mætik(l), adj.有系统的 有条理的 有计划的 分类的 体系的
3865,table ,'teibl, n.桌子 台子 餐桌 表格 项目表 vt.将...放于桌上 提交讨论 搁置 列入表中 adj.桌子的
3866,tablet ,'tæblit, n.碑 匾 片状物 药片
3867,tag ,tæg, n.附加语 附属物 名称 谚语 标签 vt.附以签条 尾随 添饰 指责 连接 vi.紧随 尾随
3868,tail ,teil, n. 尾巴 尾部 后部 辫子 跟随者 (复)tails：燕尾服 (硬币的)反面vt. 跟踪 盯...的梢 为...装尾巴 vi. 尾随 附于其后 逐渐减少 n. 限嗣继承 adj. 限嗣继承的
3869,tailor ,'teilə, n.裁缝 vt.裁制衣服 剪裁 vi.做裁缝
3870,take ,teik, vt.拿 抓 吃 拿走 取 修(课程) 花费 记录 认为 搭乘 n.拿取 取得物
3871,tale ,teil, n.故事 传说 叙述 谎话 总计
3872,talent ,'tælənt, n.天才 才能 人才 天资
3873,talk ,tɔ:k, vi.讲话 说vt.谈论 商讨 n.谈话 会谈 讲话 讨论
3874,tall ,tɔ:l, adj.高的 身材高的 难以置信的 难以办成的 夸大的 adv.夸大地
3875,tame ,teim, adj.驯服的 顺从的 柔顺的 乏味的 vt.驯养 使...驯服 vi.变得驯服
3876,tan ,tæn, n.棕褐色 黝黑 adj.棕黄色的 棕褐色的 v.晒黑 鞣(革) 使晒成棕褐色
3877,tank ,tæŋk, n.坦克 大容器 槽 箱 罐 贮水池 vt.把...储于槽中
3878,tap ,tæp, n.龙头 塞子 窃听 轻拍 轻敲 鞋掌 vi.轻拍 轻击 补鞋掌 选择 vt.装龙头 窃听 利用 开发
3879,tape ,"teip, tep"," n.线带 磁带 录音带 磁带 胶布 v.(用带子)捆 录音 adj.录音的, 用来录音的"
3880,target ,'tɑ:git, n.靶 标的 目标 对象 vt.把...作为目标 瞄准
3881,task ,tɑ:sk, n.任务 工作 作业 vt.交给某人(任务)
3882,taste ,teist, vt.尝 尝到 品尝 尝试 有...味道的 n.味觉 味道 品味 尝试
3883,tax ,tæks, n.税 税款 负担 重负vt.课税 使...负重荷 斥责
3884,taxi ,'tæksi, n.出租汽车 v.用出租车运送 乘计程车 (飞机)滑行
3885,tea ,ti:, n.茶 茶叶 茶树 茶点
3886,teach ,ti:tʃ, vt.讲 教育 教 教书 教导 教训 vi.给予指导
3887,teacher ,'ti:tʃə, n.教师 老师 先生
3888,teaching ,'ti:tʃiŋ, n.教学 教义 讲授 教导 adj.教学的 动词teach的现在分词
3889,team ,ti:m, n.队 组 vt.协同工作 vi.结成一队 adj.团队的
3890,tear ,tiə, n.眼泪 泪珠 (撕破的)洞或裂缝 撕扯 vt.撕掉 撕开 撕裂 扯下 扰乱 vi.流泪 撕破
3891,technical ,'teknikəl, adj.技术的 工艺的
3892,technician ,tek'niʃən, n.技术员 技师
3893,technique ,tek'ni:k, n.技术 技巧 技能
3894,technology ,tek'nɔlədʒi, n.工艺学 工艺 技术
3895,tedious ,'ti:diəs, adj.冗长乏味的 单调乏味的 沉闷的
3896,teenager ,'ti:n.eidʒə, n.青少年 13岁到19岁的年轻人
3897,telegram ,'teligræm, n.电报 vt.向...发电报
3898,telegraph ,'teligrɑ:f, n.电报机 电报 vt.打电报 显示
3899,telephone ,'telifəun, n.电话 vi.打电话
3900,telescope ,'teliskəup, n.望远镜 v.缩短 压缩
3901,television ,'teliviʒən, n.电视 电视机 电视节目 电视行业
3902,tell ,tel, vt.讲述 吩咐 辨别 告诉 vi.讲述 告诉 产生效果 告发
3903,temper ,'tempə, n.调剂 韧度 回火度 心情 情绪 脾气 性情 vt.使缓和 调和 vt.使回火
3904,temperature ,'tempritʃə(r), n.温度 体温 气温 发烧
3905,temple ,'templ, n.圣堂 神殿 庙宇 寺院
3906,temporary ,'tempərəri, adj.暂时的 n.临时工
3907,tempt ,tempt, vt.引诱 诱惑 吸引 勾引
3908,temptation ,temp'teiʃən, n.诱惑 引诱
3909,ten ,ten, num.十 十个
3910,tenant ,'tenənt, n.承担人 房客 佃户 占用者 vt.租借 租赁
3911,tend ,tend, vt.照管 照料 护理 趋向 易于 走向 倾向
3912,tendency ,'tendənsi, n.趋向 趋势 倾向
3913,tender ,'tendə, adj. 嫩的 脆弱的 温柔的 亲切的 敏感的 未成熟的 痛的 (船)易倾斜的 v. 提供 投标 (使)变柔软 n. 提出 投标 支付 偿还 照管人 补给船 煤水车
3914,tennis ,'tenis, n.网球 网球运动
3915,tense ,tens, n.(动词)时态 时 adj.拉紧的 绷紧的 紧张的 v.使紧绷 拉紧
3916,tent ,tent, n.帐篷 v.住帐篷 宿营
3917,tenth ,tenθ, num.第十 十分之一 n.第十 十分之一
3918,term ,tə:m, n.期 学期 条件 词 术语 名词 期限 条款 vt.把...称为
3919,terminal ,'tə:minl, adj.末端的 终点的 晚期的 (每)学期的 n.末端 终端机 终点 终点站
3920,terrible ,'terəbl, adj.可怕的 极度的 糟糕的
3921,terrific ,tə'rifik, adj.可怕的 极大的 极好的 非常的
3922,territory ,'teritəri, n.领土 版图 领域 范围
3923,terror ,'terə, n.恐怖 惊骇 <口>令人惧怕或讨厌的人或事物
3924,test ,test, n.测试 试验 考验 vt.测试 试验 接受测验 adj.测试的
3925,text ,tekst, n.原文 本文 课文 正文 v.发短信
3926,textbook ,'tekstbuk, n.课本 教科书
3927,textile ,'tekstail, n.纺织品 adj.纺织的
3928,than ,ðæn, conj.(比较级)比 prep.比(用于两者之间的比较)
3929,thank ,θæŋk, vt.谢谢 感谢 n.感谢 谢意
3930,that ,ðæt, adj.如此的 上文提到的 特定的 pron.那 adv.那样 非常 conj.引导从句
3931,the ,"ði:, ði", art.(定冠词)这 那 这些 那些 adv.(用于比较级前)更加 (用于形容词、副词比较级前)越...越...
3932,theatre ,'θiətə, n.戏院 戏剧 教室 =theater
3933,their ,ðɛə, pron.他(她、它)们的 adj.他们的 她们的 它们的
3934,theirs ,ðɛəz, pron.他(她)们的东西
3935,them ,θem, pron.(宾格)他(她、它)们
3936,themselves ,ðəm'selvz, pron.他(她、它)们自己
3937,then ,ðen, adv.当时 然后 那么 而且 adj.当时的 n.当时
3938,theoretical ,θiə'retikəl, adj.理论(上)的
3939,theory ,'θiəri, n.理论 原理 学说 意见
3940,there ,"ðɛə, ðə", adv.在那里 在那点上 从那里 到那里 n.那一点 那个地方 pron.表示存在(与be连用)
3941,thereby ,'ðɛə'bai, adv.因此 从而 由此
3942,therefore ,'ðɛəfɔ:, adv.因此 所以
3943,thermometer ,θə'mɔmitə, n.温度计 寒暑表
3944,these ,ði:z, adj. & pron.这些
3945,they ,ðei, pron.(主格)他(她)们
3946,thick ,θik, adj.厚的 粗的 密的 浓 adv.厚 浓 密 n.密集处 最厚处
3947,thickness ,'θiknis, n.厚(度) 密(度) 一层 含混不清
3948,thief ,θi:f, n.窃贼 偷窃犯 小偷
3949,thin ,θin, adj.薄的 淡的 稀的 vi.变薄 变瘦 adv.薄薄地 稀疏地
3950,thing ,θiŋ, n.物 用品 事 情况 (复)things：所有物 财产 用品
3951,think ,θiŋk, vt.想 想要 认为 考虑 记起 n.想
3952,third ,θə:d, num.第三 三分之一 adj.第三的 三分之一的
3953,thirdly ,'θə:dli, adv.第三
3954,thirst ,θə:st, n.渴 口渴 渴望 vi.(for)渴望 渴求
3955,thirsty ,'θə:sti, adj.口渴的 渴望的
3956,thirteen ,'θə:ti:n, num.十三 十三个
3957,thirty ,'θə:ti, num.三十 三十个
3958,this ,ðis, adj.这 今 pron.这 这个 adv.这么 这样
3959,thorn ,θɔ:n, n.刺 棘 荆棘 蒺藜
3960,thorough ,'θʌrə, adj.彻底的 详尽的 完全的 精心的
3961,those ,ðəuz, pron.那些 adj.那些
3962,though ,ðəu, conj.虽然 尽管 adv.可是 然而 不过
3963,thought ,θɔ:t, n.思想 思维 想法 观念 意向 动词think的过去式和过去分词
3964,thoughtful ,'θɔ:tfəl, adj.沉思的 体贴的
3965,thousand ,'θauzənd, num.千 千个 n.无数 千 (复)thousands：成千上万 许许多多
3966,thread ,θred, n.线 细丝 螺纹 头绪 线索 思路 vt.穿线于 穿过 遍布 vi.小心地通过 蜿蜒前进 滴下成丝状
3967,threat ,θret, n.威胁 恐吓 凶兆 vt.威胁 恐吓
3968,threaten ,'θretn, vt. & vi.威胁 恐吓
3969,three ,θri:, num.三 三个 pron. & adj.三(个 只...)
3970,thrill ,θril, n.一阵激动 震颤 激动 v.(使)震颤 兴奋 激动
3971,thrive ,θraiv, vi.兴旺 繁荣 旺盛 茁壮成长
3972,throat ,θrəut, n.咽喉 喉咙 嗓音 vt.低语 压着嗓子说(唱)
3973,throne ,θrəun, n.宝座 御座 王位 君主
3974,throng ,θrɔ:ŋ, n.群 人群 群众 一大群 大量 vt.挤满 群集 挤压 adj.拥挤的 忙的
3975,through ,θru:, prep.经过 穿过 凭借 adv.从头到尾 穿越 完全 adj.完成的 完结的 贯穿的 直通的
3976,throughout ,θru:'aut, prep.遍及 贯穿 adv.到处 自始至终
3977,throw ,θrəu, vt.投 掷 抛 扔 n.投掷 抛
3978,thrust ,θrʌst, vt.插 刺 推挤 n.插 讽刺 推力 刺 力推
3979,thumb ,θʌm, n.(大)拇指 v.翻阅 示意要求搭车
3980,thunder ,'θʌndə, n.雷 雷声 vi.打雷 轰隆地响 vt.吼出 大声喊出
3981,Thursday ,'θə:zdi, n.星期四
3982,thus ,ðʌs, adv.如此 这样 因而 因此 从而
3983,tick ,tik, n.滴答声 记号 勾号 虱类 扁虱 被套 枕套 褥套 条纹厚棉布 <英>赊账 赊欠vt.给...标记号vi.滴答作响 运作
3984,ticket ,'tikit, n.票 券 标签 罚款单 纲领 传票 vt.加标签于 售票
3985,tide ,taid, n.潮 潮汐 潮流 潮水 趋势
3986,tidy ,'taidi," adj.整洁的 整齐的 <口>相当大的 vt.使整洁 整理 vi.整理 收拾 n.(沙发,椅子等的)背罩 装杂物的容器"
3987,tie ,tai, n.领带 结 束缚 不分胜负 联系 vt.系 约束 捆绑 vi.打结 连结
3988,tiger ,'taigə, n.老虎 凶残之人
3989,tight ,tait, adj.紧的 紧身的 严厉的 密集的 拮据的 adv.紧紧地 牢固地 迅速地
3990,till ,til, prep. & conj.直到...为止 vt.耕作 n.放钱的抽屉 冰碛
3991,timber ,'timbə, n.木材 木料
3992,time ,taim, n.时间 时机 次数 回 倍 vt.为...安排时间 计时 定时 乘 v. [计算机]DOS命令 显示并允许改变系统时间 adj.根据时间的 时间上的
3993,timetable ,'taim.teibl, n.时间表 时刻表 课程表
3994,timid ,'timid, adj.胆怯的 羞怯的
3995,tin ,tin, n.锡 罐头 听头 adj.锡制的 vt.镀锡于
3996,tiny ,'taini, adj.微小的 极小的
3997,tip ,tip, n.梢 末端 尖 尖端 小费 提示 轻击 翻倒 倾斜 vi.给小费 装顶端 去掉...的顶部 倾斜 翻倒 vt.轻击
3998,tire ,'taiə, vi.疲劳 累 厌倦 vt.使疲倦 厌烦n.轮胎 金属圈
3999,tired ,'taiəd, adj.疲劳的 疲倦的 累的 厌倦的 装备以轮胎的 动词tire的过去式和过去分词形式
4000,tissue ,'tiʃu:, n.薄绢 薄纸 (生物的)组织 织物 纸巾
4001,title ,'taitl, n.标题 题目 称号 头衔 称号 vt.予称号 加标题于 adj.标题的
4002,to ,tu:, prep.(表示方向)到 向 达到 (表示间接关系)给 离 对于 为了 adv.(表示方向)去 (门)关上
4003,toast ,təust, n.烤面包 吐司 祝酒 祝酒词 被祝酒的人 vt.烘 烤 vi. (为 ... )祝酒
4004,tobacco ,tə'bækəu, n.烟草 烟叶
4005,today ,tə'dei, adv.在今天 现在 当今 n.今天 当今 adj.现在的
4006,toe ,təu, n.脚趾 足尖 vt.趾触 趾踢 vi.踮着脚尖走
4007,together ,tə'geðə, adv.共同 一起 adj.妥当的 镇定的
4008,toilet ,'tɔilit, n.厕所 盥洗室 浴室 梳洗打扮 礼服 创口洗涤 v.打扮 使用厕所
4009,tolerance ,'tɔlərəns, n.忍受 容忍 忍耐力 宽容 公差
4010,tolerate ,'tɔləreit, vt.忍受 容忍 宽恕
4011,tomato ,"tə'mɑ:təu, tə'meitəu", n.番茄 西红柿
4012,tomb ,tu:m, n.坟 冢 vt.埋葬
4013,tomorrow ,tə'mɔrəu, adv.在明天 n.明天 将来
4014,ton ,tʌn, n.吨 大量
4015,tone ,təun, n. 音 腔调 声调 音调 语气 品质 色调 vt. 使更健壮 装腔作势地说 定调 调色 vi.调和(颜色) 呈现悦目色调
4016,tongue ,tʌŋ, n.舌 舌头 舌状物 语言 口才 v.舔 用舌吹奏管乐器 发音
4017,tonight ,tə'nait, adv.在今夜 n.今夜
4018,too ,tu:, adv.也 还 太 过分 很
4019,tool ,tu:l, n.工具 器具 用具 手段 被利用者 印压的图案 vt.用工具加工 vi.使用工具
4020,tooth ,tu:θ, n.牙齿 齿状物 粗糙表面 嗜好 (复)teeth [ti:θ]：有效手段
4021,top ,tɔp, n.顶 顶部 首位 adj.顶的 最高的 顶端的 v.高过 加顶 高耸
4022,topic ,'tɔpik, n.题目 论题 话题
4023,torch ,tɔ:tʃ, n.火炬 火把 手电筒 纵火犯 v.用火炬点燃
4024,torrent ,'tɔrənt, n.奔流 激流 洪流 山洪adj.奔流的 汹涌的
4025,tortoise ,'tɔ:təs, n.龟 乌龟
4026,torture ,'tɔ:tʃə, n.拷问 折磨 痛苦 vt.拷打 拷问 使痛苦 曲解
4027,toss ,tɔs, vt. & vi.扔 抛 掷 投掷 摇荡 辗转 n.投掷 震荡
4028,total ,'təutl, adj.总的 全体的 完全的 vi.合计 总共 n.总数 合计
4029,touch ,tʌtʃ, vt.触摸 触动 吃 喝 触及 感动 vi.接触 联系 n.触 触觉 接触 少许 痕迹 修饰
4030,tough ,tʌf, adj.坚韧的 健壮的 强硬的 艰苦的 棘手的 严厉的 adv.以强硬的态度 n.暴徒 恶棍
4031,tour ,tuə, n. & vi.旅行 游历 旅游 周游 观光 巡回
4032,tourist ,'tuərist, n.旅游者 观光者
4033,toward ,tə'wɔ:d, prep.向 对于 接近 关于 将近 朝 adj.有希望的 有利的 逼近的
4034,towards ,tə'wɔ:dz, prep.向 朝 关于 adj.在即的 有希望的 = toward
4035,towel ,"'tauəl, taul", n.毛巾 手巾 v.用毛巾擦
4036,tower ,'tauə, n.塔 高楼 vi.屹立 高耸
4037,town ,taun, n.镇 市镇 城镇 城市
4038,toy ,tɔi, n.玩具 玩物 adj.供玩耍的 玩具的 v.玩弄
4039,trace ,treis, n.痕迹 踪迹 微量 丝毫 vt.跟踪 追踪 找出根源 描绘 vi.追踪
4040,track ,træk, n.行踪 踪迹 路径 轨道 小路 跑道 惯例 
4041,tractor ,'træktə, n.拖拉机 牵引车 螺旋桨飞机
4042,trade ,treid, n.贸易 交易 买卖 职业 vi.交易 进行交易 做买卖 交换 adj.贸易的 商业的
4043,tradition ,trə'diʃən, n.传统 惯例
4044,traditional ,trə'diʃənəl, adj.传统的 惯例的
4045,traffic ,'træfik, n.交通 通行 (人或车等)交通流量 不正当生意(走私) v.做生意(多指违法的) 游览
4046,tragedy ,'trædʒidi, n.悲剧 惨事 惨案 灾难
4047,trail ,treil, n.痕迹 踪迹 小径 尾 vt.跟踪 追踪 拖拽 vi.拖 尾随 追踪 落后于
4048,train ,trein, vt.培养 训练 培训 n.列车 火车 队列 行列 一系列
4049,training ,'treiniŋ, n.训练 锻炼 培养 动词train的现在分词和动名词形式
4050,traitor ,'treitə, n.叛徒 卖国贼 出卖朋友者
4051,tram ,træm, n.(有轨)电车 矿车 煤车 缆车 (复数)trams：有轨电车轨道 vt.用缆车 电车等运输
4052,tramp ,træmp, n.流浪者 游民 重步声 v.践踏 重步行走
4053,transfer ,træns'fə:, vt. & vi.转移 调动 调转 调任 n.迁移 移动 换车
4054,transform ,træns'fɔ:m, vt.改变 改造 变换 转换 变形 vi.改变 n.变形
4055,transformation ,.trænsfə'meiʃən, n.变化 改造 转变 转型 转化
4056,transformer ,træns'fɔ:mə, n.变压器 转换器
4057,transistor ,træn'zistə, n.晶体管 晶体管收音机
4058,translate ,træns'leit, vt. & vi.翻译 译 解释 转移 调动
4059,translation ,træns'leiʃən, n.翻译 译文 译本 RNA的转录 平移
4060,transmission ,træns'miʃən, n.传送 传动 发射 播送 变速器 传递的信息
4061,transmit ,trænz'mit, vt.传送 传达 发射 传输 代代相传 vi.(以无线电或有线电的方式)发送信号
4062,transparent ,træns'perənt, adj.透明的 易识破的 明显的 清晰的
4063,transport ,træns'pɔ:t, vt.运输 流放 为强烈的情绪所激动 n.运输、运输工具 (常用复数)强烈的情绪(狂喜或狂怒)
4064,transportation ,.trænspə'teiʃən, n.运输 运送 客运 运输系统 运输工具
4065,trap ,træp, n.陷阱 诡计 圈套 困境 双轮轻便马车 vt.诱骗 设圈套 陷入(困境)
4066,travel ,'trævl, vt. & vi. & n.旅行 传播 移动
4067,tray ,trei, n.(浅)盘 托盘 碟
4068,treason ,'tri:zn, n.谋反 通敌 叛国罪 叛逆 背叛
4069,treasure ,'treʒə, n.财富 珍宝 vt.珍视
4070,treat ,tri:t, vt.对待 处理 治疗 请客 视为 n.款待 宴飨
4071,treatment ,'tri:tmənt, n.待遇 对待 处理 治疗 疗法
4072,treaty ,'tri:ti, n.条约 协议 协定
4073,tree ,tri:, n.树 树状物 vt.把…赶上树 使…走投无路
4074,tremble ,'trembl, vi.发抖 哆嗦 摇动 战悚 忧虑 微动 n.战悚 颤抖
4075,tremendous ,tri'mendəs, adj.极大的 非常的 巨大的 惊人的
4076,trend ,trend, vi.伸向 倾向 转向 n.趋势 倾向 方位
4077,trial ,'traiəl, n.试 试验 试用 审判 讯问 审讯 尝试 努力 讨厌的事 人 adj.尝试性的 审讯的
4078,triangle ,'traiæŋgl, n.三角(形)
4079,tribe ,traib, n.部落 宗族 种族 一伙人
4080,trick ,trik, n.诡计 欺诈 把戏 诀窍 vt.哄骗 戏弄 欺骗 adj.有诡计的 有阴谋的
4081,trifle ,'traifl, n.小事 琐事 少许 少量 v.浪费 玩忽
4082,trim ,trim, adj.整齐的 匀称的 vt.使整齐 使整洁 修除 削剪 装备 痛打 击败 n.整齐 装饰 修剪下来的部分
4083,trip ,trip, vi. 绊 绊倒 失足 轻快地走 失误 结巴 旅行 vt. 绊倒 使跌倒 使犯错 使失败 起锚 竖帆 n. 旅行 摔倒 差错 轻快的步伐
4084,triumph ,'traiəmf, n.凯旋 胜利 欢欣 vi.成功 得胜 庆功
4085,troop ,tru:p, n.军队 一群 组 大量 vi.群集 结队 成群前行
4086,tropical ,'trɔpikəl, adj.热带的 炎热的 热带植物的
4087,trouble ,'trʌbl, n.烦恼 困难 烦恼 vi.烦恼 麻烦 苦恼 费神
4088,troublesome ,'trʌblsəm, adj.令人烦恼的 麻烦的 讨厌的 困难的 棘手的
4089,trousers ,'trauzəz, n.裤子 长裤
4090,truck ,trʌk, n.卡车 载重汽车 对...进行交易 来往 实物工资 v.以货易货 交往 以卡车运输
4091,true ,tru:, adj.真的 真实的 忠实的 adv.真实地 n.真相 精确 vt.使...平衡
4092,truly ,'tru:li, adv.真正地 忠实地 真实地 真诚地 正确地
4093,trumpet ,'trʌmpit, n.喇叭 小号 喇叭声 喇叭手 vt.宣扬 鼓吹 吹嘘 vi.吹喇叭 发出喇叭似的声音
4094,trunk ,trʌŋk, n.树干 大衣箱 皮箱 躯干 干线 象鼻 (汽车后部)行李箱 (复)trunks：男用运动裤
4095,trust ,trʌst, n.信任 信托 vt.相信 委托 vi.信任
4096,truth ,tru:θ, n.真理 真实 真实性 真像 事实
4097,try ,trai, vt.试 尝试 试验 审问 审判 考验 vi.尝试 试验 n.尝试 试验
4098,tub ,tʌb, n.桶 盆 浴缸 浴盆 v.装入桶 洗澡
4099,tube ,'tju:b, n.管 管状物 电子管 显像管 电视 地铁 气管
4100,tuck ,tʌk, vt.折短 卷起 塞 打摺 挤进 畅饮 vi.缝褶裥 缩拢 畅饮 n.缝摺 船尾突出部下方 食品 鼓声
4101,Tuesday ,'tju:zdi, n.星期二
4102,tuition ,tju:'iʃən, n.教 教诲 教学 学费
4103,tumble ,'tʌmbl, vi.摔倒 跌倒 打滚 下跌 倒塌 翻跟斗 偶然发现 理解 vt.使摔倒 使混乱 翻滚 n.跌倒 混乱
4104,tune ,tju:n, n.调子 和谐 曲调 协调 调整 vt.调整 为...调音 vi.和谐 调音
4105,tunnel ,'tʌnl, n.隧道 坑道 地道 v.挖隧道 挖地道
4106,turbine ,'tə:bin, n.叶轮机 汽轮机 涡轮
4107,turbulent ,'tə:bjulənt, adj.骚动的 骚乱的 狂暴的 动荡的 汹涌的
4108,turkey ,'tə:ki, n.火鸡 火鸡肉 笨蛋 失败之作Turkey：土耳其
4109,turn ,tə:n, vt.转 翻 vi.转动 旋转 转向 轮流 翻转 n.转动 轮流
4110,turning ,'tə:niŋ, n.旋转 回转 转向 变向 转弯处
4111,turnip ,'tə:nip, n.萝卜 芜菁 大头菜 <俚>大怀表
4112,tutor ,'tju:tə, n.家庭教师 导师 v.当家庭教师 当导师 指导
4113,twelfth ,twelfθ, num.第十二 adj.第十二的 十二分之一的 n.第十二 十二日 第十二音
4114,twelve ,twelv, num.十二 十二个
4115,twentieth ,'twentiiθ, num.第二十 n.二十分之一adj.第二十的
4116,twenty ,'twenti, num.二十 二十个
4117,twice ,twais, adv.两次 两倍
4118,twin ,twin, adj.孪生的 n.孪生儿 双胞胎之一
4119,twinkle ,'twiŋkl, vi.闪烁 闪耀 使...闪耀 眨眼 迅速移动 n.闪烁 闪耀 眨眼 瞬息
4120,twist ,twist, vt. & vi.拧 捻 搓 扭曲 弯曲 n.扭曲 弯曲 盘旋 捻 拧
4121,two ,tu:, num.二 两个
4122,type ,taip, n.型 类型 种类 典型 铅字 vi.打字
4123,typewriter ,'taip.raitə, n.打字机 打字员
4124,typhoon ,tai'fu:n, n.台风
4125,typical ,'tipikəl, adj.典型的 代表性的 特有的 独特的
4126,typist ,'taipist, n.打字员
4127,tyre ,taiə, n.轮胎 车胎 =tire(美) Tyre：提尔(古代腓尼基的有名港口 现属黎巴嫩)
4128,ugly ,'ʌgli, adj.丑陋的 难看的 可怕的
4129,ultimate ,'ʌltimit, adj.最后的 最终的 终极的 根本的 极限的 n.终极 根本 精华
4130,ultimately ,'ʌltimitli, adv.最终 最后
4131,umbrella ,ʌm'brelə, n.伞 雨伞 adj.像伞状分布的 vt.(用伞)遮住
4132,unable ,ʌn'eibl, adj.不能的 不会的
4133,unbearable ,'ʌn'bɛərəbl, adj.难堪的 忍受不了的
4134,uncertain ,ʌn'sə:tn, adj.无常的 不确定的
4135,uncle ,'ʌŋkl, n.伯父 叔父 舅父 姨父 姑父 伯 舅 叔
4136,uncomfortable ,ʌn'kʌmftəbl, adj.不舒服的 不自在的
4137,unconscious ,ʌn'kɔnʃəs, adj.不省人事的 失去知觉的
4138,uncover ,ʌn'kʌvə, vt.揭开(...的盖子) 揭露
4139,under ,'ʌndə, prep.在...下面 低于 在...内 在...控制下 adv.在...下 在昏迷中 adj.下面的 从属的 少于的
4140,undergo ,.ʌndə'gəu, vt.经历 经受 忍受 遭受
4141,undergraduate ,.ʌndə'grædər'grædʒuət, n.大学肆业生 大学生 adj.大学生的 大学的
4142,underground ,'ʌndəgraund, adj.地下的 秘密的 adv.在地下 秘密地 n.地下 地铁 地道 秘密活动
4143,underline ,.ʌndə'lain, vt.划线于...之下 在...下面划线
4144,underneath ,.ʌndə'ni:θ, adv.在下面 在底下 n.下部 底部 prep.在...下面
4145,understand ,.ʌndə'stænd, vt.获悉 理解 听说 将...理解为 认为 vi.懂得 理解 获悉
4146,understanding ,.ʌndə'stændiŋ, n.理解 理解力 协定 了解 个人见解 非正式协议 谅解 同情心 洞察力 adj.有同情心的
4147,undertake ,.ʌndə'teik, vt.从事 承担 保证 答应
4148,undertaking ,.ʌndə'teikiŋ, n.任务 事业 企业 保证 许诺
4149,undo ,'ʌn'du:, vt.解开 打开 松开 取消
4150,undoubtedly ,ʌn'dautidli, adv.无容置疑 肯定地
4151,uneasy ,ʌn'i:zi, adj.心神不安的 忧虑的 不自在的 不稳定的 不舒服的
4152,unexpected ,'ʌnik'spektid, adj.想不到的 意外的
4153,unfair ,ʌn'fɛə, adj.不公平的 不公正的 (商业上)不正当的
4154,unfortunate ,ʌn'fɔ:tʃənit, adj.不幸的 可取的 令人遗憾的 不成功的 n.不幸的人
4155,unfortunately ,ʌn'fɔ:tʃənitli, adv.不幸地
4156,unhappy ,ʌn'hæpi, adj.不幸福的 不快乐的
4157,uniform ,'ju:nifɔ:m, adj.一样的 一致的 统一的 n.制服 vt.穿制服 使统一
4158,union ,'ju:njən, n.联合 团结 协会 结合 政党 工会 连接轴 adj.联邦政府的 工会的
4159,unique ,ju:'ni:k, adj.唯一的 独一无二的 独特的 稀罕的
4160,unit ,'ju:nit, n.单位 单元 部件 组件
4161,unite ,ju(:)'nait, vi.联合 合并 统一 团结 vt.使联合
4162,unity ,'ju:niti, n.单一 统一 团结 个体 一致 结合
4163,universal ,.ju:ni'və:səl, adj.宇宙的 普遍的 通用的 全体的 全世界的 n.通用
4164,universe ,'ju:nivə:s, n.宇宙 世界 万物
4165,university ,.ju:ni'və:siti, n.大学 综合性大学
4166,unjust ,'ʌn'dʒʌst, adj.非正义的 不公平的
4167,unkind ,ʌn'kaind, adj.不仁慈的 不和善的 无情的 不厚道的
4168,unknown ,'ʌn'nəun, adj.不知道的 未知的 不出名的
4169,unless ,ən'les, conj.除非 如果不 prep.除...外
4170,unlike ,'ʌn'laik, adj.不同的 不相似的 prep.不象... 和...不同
4171,unlikely ,ʌn'laikli, adj.未必的 未必可能的
4172,unload ,'ʌn'ləud, vt.卸(货) 卸下 摆脱...之负担 (大量)倾销 vi.卸货 摆脱负担 退出(弹药 胶片等)
4173,unlucky ,ʌn'lʌki, adj.不幸的 不吉的 倒霉的
4174,unnecessary ,ʌn'nesisəri, adj.不必要的 多余的
4175,unpleasant ,ʌn'pleznt, adj.令人不快的 讨厌的
4176,unsatisfactory ,'ʌn.sætisfæktəri, adj.不能令人满意的
4177,unstable ,'ʌn'steibl, adj.不稳固的 不稳定的 易变的
4178,unsuitable ,'ʌn'sju:təbl, adj.不合适的 不适宜的
4179,until ,ən'til, prep. & conj.直到...为止
4180,unusual ,ʌn'ju:ʒuəl, adj.不平常的 独特的 异常的
4181,unusually ,ʌn'ju:ʒuəli, adj.不平常地 非常 异乎寻常地 显著地
4182,unwilling ,'ʌn'wiliŋ, adj.不愿意的
4183,up ,ʌp, adv.向上 起床 起来 往上 上升 prep.向上 adj.向上的 上行的 n.上升 v.上升 增加
4184,upon ,ə'pɔn, prep.在...上 在...旁
4185,upper ,'ʌpə, adj.上面的 地位较高的 上部的 较高的 n.鞋帮 上铺 n.兴奋剂 令人兴奋的经历
4186,upright ,'ʌp'rait, adj.垂直的 正直的 诚实的 合乎正道的
4187,upset ,ʌp'set, vt.弄翻 打翻 倾覆 推翻 扰乱 使心烦 adj.心烦的 苦恼的 不安的 n.推翻 混乱
4188,upside-down ,'ʌpsaid'daun, adj.颠倒的 乱七八糟的
4189,upstairs ,'ʌp'stɛəz, adv.在楼上 往楼上 高水平地 上层地 头脑上地 adj.楼上的 n.楼上
4190,up-to-date ,'ʌptə'deit, adj.直到最近的 现代的 最新的
4191,upward ,'ʌpwəd, adj.向上的 上升的 adv.向上 上升
4192,upwards ,'ʌpwədz, adv.趋向上升 以上 往上 向上地
4193,urge ,ə:dʒ, vt.推进 催促 驱策 鼓励 力陈 催促 vi.极力主张 n.冲动
4194,urgent ,'ə:dʒənt, adj.紧急的 强求的 坚持要求的 急迫的
4195,us ,ʌs, pron.( we的宾格)我们
4196,usage ,'ju:sidʒ, n.使用 用法 对待 惯用法 习惯
4197,use ,ju:s, vt.用 使用 利用 耗费 对待 v.<口>吸(烟) 服用(毒品) n.用 运用 用法 使用权 价值
4198,used ,ju:st, vi.过去常常 adj.使用过的 二手的 习惯的 动词use的过去式和过去分词
4199,useful ,'ju:sfəl, adj.有用的 有益的 实用的
4200,useless ,'ju:slis, adj.无用的 无价值的 无效的
4201,user ,'ju:zə, n.用户 使用者
4202,usual ,'ju:ʒuəl, adj.通常的 平常的 惯常的 惯例的
4203,usually ,'ju:ʒuəli, adv.通常
4204,utility ,ju:'tiliti, n.效用 实用 实用品 公共设施 公用程序 adj.多效用的 多功能的
4205,utilize ,'ju:tilaiz, vt.利用
4206,utmost ,'ʌtməust, adj.最远的 极度的 n.极限 最大可能
4207,utter ,'ʌtə, adj.完全的 彻底的 全然的 绝对 vt.发出 作声 发表 说 讲 
4208,vacant ,'veikənt, adj.空的 空虚的 木然的 未被占用的
4209,vacation ,vei'keiʃən, n.假期 休假 腾出 vi.度假
4210,vacuum ,'vækjuəm, n.真空 空间 真空吸尘器 adj.真空的 产生(利用)真空的 v.用吸尘器打扫
4211,vague ,veig, adj.模糊的 含糊的 不明确的 犹豫不决的 茫然的
4212,vain ,vein, adj.徒劳的 无效的 自负的 虚荣的
4213,valid ,'vælid, adj.有效的 有根据的 正当的 合法的
4214,valley ,'væli, n.(山)谷 溪谷 流域 adj.流域 山谷 峡谷
4215,valuable ,'væljuəbl, adj.值钱的 有价值的 n.(pl.)贵重物品
4216,value ,'vælju:, n.价值 重要性 价格 (pl)价值观 vt.评价 估价 重视
4217,van ,væn, n.大篷车 运货车 面包车 vt.(用货车)运 n.前卫 前锋 n.翼
4218,vanish ,'væniʃ, vi.突然不见 消失 绝迹 vt.消失
4219,vanity ,'væniti, n.虚荣心 虚夸 浮华 无价值的东西 adj.虚荣心的
4220,vapour ,'veipə, n.汽 蒸气 雾气 v.蒸发 吹嘘 =vapor(英)
4221,variable ,'vɛəriəbl, adj.易变的 可变的 n.变量 易变的东西
4222,variation ,.vɛəri'eiʃən, n.变化 变动 变异 变种 变奏曲
4223,variety ,və'raiəti, n.多样化 种类 变种 杂耍
4224,various ,'vɛəriəs, adj.各种各样的 不同的
4225,vary ,'vɛəri, vt.改变 变化 使多样化
4226,vase ,veis, n.瓶 花瓶
4227,vast ,vɑ:st, adj.巨大的 大量的 广阔的 n.浩瀚的太空
4228,vegetable ,'vedʒitəbl, n.植物 蔬菜 植物人adj.蔬菜的 植物的
4229,vehicle ,'vi:ikl, n.车辆 机动车 交通工具 手段 工具 传播媒介
4230,veil ,veil, n.面纱 面罩 遮蔽物 掩饰物 修女 vt.给...戴面纱或面罩 vi.带面纱或面罩
4231,velocity ,vi'lɔsiti, n.速度 速率 迅速
4232,velvet ,'velvit, n.丝绒 天鹅绒 adj.天鹅绒的
4233,venture ,'ventʃə, n. & vi.冒险 风险 投机 vt.敢于 尝试 谨慎地做 冒险一试
4234,verb ,və:b, n.动词
4235,verify ,'verifai, vt.证实 查证 证明 核实
4236,version ,'və:ʃən, n.译文 说法 改写本 版本 译本 形式
4237,vertical ,'və:tikəl, a.垂直的 竖式的 顶点的 纵向的 n.垂直物 垂直的位置
4238,very ,'veri, adv.很 完全 真正地 adj.真的 真正的 同一的 仅仅的 恰好的
4239,vessel ,'vesl, n.容器 器皿 船 飞船 管 脉管 血管 [植]导管
4240,vest ,vest, n.汗衫 背心 马甲 内衣 vt.授予 给予 使穿衣 vi.(权力、财产等)归于 穿衣服
4241,veteran ,'vetərən, n.老兵 老手 adj.老练的
4242,vex ,veks, vt.使烦恼 使恼火 恼怒
4243,via ,'vaiə, prep.经过 通过
4244,vibrate ,'vaibreit, vt.使颤动 (使)振动 (使)摇摆vi.颤动 回响
4245,vibration ,vai'breiʃən, n.颤动 振动 摆动
4246,vice ,vais, n.罪恶 恶习 缺点 邪恶 老虎钳 adj.副的 代理的 prep.代替
4247,victim ,'viktim, n.牺牲者 受害者 牺牲
4248,victorious ,vik'tɔ:riəs, adj.胜利的 得胜的
4249,victory ,'viktəri, n.胜利 战胜 成功
4250,video ,'vidiəu, adj.电视的 视频的 录像的n.电视 视频 录像
4251,view ,vju:, n.看 视力 风景 视野 见解 方法 检查
4252,viewpoint ,'vju:pɔint, n.观点 看法 见解
4253,vigorous ,'vigərəs, adj.朝气蓬勃的 精力充沛的 元气旺盛的 有力的
4254,village ,'vilidʒ, n.乡村 村庄
4255,vine ,vain, n.葡萄树 攀爬植物 藤 蔓
4256,vinegar ,'vinigə, n.醋
4257,violence ,'vaiələns, n.猛烈 激烈 暴力 强暴 暴行
4258,violent ,'vaiələnt, adj.猛烈的 狂暴的 暴力的 极端的
4259,violet ,'vaiəlit, n.紫罗兰 紫色 adj.紫色的
4260,violin ,.vaiə'lin, n.小提琴
4261,virtually ,'və:tʃuəli, ad.v实际上 事实上 几乎
4262,virtue ,'və:tju:, n.善 美德 优点 德行 贞操
4263,visible ,'vizəbl, adj.可见的 看得见的 n.可见物
4264,vision ,'viʒən, n.视力 视觉 眼力 想象力 梦幻 幻觉 vt.幻想 设想
4265,visit ,'vizit, vt. & n.访问 参观 拜访 探访
4266,visitor ,'vizitə, n.访问者 游客 参观者
4267,visual ,'vizjuəl," adj.看的 看得见的, 视觉的 n.画面 图象"
4268,vital ,'vaitl, adj.生命的 有生命力的 至关重要的 生死攸关的 有活力的
4269,vitamin ,'vaitəmin, n.维生素 维他命
4270,vivid ,'vivid, adj.鲜艳的 生动的 栩栩如生的
4271,vocabulary ,və'kæbjuləri, n.词汇表 词汇 语汇 词汇量
4272,voice ,vɔis, n.说话声 声音 嗓音 意见 [语]语态 意见 发言权 vt.表达 发音 调整声音
4273,volcano ,vɔl'keinəu, n.火山
4274,volleyball ,'vɔlibɔ:l, n.排球 排球运动
4275,volt ,vəult, n.(电压单位)伏特 伏 voltage ['vəultidʒ] n.电压
4276,volume ,'vɔljum, n.卷 册 容积 体积 音量
4277,voluntary ,'vɔləntəri, adj.自愿的 志愿的 n.(教堂礼拜仪式前后或进行期间的)乐器独奏
4278,vote ,vəʊt, n.选举 投票 表决 投票结果 选举权 v.投票 选举 表决
4279,voyage ,'vɔiidʒ, n. & vi.航海 航空 航行 旅行 旅程
4280,wage ,weidʒ, n.工资 报酬 vt.从事 开展 进行(战争、运动)
4281,waggon ,'wægən, n.四轮运货马车 敞篷货车 =wagon(美)
4282,waist ,weist, n.腰 腰部
4283,wait ,weit, vi.等 等候 n.等待 等候 公共乐队队员 沿街唱圣诗的人们
4284,waiter ,'weitə, n.侍者 (男)服务员 托盘
4285,wake ,weik, vi.醒 醒来 vt.唤醒 n.清醒 守夜
4286,waken ,'weikən, vi.醒来 vt.弄醒 动词wake的过去分词
4287,walk ,wɔ:k, vi.步行 散步 走 vt.陪...走 走过 使行走 n.散步 步行 人行道
4288,wall ,wɔ:l, n.墙 壁 围墙 城墙 墙状物 vt.用墙围住 用墙隔开 v.演戏般地转动(眼睛)
4289,wallet ,'wɔlit, n.钱包 皮夹子
4290,wander ,'wɔndə, vi.漫游 迷路 离题 徘徊 漫步 闲逛 蜿蜒 vt.漫步于 n.漫游 闲逛 徘徊
4291,want ,wɔnt, vt.要 想要 n.需要 缺乏 需求品
4292,war ,wɔ:, n.战争 冲突 斗争 竞争 vi.作战 斗争
4293,warm ,wɔ:m, adj.温暖的 暖和的 热烈的 热情的 v.使暖和 变暖 adv.温暖地
4294,warmth ,wɔ:mθ, n.暖和 温暖 热烈 热情 热心
4295,warn ,wɔ:n, vt.警告 告诫 预先通知 vi.发生警告
4296,wash ,wɔʃ, vt.洗 冲出 vi.洗涤 洗清 n.洗 洗濯 (美国西部)干河床
4297,waste ,weist, n.浪费 垃圾 荒地 v.浪费 滥用 消耗 adj.浪费的 无用的 荒芜的
4298,watch ,wɔtʃ, vt. & vi.观看 注视 看守 n.手表 看管 监视
4299,water ,'wɔ:tə, n.水 雨水 海水 海域 vt.使湿 灌溉 给...浇水 给...供水 加水稀释 形成水 喝水
4300,waterfall ,'wɔ:təfɔ:l, n.瀑布
4301,waterproof ,'wɔ:təpru:f, adj.不透水的 防水的 n.防水材料 (英)雨衣 vt.使...能防水
4302,wave ,weiv, n.波 波涛 波浪 波纹 vi.波动 挥动 飘动
4303,wavelength ,'weiv.leŋθ, n.波长 波段
4304,wax ,wæks, n.蜡 蜂蜡 (一阵)情绪 增大 vt. (用蜡)涂 得到...(更好的) vi.变大 增大
4305,way ,wei," n.路 路线 道路 方法 方式 方向 adv.非常 远远地 adj.与路线的中间点相关的,路线的中间点"
4306,we ,wi,pron.(主格)我们 abbr.=Wednesday
4307,weak ,wi:k, adj.弱的 软弱的 虚弱的 无力的 淡薄的 差的
4308,weaken ,'wi:kən, vt.削弱 弄淡 vi.变弱 使...弱
4309,weakness ,'wi:knis, n.虚弱 软弱 弱点
4310,wealth ,welθ, n.财富 财产 丰富 大量
4311,wealthy ,'welθi, adj.富的 富裕的 n.富人
4312,weapon ,'wepən, n.武器 兵器 vt.武装
4313,wear ,wɛə, vt.穿着 戴 磨损 n.穿着 磨损 耐久性
4314,weary ,ˈwɪəri,a.疲倦的 vt.使疲乏
4315,weather ,'weðə, n.天气 气候 气象 vt.经受住 使风化 使日晒雨淋 vi.风化 褪色 adj.上风的
4316,weave ,wi:v, vt.织 编 组合 编排 vi.纺织 编织 n.编法 织法 编织
4317,wedding ,'wediŋ, n.婚礼 结合
4318,Wednesday ,"'wenzdei, 'wenzdi", n.星期三
4319,weed ,wi:d, n.杂草 野草 weeds：衣服 丧服 vi.除草 清除 淘汰
4320,week ,wi:k, n.星期 周
4321,weekday ,'wi:kdei, n.周日 工作日
4322,weekend ,"wi:k'end, 'wi:kend", n.周末 周末假期 vi.过周末 adj.周末的
4323,weekly ,'wi:kli, adj.每周的 一周一次的 周刊的 adv.每周 一周一次 n.周刊 周报
4324,weep ,wi:p, vi.哭泣 流泪 悲叹 渗出 n.哭泣 <俚>眼泪
4325,weigh ,wei, vt.称...的重量 掂量 衡量 重达... n.重量 道路
4326,weight ,weit, n.重 体重 砝码 重担 vt.使...负重 使倾斜
4327,welcome ,'welkəm, vt.欢迎 adj.受欢迎的 n.欢迎 int.欢迎(客人来访或新成员的加入)
4328,weld ,weld, vt.焊接 熔接 使结合 n.焊接 焊缝
4329,welfare ,'welfɛə, n.幸福 福利 福利事业 adj.福利的
4330,well ,wel, n.井 源泉 楼梯井 adj.健康的 良好的 适宜的 adv.很好地 适当地 完全地 vi.涌出 int.好吧 啊 嘿
4331,well-known ,'wel'nəun, adj.众所周知的 出名的
4332,west ,west, n.西 西方 西部 西洋 adj.西方的 adv.向(在)西方
4333,western ,'westən, adj.西方的 西部的 西洋的 n.西方人 西部片 西部小说
4334,westward ,'westwəd, adj.向西的 西方的 adv.向西 n.西方 西部
4335,wet ,wet, adj.湿的 下雨的 雨天的 n.潮气 雨天vt.(使)弄湿
4336,what ,wɔt, pron.什么 adj.什么 任何 adv.什么 怎么
4337,whatever ,wɔt'evə, pron.无论什么 adj.不管怎样的 adv.无论如何 不管怎样
4338,wheat ,wi:t, n.小麦 小麦色
4339,wheel ,wi:l, n.轮 车轮 方向盘 周期 旋转 vi.旋转 转动 改变方向 vt.给...装轮子 用车运 转动
4340,when ,(h)wen, adv.什么时候 当...时 conj.当...时 然后 可是 pron.什么时候 n.时间
4341,whenever ,wen'evə, conj.无论何时 每当 随时adv.无论何时
4342,where ,(h)wɛə, adv.在哪里 pron.哪里 conj.在...地方
4343,wherever ,wɛər'evə, adv.究竟在哪里 无论什么地方 在...的各个地方 conj.无论在哪里
4344,whether ,'(h)weðə, conj.是否 无论 不管
4345,which ,(h)witʃ, pron.哪一个 哪些 adj.哪一个 哪一些
4346,whichever ,witʃ'evə, adj.无论哪个 无论哪些 pron.无论哪个
4347,while ,(h)wail, conj.当...的时候 然而 虽然 尽管 n.一会儿 一段时间 vt.消磨
4348,whilst ,wailst, conj. & n.当...的时候 可是 虽然 只要
4349,whip ,wip, vt. 鞭笞 抽打 鞭策 快速移动 搅拌 搅打 煽动 锁边 n. 鞭子 鞭打 鞭状物 蛋奶水果甜点心 搅拌器 政党的组织秘书
4350,whirl ,wə:l, vt. & vi.使...旋转 急转 回旋 迅速移动 n.回旋 旋转 繁忙 混乱 尝试
4351,whisky ,'wiski, n.威士忌酒 =whiskey
4352,whisper ,'wispə, vt. 低声地讲 耳语 私语 vi. 低语 低声说 窃窃私语 飒飒地响 n. 低语 窃窃私语 飒飒的声音 流言蜚语 踪迹 暗示
4353,whistle ,'wisl, n.口哨 汽笛 厂笛 啸啸声 用于召唤或发布命令的哨声 吹口哨 vi. 吹口哨 鸣汽笛 呼啸 吹口哨召唤 vt. 以吹口哨的方式发出 吹口哨发出信号或指引...
4354,white ,wait, adj.白色的 白种的 纯洁的 幸运的 n.白色 白种人
4355,whitewash ,'waitwɔʃ, vt.粉刷 涂白 用白色涂料粉刷 掩盖或粉饰 n.白色涂料 粉饰
4356,who ,hu:, pron.谁 ...的人
4357,whoever ,hu'evə, pron.无论谁 不管谁 任何人
4358,whole ,həul, adj.完整的 全部的 整体的 n.全部 完整 整体 adv.完全
4359,wholly ,'həulli, adv.完全地 全部 一概
4360,whom ,hu:m, pron.( who的宾格)谁
4361,whose ,hu:z, pron.谁的 哪个人的 adj.谁的
4362,why ,wai, adv.为什么 conj.为什么 ...的理由 int.咳 哎呀 n.理由 谜
4363,wicked ,'wikid, adj.坏的 令人厌恶的 邪恶的 缺德的 adv.极端地 非常地 vt.吸收
4364,wide ,waid, adj.宽阔的 广泛的 adv.全部地 广大地
4365,widely ,'waidli, adv.广 广泛地 adj.广泛的
4366,widen ,'waidn, vt.加宽 使变宽 vi.变宽
4367,widespread ,'waidspred, adj.分布(或散布)广的 普遍的
4368,widow ,'widəu, n.寡妇 遗孀 vt.使丧偶
4369,width ,widθ, n.宽阔 广阔 宽度
4370,wife ,waif, n.妻子 夫人    添加微信brcola获取更多免费资料
4371,wild ,waild, adj.野生的 野蛮的 未开发的 失去控制地 adv.失去控制地 胡乱地 n.荒野 荒地
4372,will ,wil, aux.v.将要 会 愿 必须 n.意志 决心 愿望 遗嘱 vt.决心 想要(某事发生) 将(财产)遗赠 规定 vi. 行使意志力 选择
4373,willing ,'wiliŋ, adj.愿意的 心甘情愿的
4374,win ,win, vi.获胜 赢 vt.赢得 n.胜利
4375,wind ,"wind,waind", n.风 气息 呼吸 v.使气急 吹(号角等) vt.绕 缠绕 vi.卷曲
4376,window ,'windəu, n.窗子 窗户 窗口 橱窗 视窗
4377,wine ,wain, n.葡萄酒 果酒 酒 紫红色vi.喝酒 vt.请...喝酒
4378,wing ,wiŋ, n.翼 翅膀 翅 (组织中的)派别 边锋 边房 vt.给...装上翼 飞过 空运 打伤...的翅膀 vi.飞行
4379,winner ,'winə, n.获胜者 优胜者
4380,winter ,'wintə, n.冬天 冬季 adj.冬天的 冬季生长的 vi.过冬 vt.对...进行过冬保护
4381,wipe ,waip, vt.擦 抹 揩 消除 拭去 用力打n.擦拭 用力打
4382,wire ,'waiə, n.金属线 电缆 电线 电信 电报 v.发电报 装电线 (通过电线)接通
4383,wireless ,'waiəlis, adj.不用电线的 无线的 n.无线电 收音机 v.用无线电发送(通讯)
4384,wisdom ,'wizdəm, n.智慧 才智 明智 至理名言 聪明
4385,wise ,waiz, adj.有智慧的 聪明的 明智的 有见识的 n.方式 方法 vt.引导 vi.知道 发觉
4386,wish ,wiʃ, vt.祝 想要 希望 n.希望 渴望 愿望 (复数)祝颂 命令
4387,wit ,wit, n.智力 才智 智能 机智
4388,with ,wið, prep.和...一起 具有 用 随着 包括
4389,withdraw ,wið'drɔ:, vt.收回 撤回 取回 撤退 vi.撤退 退回 走开
4390,within ,wi'ðin, prep.在...里面 adv.在内 n.里面 adj.在里面的
4391,without ,wið'aut, prep.无 没有 不 在外面 adv.在缺乏的情况下 在外面 conj.除非 n.外面 外部
4392,withstand ,wið'stænd, vt.抵挡 反抗 对抗 经得起 承受
4393,witness ,'witnis, n.证据 目击者 证人 vt.目击 见证 出席 观察 经历 vi.为(宗教信仰)做见证 证明
4394,wolf ,wulf, n.狼 残暴的人 v.狼吞虎咽
4395,woman ,'wumən, n.妇女 女人 女性 adj.女人的
4396,wonder ,'wʌndə, n.惊异 惊奇 奇迹 惊谔 v.惊奇 想知道 怀疑 adj.奇妙的 非凡的
4397,wonderful ,'wʌndəfəl, adj.惊人的 极好的 精彩的
4398,wood ,wud, n.树林 森林 木头 木材 v.提供、装载(木材) (以树木)覆盖 adj.木制的
4399,wooden ,'wudn, adj.木制的 呆板的 生硬笨拙的
4400,wool ,wul, n.羊毛 毛线 绒线 毛织品
4401,woollen ,'wulən, adj.羊毛制的 毛线的 n.毛织品
4402,word ,wə:d, n.词 单词 话 消息 语言 诺言 vt.用词语表达
4403,work ,wə:k, n. 工作 作品 职业 vi. 工作 创造 实现 做工作 起作用 操作 正常运转 成功 产生影响 逐渐进行 处理 vt. 造成 产生 使运转 锻造 奋力达到 利用
4404,worker ,'wə:kə, n.工人 工作者 人员
4405,workman ,'wə:kmən, n.工人 劳动者 工匠 技工
4406,workshop ,'wə:kʃɔp, n.车间 工场 创作室 研讨会 讲习班
4407,world ,wə:ld, n.世界 世人 世间 地球 领域 adj.世界的
4408,world-wide ,'wə:ld'waild, adj.遍及全球的 世界范围的
4409,worm ,wə:m, n.虫 蠕虫 可鄙之人 [计]蠕虫病毒 螺纹 v.蠕动 驱虫 慢慢探听出
4410,worry ,'wʌri, vt.使烦恼 使焦虑 撕咬 vi.发愁 担心 n.烦恼 担心 忧虑
4411,worse ,wə:s, adj.更坏的 更差的 adv.更坏 以更坏的方式 变得更坏 n.更坏的事物
4412,worship ,'wə:ʃip, n.礼拜 做礼拜 崇拜 爱慕 vt.崇拜 爱慕 vi.做礼拜
4413,worst ,wə:st, adj.最坏的 最差的 最不利的 形容词bad或ill的最高级 adv.最坏地 最差 n.最坏的事物 vt.打败 胜过
4414,worth ,wə:θ, adj.值...的 值得的 值钱的 n.价值 财富
4415,worthless ,'wə:θlis, adj.无价值的 无用的 可鄙的
4416,worthwhile ,'wə:θ'wail, adj.值得花时间(做)的
4417,worthy ,'wə:ði, adj.有价值的 可尊敬的 值得的 配得上的 n.知名人士 杰出人物
4418,would ,wud, aux.v.将 愿 愿意 总是 总会 可能 大概 will的过去式
4419,wound ,wu:nd, n.创伤 伤口 伤 vt.使受伤 使伤害
4420,wrap ,ræp, vt.裹 包 捆 覆盖 包围 n.披肩 围巾 包装材料
4421,wreath ,ri:θ, n.花环 花圈 花冠
4422,wreck ,rek, n.失事 残骸 vt.破坏 使遇难 使失事 遇难
4423,wrist ,rist, n.腕 腕关节 手腕 护腕
4424,write ,rait, vt.书写 写 vi.写 
4425,writer ,'raitə, n.作者 作家 文学家
4426,writing ,'raitiŋ, n.书写 写 著作 写作 笔迹 作品 动词write的现在分词形式
4427,wrong ,rɔŋ, adj.错误的 有毛病的 不正常的 adv.错 不对 n.错误 不公正 坏事 vt.冤枉 委屈(某人) 不公正地对待
4428,X-ray ,'eksrei, n.X射线 X光 X光机 X光照片 vt.用X射线检查
4429,yard ,jɑ:d, n.院子 庭院 场地 码(长度单位)
4430,yawn ,jɔ:n, vi.打呵欠 n.呵欠
4431,year ,"jə:, jiə", n.年 年年 年度 年龄 学年 
4432,yearly ,'jə:li, adj.每年的 adv.一年一度地 每年地
4433,yell ,jel, vi.叫喊 n.大喊
4434,yellow ,'jeləu, adj.黄(色)的 n.黄(色) 蛋黄 黄种人 v.(使)变黄
4435,yes ,jes, adv.是 是的 n.是(表示肯定)
4436,yesterday ,'jestədi, n. & adv.昨天 昨日 近来
4437,yet ,jet, adv.还 已经 仍然 conj.而 然而 但是
4438,yield ,ji:ld, vt. & vi.出产 屈服 投降 弯下去 凹下去 n.产量 生产量 投资收益
4439,you ,ju:, pron.你 你们
4440,young ,jʌŋ, adj.年轻的 没有经验的 初期的 n.青年人 幼崽
4441,your ,juə, pron.你的 你们的 yours [jɔ:z] pron.你们的(东西)
4442,yourself ,jɔ:'self, pron.你(们)自己 你(们)亲自
4443,youth ,ju:θ, n.青春 青年人 青年 年轻 初期
4444,youthful ,'ju:θfəl, adj.年轻的 青年的 有青春活力的
4445,zeal ,zi:l, n.热心 热情 热忱
4446,zealous ,'zeləs, adj.热心的 热情的 狂热的 热衷的
4447,zebra ,'zi:brə, n.斑马 斑马线
4448,zero ,'ziərəu, n. 零 零点 零度 最低点 完全没有 无足轻重的人或物 adj. 零的 无价值的 零视度的 v. 把...调零 瞄准 集中注意 迫近
4449,zone ,zəun," n.地区 区域 范围 地域 地带 vt.划分成带, 标出或指定成区, 用腰带围绕 adj.地区性的, 地域上的"
4450,zoo ,zu:, n.动物园 拥挤杂乱的地方
